Hydrolab DS5 46712,,,,,,,,,,
Log File Name : Deploy46712_20200909,,,,,,,,,,
Setup Date (M/D/YYYY) : 9/9/2020,,,,,,,,,,
Setup Time (HH:MM:SS) : 18:40:14,,,,,,,,,,
Starting Date (M/D/YYYY) : 9/10/2020,,,,,,,,,,
Starting Time (HH:MM:SS) : 08:00:00,,,,,,,,,,
Stopping Date (M/D/YYYY) : 10/30/2020,,,,,,,,,,
Stopping Time (HH:MM:SS) : 08:00:00,,,,,,,,,,
Interval (HH:MM:SS) : 00:15:00,,,,,,,,,,
Sensor warmup (HH:MM:SS) : 00:02:00,,,,,,,,,,
Circltr warmup (HH:MM:SS) : 00:02:00,,,,,,,,,,
,,,,,,,,,,
Date,Time,Temp,pH,SpCond,TurbSC,LDO%,IBatt,Circ,LoggerID,SiteID
M/D/YYYY,HH:MM:SS,°C,Units,µS/cm,NTU,Sat,%Left,Status,,
,,,,,,,,,,
9/10/20,8:00:00,21.2,7.01,0,0,101.3,100,1,Hydrolab DS5 46712,Mile28
9/10/20,8:15:00,21.27,7.01,0,0,101.2,100,1,Hydrolab DS5 46712,Mile28
9/10/20,8:30:00,21.46,7.01,0,0,101.5,100,1,Hydrolab DS5 46712,Mile28
9/10/20,8:45:00,19.44,7.01,0,0,99.7,100,1,Hydrolab DS5 46712,Mile28
9/10/20,9:00:00,18.25,7.01,0,0,97.6,100,1,Hydrolab DS5 46712,Mile28
9/10/20,9:15:00,17.23,7.01,0,0,98.3,100,1,Hydrolab DS5 46712,Mile28
9/10/20,9:30:00,16.66,7.01,0,0,97.6,100,1,Hydrolab DS5 46712,Mile28
9/10/20,9:45:00,16.26,7.01,0,0,98.3,100,1,Hydrolab DS5 46712,Mile28
9/10/20,10:00:00,15.97,7.01,0,0,99.7,100,1,Hydrolab DS5 46712,Mile28
9/10/20,10:15:00,16.06,7.01,0,0,98.4,100,1,Hydrolab DS5 46712,Mile28
9/10/20,10:30:00,15.73,7.01,0,0,97.4,100,1,Hydrolab DS5 46712,Mile28
9/10/20,10:45:00,15.37,7.01,0,0,97.7,100,1,Hydrolab DS5 46712,Mile28
9/10/20,11:00:00,11.83,7.01,1,0,99.8,100,1,Hydrolab DS5 46712,Mile28
9/10/20,11:15:00,5.2,7.01,206,68.2,94.8,100,1,Hydrolab DS5 46712,Mile28
9/10/20,11:30:00,5.2,7.02,206,22.3,94.8,100,1,Hydrolab DS5 46712,Mile28
9/10/20,11:45:00,5.19,7.02,205,29.8,94.9,100,1,Hydrolab DS5 46712,Mile28
9/10/20,12:00:00,5.18,7.02,206,24,95.2,98,1,Hydrolab DS5 46712,Mile28
9/10/20,12:15:00,5.18,7.01,205,22.2,95.2,98,1,Hydrolab DS5 46712,Mile28
9/10/20,12:30:00,5.18,7.01,205,43.3,95.2,96,1,Hydrolab DS5 46712,Mile28
9/10/20,12:45:00,5.21,7.01,206,84.4,95.7,96,1,Hydrolab DS5 46712,Mile28
9/10/20,13:00:00,5.24,7.01,205,32.2,95.8,96,1,Hydrolab DS5 46712,Mile28
9/10/20,13:15:00,5.25,7.01,205,27.9,96,96,1,Hydrolab DS5 46712,Mile28
9/10/20,13:30:00,5.27,7.02,206,29.3,96.2,96,1,Hydrolab DS5 46712,Mile28
9/10/20,13:45:00,5.28,7.02,205,82.9,96.3,94,1,Hydrolab DS5 46712,Mile28
9/10/20,14:00:00,5.29,7.01,205,27.6,96.3,94,1,Hydrolab DS5 46712,Mile28
9/10/20,14:15:00,5.3,7.02,205,27.6,96.5,94,1,Hydrolab DS5 46712,Mile28
9/10/20,14:30:00,5.3,7.01,205,30.9,96.5,94,1,Hydrolab DS5 46712,Mile28
9/10/20,14:45:00,5.29,7.02,204,22.3,96.4,94,1,Hydrolab DS5 46712,Mile28
9/10/20,15:00:00,5.28,7.02,205,33.2,96.5,93,1,Hydrolab DS5 46712,Mile28
9/10/20,15:15:00,5.28,7.02,205,42.8,96.7,93,1,Hydrolab DS5 46712,Mile28
9/10/20,15:30:00,5.27,7.01,204,35.9,96.8,93,1,Hydrolab DS5 46712,Mile28
9/10/20,15:45:00,5.27,7.01,204,38.9,96.8,93,1,Hydrolab DS5 46712,Mile28
9/10/20,16:00:00,5.26,7.01,204,71.8,96.9,93,1,Hydrolab DS5 46712,Mile28
9/10/20,16:15:00,5.27,7.01,204,52.7,96.6,93,1,Hydrolab DS5 46712,Mile28
9/10/20,16:30:00,5.28,7.01,203,53.8,96.8,93,1,Hydrolab DS5 46712,Mile28
9/10/20,16:45:00,5.28,7.01,203,34.6,96.9,93,1,Hydrolab DS5 46712,Mile28
9/10/20,17:00:00,5.29,7.01,203,35.3,97.1,93,1,Hydrolab DS5 46712,Mile28
9/10/20,17:15:00,5.3,7.02,203,39.3,97.2,91,1,Hydrolab DS5 46712,Mile28
9/10/20,17:30:00,5.31,7.01,203,49,97.3,91,1,Hydrolab DS5 46712,Mile28
9/10/20,17:45:00,5.31,7.01,202,78.8,97.1,91,1,Hydrolab DS5 46712,Mile28
9/10/20,18:00:00,5.31,7.02,203,70.1,97.3,91,1,Hydrolab DS5 46712,Mile28
9/10/20,18:15:00,5.31,7.02,202,149.6,97.3,91,1,Hydrolab DS5 46712,Mile28
9/10/20,18:30:00,5.31,7.01,202,42.3,97.1,91,1,Hydrolab DS5 46712,Mile28
9/10/20,18:45:00,5.3,7.01,202,34.9,97.3,89,1,Hydrolab DS5 46712,Mile28
9/10/20,19:00:00,5.3,7.01,201,51.3,97.3,89,1,Hydrolab DS5 46712,Mile28
9/10/20,19:15:00,5.28,7.02,201,89.5,97.2,89,1,Hydrolab DS5 46712,Mile28
9/10/20,19:30:00,5.27,7.02,201,85.4,96.9,89,1,Hydrolab DS5 46712,Mile28
9/10/20,19:45:00,5.26,7.01,201,76.9,96.9,89,1,Hydrolab DS5 46712,Mile28
9/10/20,20:00:00,5.24,7.02,201,62.9,96.6,89,1,Hydrolab DS5 46712,Mile28
9/10/20,20:15:00,5.22,7.02,200,50,96.6,87,1,Hydrolab DS5 46712,Mile28
9/10/20,20:30:00,5.2,7.01,200,59.9,96.5,87,1,Hydrolab DS5 46712,Mile28
9/10/20,20:45:00,5.18,7.02,200,44.7,96.3,87,1,Hydrolab DS5 46712,Mile28
9/10/20,21:00:00,5.15,7.02,200,80,96,87,1,Hydrolab DS5 46712,Mile28
9/10/20,21:15:00,5.13,7.01,200,79.5,96,87,1,Hydrolab DS5 46712,Mile28
9/10/20,21:30:00,5.11,7.02,199,57.1,96.1,87,1,Hydrolab DS5 46712,Mile28
9/10/20,21:45:00,5.09,7.02,198,61.7,95.9,87,1,Hydrolab DS5 46712,Mile28
9/10/20,22:00:00,5.07,7.01,199,47.8,95.8,87,1,Hydrolab DS5 46712,Mile28
9/10/20,22:15:00,5.06,7.01,198,54.9,95.9,87,1,Hydrolab DS5 46712,Mile28
9/10/20,22:30:00,5.05,7.01,198,75.7,95.5,87,1,Hydrolab DS5 46712,Mile28
9/10/20,22:45:00,5.05,7.01,198,61.1,95.5,86,1,Hydrolab DS5 46712,Mile28
9/10/20,23:00:00,5.04,7.01,198,46.4,95.4,86,1,Hydrolab DS5 46712,Mile28
9/10/20,23:15:00,5.03,7.01,197,59.4,95.2,86,1,Hydrolab DS5 46712,Mile28
9/10/20,23:30:00,5.03,7.01,197,61,95.3,86,1,Hydrolab DS5 46712,Mile28
9/10/20,23:45:00,5.02,7.01,196,59,95.4,86,1,Hydrolab DS5 46712,Mile28
9/11/20,0:00:00,5.01,7.02,196,59,95.3,86,1,Hydrolab DS5 46712,Mile28
9/11/20,0:15:00,5,7.01,196,47.7,95,86,1,Hydrolab DS5 46712,Mile28
9/11/20,0:30:00,4.99,7.01,196,77.2,95.1,86,1,Hydrolab DS5 46712,Mile28
9/11/20,0:45:00,4.98,7.02,196,54.1,95,86,1,Hydrolab DS5 46712,Mile28
9/11/20,1:00:00,4.97,7.01,195,103.6,94.7,86,1,Hydrolab DS5 46712,Mile28
9/11/20,1:15:00,4.97,7.02,195,62.1,94.8,86,1,Hydrolab DS5 46712,Mile28
9/11/20,1:30:00,4.96,7.02,195,114.7,95,86,1,Hydrolab DS5 46712,Mile28
9/11/20,1:45:00,4.96,7.02,194,108.1,94.9,84,1,Hydrolab DS5 46712,Mile28
9/11/20,2:00:00,4.96,7.02,195,67.9,94.6,84,1,Hydrolab DS5 46712,Mile28
9/11/20,2:15:00,4.95,7.01,194,63.7,94.6,84,1,Hydrolab DS5 46712,Mile28
9/11/20,2:30:00,4.94,7.02,194,122.4,94.6,84,1,Hydrolab DS5 46712,Mile28
9/11/20,2:45:00,4.93,7.01,194,99.1,94.5,84,1,Hydrolab DS5 46712,Mile28
9/11/20,3:00:00,4.93,7.01,194,82.3,94.7,84,1,Hydrolab DS5 46712,Mile28
9/11/20,3:15:00,4.92,7.01,193,132.4,94.4,84,1,Hydrolab DS5 46712,Mile28
9/11/20,3:30:00,4.91,7.01,193,59,94.4,84,1,Hydrolab DS5 46712,Mile28
9/11/20,3:45:00,4.9,7.01,193,91.7,94.4,84,1,Hydrolab DS5 46712,Mile28
9/11/20,4:00:00,4.9,7.01,193,101.8,94.4,84,1,Hydrolab DS5 46712,Mile28
9/11/20,4:15:00,4.9,7.01,193,72.7,94.3,82,1,Hydrolab DS5 46712,Mile28
9/11/20,4:30:00,4.89,7.02,193,92.4,94.4,84,1,Hydrolab DS5 46712,Mile28
9/11/20,4:45:00,4.88,7.01,193,71.4,93.9,82,1,Hydrolab DS5 46712,Mile28
9/11/20,5:00:00,4.87,7.01,193,65.9,94.3,82,1,Hydrolab DS5 46712,Mile28
9/11/20,5:15:00,4.86,7.01,192,121.7,93.6,82,1,Hydrolab DS5 46712,Mile28
9/11/20,5:30:00,4.85,7.02,193,110.1,93.6,82,1,Hydrolab DS5 46712,Mile28
9/11/20,5:45:00,4.84,7.02,192,99.9,93.4,82,1,Hydrolab DS5 46712,Mile28
9/11/20,6:00:00,4.83,7.01,192,67.4,93.7,82,1,Hydrolab DS5 46712,Mile28
9/11/20,6:15:00,4.82,7.01,192,109.6,94,82,1,Hydrolab DS5 46712,Mile28
9/11/20,6:30:00,4.8,7.02,192,71.4,94,82,1,Hydrolab DS5 46712,Mile28
9/11/20,6:45:00,4.79,7.01,192,117.5,93.9,82,1,Hydrolab DS5 46712,Mile28
9/11/20,7:00:00,4.78,7.02,192,84.2,94,82,1,Hydrolab DS5 46712,Mile28
9/11/20,7:15:00,4.77,7.02,192,105.8,93.6,81,1,Hydrolab DS5 46712,Mile28
9/11/20,7:30:00,4.76,7.01,192,104.2,93.9,82,1,Hydrolab DS5 46712,Mile28
9/11/20,7:45:00,4.75,7.02,192,949,93.9,81,1,Hydrolab DS5 46712,Mile28
9/11/20,8:00:00,4.74,7.01,192,61.8,93.8,81,1,Hydrolab DS5 46712,Mile28
9/11/20,8:15:00,4.73,7.02,192,74.3,93.7,81,1,Hydrolab DS5 46712,Mile28
9/11/20,8:30:00,4.73,7.01,192,83.1,93.6,81,1,Hydrolab DS5 46712,Mile28
9/11/20,8:45:00,4.72,7.02,192,94.9,93.5,81,1,Hydrolab DS5 46712,Mile28
9/11/20,9:00:00,4.71,7.02,192,126.1,93.6,81,1,Hydrolab DS5 46712,Mile28
9/11/20,9:15:00,4.71,7.01,192,98.4,93.7,81,1,Hydrolab DS5 46712,Mile28
9/11/20,9:30:00,4.7,7.01,192,115.1,93.8,81,1,Hydrolab DS5 46712,Mile28
9/11/20,9:45:00,4.7,7.02,192,87.5,93.9,81,1,Hydrolab DS5 46712,Mile28
9/11/20,10:00:00,4.7,7.01,192,83.4,93.9,81,1,Hydrolab DS5 46712,Mile28
9/11/20,10:15:00,4.7,7.01,192,140.9,93.6,81,1,Hydrolab DS5 46712,Mile28
9/11/20,10:30:00,4.7,7.02,192,107.7,93.6,81,1,Hydrolab DS5 46712,Mile28
9/11/20,10:45:00,4.69,7.02,192,55.9,93.9,81,1,Hydrolab DS5 46712,Mile28
9/11/20,11:00:00,4.69,7.02,193,80.6,93.9,79,1,Hydrolab DS5 46712,Mile28
9/11/20,11:15:00,4.7,7.02,192,73.4,93.9,79,1,Hydrolab DS5 46712,Mile28
9/11/20,11:30:00,4.71,7.01,192,124.7,94,79,1,Hydrolab DS5 46712,Mile28
9/11/20,11:45:00,4.71,7.02,192,63.3,94,79,1,Hydrolab DS5 46712,Mile28
9/11/20,12:00:00,4.72,7.01,192,67.7,94.2,79,1,Hydrolab DS5 46712,Mile28
9/11/20,12:15:00,4.73,7.01,193,63.7,94.2,79,1,Hydrolab DS5 46712,Mile28
9/11/20,12:30:00,4.74,7.02,192,115.7,94.3,79,1,Hydrolab DS5 46712,Mile28
9/11/20,12:45:00,4.74,7.01,193,87.7,94.4,79,1,Hydrolab DS5 46712,Mile28
9/11/20,13:00:00,4.74,7.01,193,56.2,94.4,79,1,Hydrolab DS5 46712,Mile28
9/11/20,13:15:00,4.75,7.01,193,42.8,94.4,79,1,Hydrolab DS5 46712,Mile28
9/11/20,13:30:00,4.75,7.01,193,63.1,94.5,79,1,Hydrolab DS5 46712,Mile28
9/11/20,13:45:00,4.76,7.02,193,121.5,94.5,79,1,Hydrolab DS5 46712,Mile28
9/11/20,14:00:00,4.76,7.01,192,52.6,94.6,79,1,Hydrolab DS5 46712,Mile28
9/11/20,14:15:00,4.77,7.02,193,64.5,94.5,79,1,Hydrolab DS5 46712,Mile28
9/11/20,14:30:00,4.77,7.01,193,64.1,94.6,79,1,Hydrolab DS5 46712,Mile28
9/11/20,14:45:00,4.78,7.02,193,98.2,94.8,79,1,Hydrolab DS5 46712,Mile28
9/11/20,15:00:00,4.78,7.02,193,107,94.8,79,1,Hydrolab DS5 46712,Mile28
9/11/20,15:15:00,4.79,7.01,193,50.9,94.9,79,1,Hydrolab DS5 46712,Mile28
9/11/20,15:30:00,4.8,7.01,193,79.7,95.2,77,1,Hydrolab DS5 46712,Mile28
9/11/20,15:45:00,4.81,7.01,194,86.6,94.8,77,1,Hydrolab DS5 46712,Mile28
9/11/20,16:00:00,4.8,7.01,193,59.1,95.2,77,1,Hydrolab DS5 46712,Mile28
9/11/20,16:15:00,4.8,7.02,194,45.1,94.9,77,1,Hydrolab DS5 46712,Mile28
9/11/20,16:30:00,4.79,7.02,193,155,94.6,77,1,Hydrolab DS5 46712,Mile28
9/11/20,16:45:00,4.78,7.01,194,48.1,94.8,77,1,Hydrolab DS5 46712,Mile28
9/11/20,17:00:00,4.77,7.01,194,48.2,94.6,77,1,Hydrolab DS5 46712,Mile28
9/11/20,17:15:00,4.77,7.01,193,47.2,94.6,77,1,Hydrolab DS5 46712,Mile28
9/11/20,17:30:00,4.77,7.02,194,64.8,94.5,77,1,Hydrolab DS5 46712,Mile28
9/11/20,17:45:00,4.76,7.01,194,50.3,94.5,77,1,Hydrolab DS5 46712,Mile28
9/11/20,18:00:00,4.77,7.02,194,48.5,94.4,77,1,Hydrolab DS5 46712,Mile28
9/11/20,18:15:00,4.77,7.02,194,51.7,94.5,77,1,Hydrolab DS5 46712,Mile28
9/11/20,18:30:00,4.77,7.02,194,145.8,94.6,76,1,Hydrolab DS5 46712,Mile28
9/11/20,18:45:00,4.77,7.02,194,48.6,94.4,77,1,Hydrolab DS5 46712,Mile28
9/11/20,19:00:00,4.77,7.01,194,52.6,94.6,77,1,Hydrolab DS5 46712,Mile28
9/11/20,19:15:00,4.77,7.01,195,94.1,94.6,76,1,Hydrolab DS5 46712,Mile28
9/11/20,19:30:00,4.77,7.01,194,300.3,94.7,76,1,Hydrolab DS5 46712,Mile28
9/11/20,19:45:00,4.77,7.01,195,34.6,94.7,76,1,Hydrolab DS5 46712,Mile28
9/11/20,20:00:00,4.77,7.01,195,57.4,94.6,76,1,Hydrolab DS5 46712,Mile28
9/11/20,20:15:00,4.77,7.02,194,39.4,94.4,76,1,Hydrolab DS5 46712,Mile28
9/11/20,20:30:00,4.77,7.01,194,69.1,94.3,76,1,Hydrolab DS5 46712,Mile28
9/11/20,20:45:00,4.76,7.01,195,64.5,94.4,76,1,Hydrolab DS5 46712,Mile28
9/11/20,21:00:00,4.76,7.01,195,86.3,94.3,76,1,Hydrolab DS5 46712,Mile28
9/11/20,21:15:00,4.76,7.02,195,94.5,94.2,74,1,Hydrolab DS5 46712,Mile28
9/11/20,21:30:00,4.75,7.02,195,84.1,94.4,76,1,Hydrolab DS5 46712,Mile28
9/11/20,21:45:00,4.75,7.02,195,27.4,94.1,74,1,Hydrolab DS5 46712,Mile28
9/11/20,22:00:00,4.75,7.01,195,39.6,94.1,74,1,Hydrolab DS5 46712,Mile28
9/11/20,22:15:00,4.75,7.01,195,38.8,94,74,1,Hydrolab DS5 46712,Mile28
9/11/20,22:30:00,4.74,7.01,195,62.4,94.1,74,1,Hydrolab DS5 46712,Mile28
9/11/20,22:45:00,4.74,7.02,195,46.9,94.1,74,1,Hydrolab DS5 46712,Mile28
9/11/20,23:00:00,4.74,7.02,195,38.2,94.1,74,1,Hydrolab DS5 46712,Mile28
9/11/20,23:15:00,4.74,7.01,195,59.2,93.9,74,1,Hydrolab DS5 46712,Mile28
9/11/20,23:30:00,4.73,7.01,196,63.9,93.9,74,1,Hydrolab DS5 46712,Mile28
9/11/20,23:45:00,4.73,7.02,196,45.3,93.8,74,1,Hydrolab DS5 46712,Mile28
9/12/20,0:00:00,4.72,7.01,195,96.8,93.6,74,1,Hydrolab DS5 46712,Mile28
9/12/20,0:15:00,4.72,7.02,196,29.1,93.5,74,1,Hydrolab DS5 46712,Mile28
9/12/20,0:30:00,4.71,7.02,195,35.4,93.4,74,1,Hydrolab DS5 46712,Mile28
9/12/20,0:45:00,4.7,7.01,196,84,93.7,74,1,Hydrolab DS5 46712,Mile28
9/12/20,1:00:00,4.7,7.01,196,67.4,93.5,74,1,Hydrolab DS5 46712,Mile28
9/12/20,1:15:00,4.69,7.01,196,50.6,93.3,74,1,Hydrolab DS5 46712,Mile28
9/12/20,1:30:00,4.68,7.02,196,33.6,93.3,74,1,Hydrolab DS5 46712,Mile28
9/12/20,1:45:00,4.67,7.02,196,42.4,93.3,74,1,Hydrolab DS5 46712,Mile28
9/12/20,2:00:00,4.66,7.01,196,36.7,93.2,74,1,Hydrolab DS5 46712,Mile28
9/12/20,2:15:00,4.65,7.02,196,35.4,93,72,1,Hydrolab DS5 46712,Mile28
9/12/20,2:30:00,4.64,7.02,196,33.8,93,72,1,Hydrolab DS5 46712,Mile28
9/12/20,2:45:00,4.63,7.01,196,97.9,93,72,1,Hydrolab DS5 46712,Mile28
9/12/20,3:00:00,4.62,7.01,196,42.6,92.6,72,1,Hydrolab DS5 46712,Mile28
9/12/20,3:15:00,4.62,7.02,196,37.3,92.9,72,1,Hydrolab DS5 46712,Mile28
9/12/20,3:30:00,4.6,7.01,196,57,93.1,72,1,Hydrolab DS5 46712,Mile28
9/12/20,3:45:00,4.59,7.01,196,46.3,92.9,72,1,Hydrolab DS5 46712,Mile28
9/12/20,4:00:00,4.57,7.02,197,60.2,92.8,72,1,Hydrolab DS5 46712,Mile28
9/12/20,4:15:00,4.55,7.01,197,46.5,92.8,72,1,Hydrolab DS5 46712,Mile28
9/12/20,4:30:00,4.54,7.01,196,48.7,92.8,72,1,Hydrolab DS5 46712,Mile28
9/12/20,4:45:00,4.52,7.01,197,44.4,92.3,72,1,Hydrolab DS5 46712,Mile28
9/12/20,5:00:00,4.52,7.01,197,28.6,92.3,72,1,Hydrolab DS5 46712,Mile28
9/12/20,5:15:00,4.51,7.01,196,98.4,92,72,1,Hydrolab DS5 46712,Mile28
9/12/20,5:30:00,4.5,7.01,196,70.6,92.1,72,1,Hydrolab DS5 46712,Mile28
9/12/20,5:45:00,4.49,7.02,197,34.6,92.2,71,1,Hydrolab DS5 46712,Mile28
9/12/20,6:00:00,4.48,7.01,196,54.1,92.3,72,1,Hydrolab DS5 46712,Mile28
9/12/20,6:15:00,4.47,7.02,197,51.4,92.6,71,1,Hydrolab DS5 46712,Mile28
9/12/20,6:30:00,4.45,7.02,197,26,92.6,71,1,Hydrolab DS5 46712,Mile28
9/12/20,6:45:00,4.44,7.01,197,75.5,92.4,71,1,Hydrolab DS5 46712,Mile28
9/12/20,7:00:00,4.43,7.01,197,59.8,92.6,71,1,Hydrolab DS5 46712,Mile28
9/12/20,7:15:00,4.42,7.02,197,72.2,92.5,71,1,Hydrolab DS5 46712,Mile28
9/12/20,7:30:00,4.41,7.02,197,49.7,92.6,71,1,Hydrolab DS5 46712,Mile28
9/12/20,7:45:00,4.4,7.02,197,42.3,92.7,71,1,Hydrolab DS5 46712,Mile28
9/12/20,8:00:00,4.4,7.01,197,26.1,92.6,71,1,Hydrolab DS5 46712,Mile28
9/12/20,8:15:00,4.4,7.01,197,75.9,92.6,71,1,Hydrolab DS5 46712,Mile28
9/12/20,8:30:00,4.39,7.01,197,36.8,92.4,71,1,Hydrolab DS5 46712,Mile28
9/12/20,8:45:00,4.39,7.01,198,75.1,92.5,71,1,Hydrolab DS5 46712,Mile28
9/12/20,9:00:00,4.39,7.01,198,40,92.5,69,1,Hydrolab DS5 46712,Mile28
9/12/20,9:15:00,4.4,7.01,197,27.3,92.9,71,1,Hydrolab DS5 46712,Mile28
9/12/20,9:30:00,4.4,7.02,197,29.5,93.1,69,1,Hydrolab DS5 46712,Mile28
9/12/20,9:45:00,4.41,7.01,198,37.8,93.2,69,1,Hydrolab DS5 46712,Mile28
9/12/20,10:00:00,4.42,7.01,198,45,93.2,69,1,Hydrolab DS5 46712,Mile28
9/12/20,10:15:00,4.42,7.02,197,59,93.4,69,1,Hydrolab DS5 46712,Mile28
9/12/20,10:30:00,4.44,7.01,198,20.2,93.4,69,1,Hydrolab DS5 46712,Mile28
9/12/20,10:45:00,4.44,7.01,198,22.8,93.6,69,1,Hydrolab DS5 46712,Mile28
9/12/20,11:00:00,4.46,7.02,198,34.3,92.9,69,1,Hydrolab DS5 46712,Mile28
9/12/20,11:15:00,4.47,7.02,198,111.7,93,69,1,Hydrolab DS5 46712,Mile28
9/12/20,11:30:00,4.51,7.01,198,61,93.1,69,1,Hydrolab DS5 46712,Mile28
9/12/20,11:45:00,4.53,7.01,198,48.6,93.2,69,1,Hydrolab DS5 46712,Mile28
9/12/20,12:00:00,4.58,7.01,198,31.6,93.3,69,1,Hydrolab DS5 46712,Mile28
9/12/20,12:15:00,4.59,7.01,199,17,93.3,69,1,Hydrolab DS5 46712,Mile28
9/12/20,12:30:00,4.64,7.01,198,19.4,93.4,69,1,Hydrolab DS5 46712,Mile28
9/12/20,12:45:00,4.69,7.01,198,15.7,93.4,69,1,Hydrolab DS5 46712,Mile28
9/12/20,13:00:00,4.74,7.02,199,20.9,93.9,69,1,Hydrolab DS5 46712,Mile28
9/12/20,13:15:00,4.74,7.01,198,67.4,94,69,1,Hydrolab DS5 46712,Mile28
9/12/20,13:30:00,4.76,7.02,199,24.7,94.5,69,1,Hydrolab DS5 46712,Mile28
9/12/20,13:45:00,4.79,7.01,199,15.6,94.4,69,1,Hydrolab DS5 46712,Mile28
9/12/20,14:00:00,4.86,7.01,199,28.9,94.6,69,1,Hydrolab DS5 46712,Mile28
9/12/20,14:15:00,4.92,7.01,199,26.6,94.6,69,1,Hydrolab DS5 46712,Mile28
9/12/20,14:30:00,4.96,7.01,199,23.6,94.8,68,1,Hydrolab DS5 46712,Mile28
9/12/20,14:45:00,4.99,7.02,199,17.3,95,68,1,Hydrolab DS5 46712,Mile28
9/12/20,15:00:00,5.02,7.02,200,18.8,94.9,69,1,Hydrolab DS5 46712,Mile28
9/12/20,15:15:00,5.06,7.02,199,30.6,95,68,1,Hydrolab DS5 46712,Mile28
9/12/20,15:30:00,5.11,7.01,200,13.8,95.6,68,1,Hydrolab DS5 46712,Mile28
9/12/20,15:45:00,5.17,7.02,200,16.4,95.8,68,1,Hydrolab DS5 46712,Mile28
9/12/20,16:00:00,5.22,7.01,200,25.1,95.9,68,1,Hydrolab DS5 46712,Mile28
9/12/20,16:15:00,5.27,7.01,200,33,96.3,68,1,Hydrolab DS5 46712,Mile28
9/12/20,16:30:00,5.32,7.02,199,20,96,68,1,Hydrolab DS5 46712,Mile28
9/12/20,16:45:00,5.37,7.01,200,63.4,96,68,1,Hydrolab DS5 46712,Mile28
9/12/20,17:00:00,5.4,7.02,199,17.8,96.2,68,1,Hydrolab DS5 46712,Mile28
9/12/20,17:15:00,5.42,7.01,200,23.8,96.1,68,1,Hydrolab DS5 46712,Mile28
9/12/20,17:30:00,5.42,7.01,200,16.1,96.3,68,1,Hydrolab DS5 46712,Mile28
9/12/20,17:45:00,5.42,7.01,200,25.6,96.3,68,1,Hydrolab DS5 46712,Mile28
9/12/20,18:00:00,5.4,7.02,200,110.5,95.7,68,1,Hydrolab DS5 46712,Mile28
9/12/20,18:15:00,5.4,7.01,200,102.9,95.4,68,1,Hydrolab DS5 46712,Mile28
9/12/20,18:30:00,5.39,7.02,200,86.4,96.4,68,1,Hydrolab DS5 46712,Mile28
9/12/20,18:45:00,5.39,7.02,200,28,96.3,68,1,Hydrolab DS5 46712,Mile28
9/12/20,19:00:00,5.38,7.02,200,36.5,96.2,68,1,Hydrolab DS5 46712,Mile28
9/12/20,19:15:00,5.37,7.01,200,15.2,96.1,68,1,Hydrolab DS5 46712,Mile28
9/12/20,19:30:00,5.36,7.01,200,16.5,95.9,68,1,Hydrolab DS5 46712,Mile28
9/12/20,19:45:00,5.35,7.01,200,15.1,95.8,68,1,Hydrolab DS5 46712,Mile28
9/12/20,20:00:00,5.34,7.02,200,17.4,95.6,68,1,Hydrolab DS5 46712,Mile28
9/12/20,20:15:00,5.33,7.02,200,42.8,95.6,68,1,Hydrolab DS5 46712,Mile28
9/12/20,20:30:00,5.31,7.02,201,21,95.5,68,1,Hydrolab DS5 46712,Mile28
9/12/20,20:45:00,5.29,7.01,201,17.7,95.2,68,1,Hydrolab DS5 46712,Mile28
9/12/20,21:00:00,5.27,7.01,200,21.5,95,68,1,Hydrolab DS5 46712,Mile28
9/12/20,21:15:00,5.25,7.01,200,51.8,94.9,68,1,Hydrolab DS5 46712,Mile28
9/12/20,21:30:00,5.23,7.01,201,19.6,94.8,68,1,Hydrolab DS5 46712,Mile28
9/12/20,21:45:00,5.2,7.01,201,25.3,94.5,68,1,Hydrolab DS5 46712,Mile28
9/12/20,22:00:00,5.17,7.02,201,55.1,94.3,66,1,Hydrolab DS5 46712,Mile28
9/12/20,22:15:00,5.14,7.01,201,11,94.1,66,1,Hydrolab DS5 46712,Mile28
9/12/20,22:30:00,5.12,7.01,201,21.2,94,66,1,Hydrolab DS5 46712,Mile28
9/12/20,22:45:00,5.09,7.02,201,26.7,93.8,66,1,Hydrolab DS5 46712,Mile28
9/12/20,23:00:00,5.06,7.01,200,47.6,93.7,66,1,Hydrolab DS5 46712,Mile28
9/12/20,23:15:00,5.04,7.01,200,33.5,93.5,66,1,Hydrolab DS5 46712,Mile28
9/12/20,23:30:00,5.01,7.01,201,20.6,93.5,66,1,Hydrolab DS5 46712,Mile28
9/12/20,23:45:00,5,7.01,200,49.7,93.4,66,1,Hydrolab DS5 46712,Mile28
9/13/20,0:00:00,4.98,7.01,201,33.9,93.4,66,1,Hydrolab DS5 46712,Mile28
9/13/20,0:15:00,4.97,7.01,201,91.9,93.2,66,1,Hydrolab DS5 46712,Mile28
9/13/20,0:30:00,4.95,7.02,201,37.2,93,66,1,Hydrolab DS5 46712,Mile28
9/13/20,0:45:00,4.95,7.01,201,28.3,93,66,1,Hydrolab DS5 46712,Mile28
9/13/20,1:00:00,4.96,7.02,201,55.6,92.9,66,1,Hydrolab DS5 46712,Mile28
9/13/20,1:15:00,4.96,7.01,201,31.5,92.7,66,1,Hydrolab DS5 46712,Mile28
9/13/20,1:30:00,4.97,7.01,201,115.9,92.7,66,1,Hydrolab DS5 46712,Mile28
9/13/20,1:45:00,4.97,7.02,201,55.3,92.4,66,1,Hydrolab DS5 46712,Mile28
9/13/20,2:00:00,4.98,7.02,202,52.4,92,66,1,Hydrolab DS5 46712,Mile28
9/13/20,2:15:00,4.98,7.01,201,61.1,92.3,66,1,Hydrolab DS5 46712,Mile28
9/13/20,2:30:00,4.97,7.02,201,103.6,92.3,66,1,Hydrolab DS5 46712,Mile28
9/13/20,2:45:00,4.96,7.02,201,22.6,92.1,66,1,Hydrolab DS5 46712,Mile28
9/13/20,3:00:00,4.95,7.01,201,36.4,92,66,1,Hydrolab DS5 46712,Mile28
9/13/20,3:15:00,4.92,7.01,201,27.1,91.9,66,1,Hydrolab DS5 46712,Mile28
9/13/20,3:30:00,4.9,7.01,202,62.3,92.1,66,1,Hydrolab DS5 46712,Mile28
9/13/20,3:45:00,4.87,7.01,202,92.9,92,66,1,Hydrolab DS5 46712,Mile28
9/13/20,4:00:00,4.84,7.01,201,37.2,91.8,64,1,Hydrolab DS5 46712,Mile28
9/13/20,4:15:00,4.8,7.01,202,56,92,64,1,Hydrolab DS5 46712,Mile28
9/13/20,4:30:00,4.76,7.02,202,14,91.6,66,1,Hydrolab DS5 46712,Mile28
9/13/20,4:45:00,4.71,7.01,201,21.2,91.5,64,1,Hydrolab DS5 46712,Mile28
9/13/20,5:00:00,4.67,7.01,201,54,91.3,64,1,Hydrolab DS5 46712,Mile28
9/13/20,5:15:00,4.63,7.01,202,12,91.6,64,1,Hydrolab DS5 46712,Mile28
9/13/20,5:30:00,4.59,7.01,202,50.4,91.2,64,1,Hydrolab DS5 46712,Mile28
9/13/20,5:45:00,4.55,7.01,201,47.4,91.3,64,1,Hydrolab DS5 46712,Mile28
9/13/20,6:00:00,4.51,7.02,201,59.8,91.2,64,1,Hydrolab DS5 46712,Mile28
9/13/20,6:15:00,4.47,7.02,201,50.9,91.1,64,1,Hydrolab DS5 46712,Mile28
9/13/20,6:30:00,4.43,7.02,201,105.9,91.5,64,1,Hydrolab DS5 46712,Mile28
9/13/20,6:45:00,4.39,7.01,202,71.2,91.4,64,1,Hydrolab DS5 46712,Mile28
9/13/20,7:00:00,4.36,7.02,202,29.6,91.2,64,1,Hydrolab DS5 46712,Mile28
9/13/20,7:15:00,4.32,7.01,202,40.1,91.3,64,1,Hydrolab DS5 46712,Mile28
9/13/20,7:30:00,4.29,7.01,202,52.1,91.3,64,1,Hydrolab DS5 46712,Mile28
9/13/20,7:45:00,4.26,7.01,201,37.6,91.1,64,1,Hydrolab DS5 46712,Mile28
9/13/20,8:00:00,4.22,7.02,201,61.3,91.1,64,1,Hydrolab DS5 46712,Mile28
9/13/20,8:15:00,4.19,7.01,202,50.3,91.1,64,1,Hydrolab DS5 46712,Mile28
9/13/20,8:30:00,4.16,7.01,202,126.9,91.2,64,1,Hydrolab DS5 46712,Mile28
9/13/20,8:45:00,4.14,7.02,202,100.2,91.3,64,1,Hydrolab DS5 46712,Mile28
9/13/20,9:00:00,4.12,7.01,202,55.4,91.3,64,1,Hydrolab DS5 46712,Mile28
9/13/20,9:15:00,4.1,7.01,202,46.8,91.4,64,1,Hydrolab DS5 46712,Mile28
9/13/20,9:30:00,4.08,7.02,202,35,91.4,64,1,Hydrolab DS5 46712,Mile28
9/13/20,9:45:00,4.07,7.02,202,144.6,91.5,64,1,Hydrolab DS5 46712,Mile28
9/13/20,10:00:00,4.06,7.02,202,30.2,91.9,63,1,Hydrolab DS5 46712,Mile28
9/13/20,10:15:00,4.05,7.02,202,53.8,91.7,63,1,Hydrolab DS5 46712,Mile28
9/13/20,10:30:00,4.05,7.02,202,23.2,91.9,63,1,Hydrolab DS5 46712,Mile28
9/13/20,10:45:00,4.05,7.01,202,23.6,92,63,1,Hydrolab DS5 46712,Mile28
9/13/20,11:00:00,4.05,7.02,202,18.5,92.3,63,1,Hydrolab DS5 46712,Mile28
9/13/20,11:15:00,4.06,7.01,202,19.7,92.4,63,1,Hydrolab DS5 46712,Mile28
9/13/20,11:30:00,4.07,7.01,203,42.2,92.9,63,1,Hydrolab DS5 46712,Mile28
9/13/20,11:45:00,4.09,7.01,202,22.5,93.2,63,1,Hydrolab DS5 46712,Mile28
9/13/20,12:00:00,4.1,7.02,202,22.6,93.2,63,1,Hydrolab DS5 46712,Mile28
9/13/20,12:15:00,4.12,7.02,202,30.6,93.3,63,1,Hydrolab DS5 46712,Mile28
9/13/20,12:30:00,4.15,7.01,202,63.4,93.2,63,1,Hydrolab DS5 46712,Mile28
9/13/20,12:45:00,4.17,7.02,203,14,93.4,63,1,Hydrolab DS5 46712,Mile28
9/13/20,13:00:00,4.2,7.01,203,20.1,94,63,1,Hydrolab DS5 46712,Mile28
9/13/20,13:15:00,4.23,7.02,203,17.6,93.6,63,1,Hydrolab DS5 46712,Mile28
9/13/20,13:30:00,4.26,7.02,203,25.4,94,63,1,Hydrolab DS5 46712,Mile28
9/13/20,13:45:00,4.29,7.01,203,26.7,94.3,63,1,Hydrolab DS5 46712,Mile28
9/13/20,14:00:00,4.32,7.02,203,11.3,94.2,63,1,Hydrolab DS5 46712,Mile28
9/13/20,14:15:00,4.36,7.02,203,38.9,94.4,63,1,Hydrolab DS5 46712,Mile28
9/13/20,14:30:00,4.39,7.02,203,54.3,94.8,63,1,Hydrolab DS5 46712,Mile28
9/13/20,14:45:00,4.43,7.01,203,10.3,95.7,63,1,Hydrolab DS5 46712,Mile28
9/13/20,15:00:00,4.46,7.02,203,35.3,95.3,63,1,Hydrolab DS5 46712,Mile28
9/13/20,15:15:00,4.5,7.01,203,17,94.8,61,1,Hydrolab DS5 46712,Mile28
9/13/20,15:30:00,4.53,7.01,204,74.5,96.4,63,1,Hydrolab DS5 46712,Mile28
9/13/20,15:45:00,4.56,7.02,203,42.6,96.6,61,1,Hydrolab DS5 46712,Mile28
9/13/20,16:00:00,4.59,7.02,204,3.6,95.3,61,1,Hydrolab DS5 46712,Mile28
9/13/20,16:15:00,4.61,7.01,203,11.1,95.6,61,1,Hydrolab DS5 46712,Mile28
9/13/20,16:30:00,4.64,7.01,204,9.1,95.7,61,1,Hydrolab DS5 46712,Mile28
9/13/20,16:45:00,4.66,7.01,203,7.5,95.3,61,1,Hydrolab DS5 46712,Mile28
9/13/20,17:00:00,4.67,7.01,203,32.1,95.5,61,1,Hydrolab DS5 46712,Mile28
9/13/20,17:15:00,4.69,7.01,203,8.7,95.6,61,1,Hydrolab DS5 46712,Mile28
9/13/20,17:30:00,4.7,7.01,204,28,95.9,61,1,Hydrolab DS5 46712,Mile28
9/13/20,17:45:00,4.7,7.02,204,5.9,95.7,61,1,Hydrolab DS5 46712,Mile28
9/13/20,18:00:00,4.7,7.01,204,42.1,96,61,1,Hydrolab DS5 46712,Mile28
9/13/20,18:15:00,4.7,7.01,203,24.1,95.4,61,1,Hydrolab DS5 46712,Mile28
9/13/20,18:30:00,4.69,7.01,204,8.6,95.4,61,1,Hydrolab DS5 46712,Mile28
9/13/20,18:45:00,4.68,7.02,204,14.5,95.5,61,1,Hydrolab DS5 46712,Mile28
9/13/20,19:00:00,4.67,7.01,204,170.9,95.1,61,1,Hydrolab DS5 46712,Mile28
9/13/20,19:15:00,4.66,7.02,204,15.3,95,61,1,Hydrolab DS5 46712,Mile28
9/13/20,19:30:00,4.65,7.02,204,78.2,94.7,61,1,Hydrolab DS5 46712,Mile28
9/13/20,19:45:00,4.63,7.02,204,49.5,94.8,61,1,Hydrolab DS5 46712,Mile28
9/13/20,20:00:00,4.62,7.02,204,38.3,94.7,61,1,Hydrolab DS5 46712,Mile28
9/13/20,20:15:00,4.6,7.01,204,38.9,94.7,61,1,Hydrolab DS5 46712,Mile28
9/13/20,20:30:00,4.59,7.02,204,10.6,94.8,61,1,Hydrolab DS5 46712,Mile28
9/13/20,20:45:00,4.57,7.02,204,70.7,94.9,61,1,Hydrolab DS5 46712,Mile28
9/13/20,21:00:00,4.55,7.01,204,23.3,94.7,61,1,Hydrolab DS5 46712,Mile28
9/13/20,21:15:00,4.52,7.01,204,11.6,94.6,61,1,Hydrolab DS5 46712,Mile28
9/13/20,21:30:00,4.51,7.01,204,7.1,94,61,1,Hydrolab DS5 46712,Mile28
9/13/20,21:45:00,4.48,7.02,204,11.1,94,61,1,Hydrolab DS5 46712,Mile28
9/13/20,22:00:00,4.46,7.01,204,55.6,94.2,61,1,Hydrolab DS5 46712,Mile28
9/13/20,22:15:00,4.44,7.02,204,46,93.7,61,1,Hydrolab DS5 46712,Mile28
9/13/20,22:30:00,4.43,7.01,205,10.9,93.9,61,1,Hydrolab DS5 46712,Mile28
9/13/20,22:45:00,4.4,7.01,204,24.1,93.2,61,1,Hydrolab DS5 46712,Mile28
9/13/20,23:00:00,4.39,7.01,204,26.4,93.4,61,1,Hydrolab DS5 46712,Mile28
9/13/20,23:15:00,4.37,7.02,204,8.7,93.2,60,1,Hydrolab DS5 46712,Mile28
9/13/20,23:30:00,4.36,7.01,205,31.4,93,61,1,Hydrolab DS5 46712,Mile28
9/13/20,23:45:00,4.35,7.01,205,24.7,93.2,60,1,Hydrolab DS5 46712,Mile28
9/14/20,0:00:00,4.34,7.01,205,20.2,92.9,60,1,Hydrolab DS5 46712,Mile28
9/14/20,0:15:00,4.33,7.02,205,19.7,92.6,60,1,Hydrolab DS5 46712,Mile28
9/14/20,0:30:00,4.32,7.02,204,13.1,92.5,60,1,Hydrolab DS5 46712,Mile28
9/14/20,0:45:00,4.31,7.01,204,5.7,92.9,60,1,Hydrolab DS5 46712,Mile28
9/14/20,1:00:00,4.3,7.02,205,11.9,93.9,60,1,Hydrolab DS5 46712,Mile28
9/14/20,1:15:00,4.29,7.02,204,97,92.9,60,1,Hydrolab DS5 46712,Mile28
9/14/20,1:30:00,4.28,7.01,205,29.7,93.3,60,1,Hydrolab DS5 46712,Mile28
9/14/20,1:45:00,4.27,7.01,205,14,93.1,60,1,Hydrolab DS5 46712,Mile28
9/14/20,2:00:00,4.26,7.01,205,12.1,92.7,60,1,Hydrolab DS5 46712,Mile28
9/14/20,2:15:00,4.25,7.01,205,14.5,0,60,1,Hydrolab DS5 46712,Mile28
9/14/20,2:30:00,4.24,7.01,205,7.2,93,60,1,Hydrolab DS5 46712,Mile28
9/14/20,2:45:00,4.23,7.01,204,10.6,92.8,60,1,Hydrolab DS5 46712,Mile28
9/14/20,3:00:00,4.22,7.01,205,70.5,92.5,60,1,Hydrolab DS5 46712,Mile28
9/14/20,3:15:00,4.21,7.02,205,16.7,93.6,60,1,Hydrolab DS5 46712,Mile28
9/14/20,3:30:00,4.2,7.02,205,49,92.1,60,1,Hydrolab DS5 46712,Mile28
9/14/20,3:45:00,4.19,7.01,205,31,91.6,60,1,Hydrolab DS5 46712,Mile28
9/14/20,4:00:00,4.17,7.02,205,82.8,92,60,1,Hydrolab DS5 46712,Mile28
9/14/20,4:15:00,4.16,7.02,205,52,92.1,60,1,Hydrolab DS5 46712,Mile28
9/14/20,4:30:00,4.15,7.01,205,35.6,91.6,60,1,Hydrolab DS5 46712,Mile28
9/14/20,4:45:00,4.14,7.02,205,19.4,92.2,60,1,Hydrolab DS5 46712,Mile28
9/14/20,5:00:00,4.12,7.01,205,28.4,91.8,60,1,Hydrolab DS5 46712,Mile28
9/14/20,5:15:00,4.11,7.01,205,18,91.8,60,1,Hydrolab DS5 46712,Mile28
9/14/20,5:30:00,4.09,7.02,205,29.2,91.5,60,1,Hydrolab DS5 46712,Mile28
9/14/20,5:45:00,4.09,7.02,205,10.1,91.8,60,1,Hydrolab DS5 46712,Mile28
9/14/20,6:00:00,4.07,7.01,205,12.8,91.8,60,1,Hydrolab DS5 46712,Mile28
9/14/20,6:15:00,4.06,7.02,205,40.2,91.2,60,1,Hydrolab DS5 46712,Mile28
9/14/20,6:30:00,4.05,7.01,205,10.8,91.4,58,1,Hydrolab DS5 46712,Mile28
9/14/20,6:45:00,4.04,7.01,205,43.6,91.4,58,1,Hydrolab DS5 46712,Mile28
9/14/20,7:00:00,4.03,7.02,205,63.1,91,58,1,Hydrolab DS5 46712,Mile28
9/14/20,7:15:00,4.03,7.01,205,21.9,91.3,58,1,Hydrolab DS5 46712,Mile28
9/14/20,7:30:00,4.01,7.01,206,34.3,92.1,58,1,Hydrolab DS5 46712,Mile28
9/14/20,7:45:00,4,7.01,205,76.4,90.8,58,1,Hydrolab DS5 46712,Mile28
9/14/20,8:00:00,3.99,7.01,205,41.1,90.9,58,1,Hydrolab DS5 46712,Mile28
9/14/20,8:15:00,3.98,7.01,206,40.8,91.3,58,1,Hydrolab DS5 46712,Mile28
9/14/20,8:30:00,3.97,7.01,206,7.2,91.4,58,1,Hydrolab DS5 46712,Mile28
9/14/20,8:45:00,3.97,7.02,205,15.2,91.1,58,1,Hydrolab DS5 46712,Mile28
9/14/20,9:00:00,3.97,7.02,206,66.7,91.4,58,1,Hydrolab DS5 46712,Mile28
9/14/20,9:15:00,3.97,7.01,206,13.6,91.2,58,1,Hydrolab DS5 46712,Mile28
9/14/20,9:30:00,3.97,7.02,206,9,91.5,58,1,Hydrolab DS5 46712,Mile28
9/14/20,9:45:00,3.98,7.01,206,8.1,91.7,58,1,Hydrolab DS5 46712,Mile28
9/14/20,10:00:00,3.99,7.01,205,19.2,92.1,58,1,Hydrolab DS5 46712,Mile28
9/14/20,10:15:00,4,7.01,205,14.7,92,58,1,Hydrolab DS5 46712,Mile28
9/14/20,10:30:00,4.01,7.01,206,6.2,92.1,58,1,Hydrolab DS5 46712,Mile28
9/14/20,10:45:00,4.02,7.01,206,20.4,91.9,58,1,Hydrolab DS5 46712,Mile28
9/14/20,11:00:00,4.04,7.01,206,6.9,92.8,58,1,Hydrolab DS5 46712,Mile28
9/14/20,11:15:00,4.06,7.01,206,37.9,92.4,58,1,Hydrolab DS5 46712,Mile28
9/14/20,11:30:00,4.07,7.01,206,36.4,92.9,58,1,Hydrolab DS5 46712,Mile28
9/14/20,11:45:00,4.09,7.01,206,7.9,93,58,1,Hydrolab DS5 46712,Mile28
9/14/20,12:00:00,4.12,7.01,206,27.1,93.1,58,1,Hydrolab DS5 46712,Mile28
9/14/20,12:15:00,4.15,7.01,206,17.2,93.7,58,1,Hydrolab DS5 46712,Mile28
9/14/20,12:30:00,4.19,7.01,206,32.1,94.5,58,1,Hydrolab DS5 46712,Mile28
9/14/20,12:45:00,4.22,7.01,206,16.1,94.2,58,1,Hydrolab DS5 46712,Mile28
9/14/20,13:00:00,4.25,7.01,206,46.1,94.3,58,1,Hydrolab DS5 46712,Mile28
9/14/20,13:15:00,4.27,7.02,206,17,94.4,58,1,Hydrolab DS5 46712,Mile28
9/14/20,13:30:00,4.29,7.01,206,48.9,94.2,58,1,Hydrolab DS5 46712,Mile28
9/14/20,13:45:00,4.31,7.01,207,26.5,94.3,57,1,Hydrolab DS5 46712,Mile28
9/14/20,14:00:00,4.33,7.01,207,71.8,94.5,58,1,Hydrolab DS5 46712,Mile28
9/14/20,14:15:00,4.35,7.02,207,121.7,94.9,57,1,Hydrolab DS5 46712,Mile28
9/14/20,14:30:00,4.37,7.02,206,66.9,94.5,57,1,Hydrolab DS5 46712,Mile28
9/14/20,14:45:00,4.4,7.01,207,104.5,94.8,57,1,Hydrolab DS5 46712,Mile28
9/14/20,15:00:00,4.42,7.02,206,83.5,94.9,57,1,Hydrolab DS5 46712,Mile28
9/14/20,15:15:00,4.44,7.01,207,43.9,94.6,57,1,Hydrolab DS5 46712,Mile28
9/14/20,15:30:00,4.46,7.02,206,14.2,95.2,57,1,Hydrolab DS5 46712,Mile28
9/14/20,15:45:00,4.49,7.01,206,12,95.7,57,1,Hydrolab DS5 46712,Mile28
9/14/20,16:00:00,4.5,7.02,206,15.1,95.5,57,1,Hydrolab DS5 46712,Mile28
9/14/20,16:15:00,4.53,7.01,207,89.3,95.1,57,1,Hydrolab DS5 46712,Mile28
9/14/20,16:30:00,4.54,7.01,207,16,94.6,57,1,Hydrolab DS5 46712,Mile28
9/14/20,16:45:00,4.56,7.02,207,32.3,94.9,57,1,Hydrolab DS5 46712,Mile28
9/14/20,17:00:00,4.57,7.01,207,14.8,96.1,57,1,Hydrolab DS5 46712,Mile28
9/14/20,17:15:00,4.58,7.01,207,37.3,95.9,57,1,Hydrolab DS5 46712,Mile28
9/14/20,17:30:00,4.59,7.01,207,52.5,95.2,57,1,Hydrolab DS5 46712,Mile28
9/14/20,17:45:00,4.6,7.01,207,48.2,94.8,57,1,Hydrolab DS5 46712,Mile28
9/14/20,18:00:00,4.61,7.01,207,11.4,0,57,1,Hydrolab DS5 46712,Mile28
9/14/20,18:15:00,4.61,7.01,207,40.9,94.6,57,1,Hydrolab DS5 46712,Mile28
9/14/20,18:30:00,4.62,7.01,207,6.7,0,57,1,Hydrolab DS5 46712,Mile28
9/14/20,18:45:00,4.62,7.01,207,21,0,57,1,Hydrolab DS5 46712,Mile28
9/14/20,19:00:00,4.63,7.02,207,27,0,57,1,Hydrolab DS5 46712,Mile28
9/14/20,19:15:00,4.63,7.01,207,8.2,0,57,1,Hydrolab DS5 46712,Mile28
9/14/20,19:30:00,4.64,7.02,207,79.5,0,57,1,Hydrolab DS5 46712,Mile28
9/14/20,19:45:00,4.64,7.02,207,43.1,0,57,1,Hydrolab DS5 46712,Mile28
9/14/20,20:00:00,4.65,7.01,207,28.2,0,57,1,Hydrolab DS5 46712,Mile28
9/14/20,20:15:00,4.65,7.01,207,14.3,0,57,1,Hydrolab DS5 46712,Mile28
9/14/20,20:30:00,4.65,7.02,207,23.4,0,57,1,Hydrolab DS5 46712,Mile28
9/14/20,20:45:00,4.65,7.01,207,45.5,0,57,1,Hydrolab DS5 46712,Mile28
9/14/20,21:00:00,4.65,7.01,207,42.3,0,57,1,Hydrolab DS5 46712,Mile28
9/14/20,21:15:00,4.65,7.02,208,24.7,0,57,1,Hydrolab DS5 46712,Mile28
9/14/20,21:30:00,4.65,7.02,208,159.7,0,57,1,Hydrolab DS5 46712,Mile28
9/14/20,21:45:00,4.65,7.02,207,17.5,0,57,1,Hydrolab DS5 46712,Mile28
9/14/20,22:00:00,4.65,7.01,207,12.4,0,57,1,Hydrolab DS5 46712,Mile28
9/14/20,22:15:00,4.65,7.01,207,23.3,0,57,1,Hydrolab DS5 46712,Mile28
9/14/20,22:30:00,4.65,7.01,207,74.2,0,57,1,Hydrolab DS5 46712,Mile28
9/14/20,22:45:00,4.65,7.02,208,44.5,0,57,1,Hydrolab DS5 46712,Mile28
9/14/20,23:00:00,4.66,7.01,207,34.4,0,57,1,Hydrolab DS5 46712,Mile28
9/14/20,23:15:00,4.66,7.02,207,267.5,0,57,1,Hydrolab DS5 46712,Mile28
9/14/20,23:30:00,4.66,7.02,208,28.7,0,57,1,Hydrolab DS5 46712,Mile28
9/14/20,23:45:00,4.67,7.01,208,43.4,0,57,1,Hydrolab DS5 46712,Mile28
9/15/20,0:00:00,4.67,7.02,208,61.8,0,57,1,Hydrolab DS5 46712,Mile28
9/15/20,0:15:00,4.67,7.01,207,48.3,0,57,1,Hydrolab DS5 46712,Mile28
9/15/20,0:30:00,4.67,7.01,208,54.1,0,57,1,Hydrolab DS5 46712,Mile28
9/15/20,0:45:00,4.67,7.01,207,226.3,0,57,1,Hydrolab DS5 46712,Mile28
9/15/20,1:00:00,4.66,7.01,208,52.9,0,57,1,Hydrolab DS5 46712,Mile28
9/15/20,1:15:00,4.66,7.01,208,19.8,0,57,1,Hydrolab DS5 46712,Mile28
9/15/20,1:30:00,4.66,7.02,208,46.4,0,57,1,Hydrolab DS5 46712,Mile28
9/15/20,1:45:00,4.65,7.02,207,24.1,0,57,1,Hydrolab DS5 46712,Mile28
9/15/20,2:00:00,4.65,7.01,208,56.5,0,57,1,Hydrolab DS5 46712,Mile28
9/15/20,2:15:00,4.65,7.01,208,173.7,0,57,1,Hydrolab DS5 46712,Mile28
9/15/20,2:30:00,4.65,7.01,207,51.1,0,57,1,Hydrolab DS5 46712,Mile28
9/15/20,2:45:00,4.65,7.02,208,33.6,0,57,1,Hydrolab DS5 46712,Mile28
9/15/20,3:00:00,4.64,7.01,208,40.4,0,57,1,Hydrolab DS5 46712,Mile28
9/15/20,3:15:00,4.64,7.02,208,41.7,0,55,1,Hydrolab DS5 46712,Mile28
9/15/20,3:30:00,4.64,7.01,208,51.1,0,55,1,Hydrolab DS5 46712,Mile28
9/15/20,3:45:00,4.64,7.01,207,122.9,0,55,1,Hydrolab DS5 46712,Mile28
9/15/20,4:00:00,4.64,7.01,208,26.2,0,57,1,Hydrolab DS5 46712,Mile28
9/15/20,4:15:00,4.65,7.02,208,34.2,0,55,1,Hydrolab DS5 46712,Mile28
9/15/20,4:30:00,4.65,7.01,208,50.8,0,55,1,Hydrolab DS5 46712,Mile28
9/15/20,4:45:00,4.65,7.02,208,19.1,0,55,1,Hydrolab DS5 46712,Mile28
9/15/20,5:00:00,4.65,7.02,208,60.2,0,55,1,Hydrolab DS5 46712,Mile28
9/15/20,5:15:00,4.65,7.02,208,33.3,0,55,1,Hydrolab DS5 46712,Mile28
9/15/20,5:30:00,4.65,7.02,208,34.3,0,55,1,Hydrolab DS5 46712,Mile28
9/15/20,5:45:00,4.65,7.01,208,46.3,0,55,1,Hydrolab DS5 46712,Mile28
9/15/20,6:00:00,4.65,7.01,208,26.8,0,55,1,Hydrolab DS5 46712,Mile28
9/15/20,6:15:00,4.64,7.02,208,44.5,0,55,1,Hydrolab DS5 46712,Mile28
9/15/20,6:30:00,4.64,7.02,208,46.1,0,55,1,Hydrolab DS5 46712,Mile28
9/15/20,6:45:00,4.64,7.02,208,40.6,0,55,1,Hydrolab DS5 46712,Mile28
9/15/20,7:00:00,4.65,7.02,208,26.4,0,55,1,Hydrolab DS5 46712,Mile28
9/15/20,7:15:00,4.65,7.01,208,41.3,0,55,1,Hydrolab DS5 46712,Mile28
9/15/20,7:30:00,4.65,7.02,209,48.8,0,55,1,Hydrolab DS5 46712,Mile28
9/15/20,7:45:00,4.65,7.01,208,150.8,0,55,1,Hydrolab DS5 46712,Mile28
9/15/20,8:00:00,4.66,7.01,208,48,0,55,1,Hydrolab DS5 46712,Mile28
9/15/20,8:15:00,4.66,7.01,208,93,0,55,1,Hydrolab DS5 46712,Mile28
9/15/20,8:30:00,4.66,7.02,208,22,0,55,1,Hydrolab DS5 46712,Mile28
9/15/20,8:45:00,4.66,7.02,208,71.3,0,55,1,Hydrolab DS5 46712,Mile28
9/15/20,9:00:00,4.66,7.02,208,19.8,0,55,1,Hydrolab DS5 46712,Mile28
9/15/20,9:15:00,4.67,7.01,209,104.5,0,55,1,Hydrolab DS5 46712,Mile28
9/15/20,9:30:00,4.68,7.01,208,40.8,0,55,1,Hydrolab DS5 46712,Mile28
9/15/20,9:45:00,4.68,7.02,209,51,0,55,1,Hydrolab DS5 46712,Mile28
9/15/20,10:00:00,4.69,7.02,209,23.8,0,55,1,Hydrolab DS5 46712,Mile28
9/15/20,10:15:00,4.7,7.01,209,27.4,0,55,1,Hydrolab DS5 46712,Mile28
9/15/20,10:30:00,4.7,7.01,209,29.4,0,55,1,Hydrolab DS5 46712,Mile28
9/15/20,10:45:00,4.71,7.01,208,69.8,0,55,1,Hydrolab DS5 46712,Mile28
9/15/20,11:00:00,4.73,7.02,208,76.9,0,54,1,Hydrolab DS5 46712,Mile28
9/15/20,11:15:00,4.74,7.01,209,30.1,0,54,1,Hydrolab DS5 46712,Mile28
9/15/20,11:30:00,4.76,7.01,208,138.7,0,55,1,Hydrolab DS5 46712,Mile28
9/15/20,11:45:00,4.77,7.01,208,35.1,0,55,1,Hydrolab DS5 46712,Mile28
9/15/20,12:00:00,4.79,7.01,208,8.6,0,54,1,Hydrolab DS5 46712,Mile28
9/15/20,12:15:00,4.8,7.02,209,25.5,0,55,1,Hydrolab DS5 46712,Mile28
9/15/20,12:30:00,4.83,7.01,209,48.6,90.3,55,1,Hydrolab DS5 46712,Mile28
9/15/20,12:45:00,4.85,7.02,209,19,89,54,1,Hydrolab DS5 46712,Mile28
9/15/20,13:00:00,4.88,7.02,209,22.7,91.1,55,1,Hydrolab DS5 46712,Mile28
9/15/20,13:15:00,4.91,7.01,209,22.5,91,54,1,Hydrolab DS5 46712,Mile28
9/15/20,13:30:00,4.93,7.02,209,12,92.2,54,1,Hydrolab DS5 46712,Mile28
9/15/20,13:45:00,4.97,7.01,209,44.7,0,55,1,Hydrolab DS5 46712,Mile28
9/15/20,14:00:00,4.99,7.01,209,34.4,92.2,54,1,Hydrolab DS5 46712,Mile28
9/15/20,14:15:00,5.02,7.01,209,16.4,0,54,1,Hydrolab DS5 46712,Mile28
9/15/20,14:30:00,5.04,7.02,209,9.8,87.4,54,1,Hydrolab DS5 46712,Mile28
9/15/20,14:45:00,5.07,7.02,209,11.5,90.5,54,1,Hydrolab DS5 46712,Mile28
9/15/20,15:00:00,5.1,7.01,209,12.6,90.4,54,1,Hydrolab DS5 46712,Mile28
9/15/20,15:15:00,5.14,7.01,209,12.4,91.5,54,1,Hydrolab DS5 46712,Mile28
9/15/20,15:30:00,5.18,7.01,209,4.6,92.5,54,1,Hydrolab DS5 46712,Mile28
9/15/20,15:45:00,5.21,7.01,209,5.6,91.1,54,1,Hydrolab DS5 46712,Mile28
9/15/20,16:00:00,5.24,7.01,209,12.6,89.1,54,1,Hydrolab DS5 46712,Mile28
9/15/20,16:15:00,5.27,7.02,209,27.6,0,54,1,Hydrolab DS5 46712,Mile28
9/15/20,16:30:00,5.3,7.02,209,10.6,0,54,1,Hydrolab DS5 46712,Mile28
9/15/20,16:45:00,5.32,7.01,210,10.6,89.8,54,1,Hydrolab DS5 46712,Mile28
9/15/20,17:00:00,5.34,7.02,209,28.2,91,54,1,Hydrolab DS5 46712,Mile28
9/15/20,17:15:00,5.36,7.02,209,51.3,88.9,54,1,Hydrolab DS5 46712,Mile28
9/15/20,17:30:00,5.38,7.02,209,35.7,0,54,1,Hydrolab DS5 46712,Mile28
9/15/20,17:45:00,5.4,7.01,209,5.8,0,54,1,Hydrolab DS5 46712,Mile28
9/15/20,18:00:00,5.41,7.01,209,25.8,89.3,54,1,Hydrolab DS5 46712,Mile28
9/15/20,18:15:00,5.43,7.01,209,8.3,89.4,55,1,Hydrolab DS5 46712,Mile28
9/15/20,18:30:00,5.44,7.01,210,6.2,89.3,55,1,Hydrolab DS5 46712,Mile28
9/15/20,18:45:00,5.45,7.01,210,6.6,0,54,1,Hydrolab DS5 46712,Mile28
9/15/20,19:00:00,5.45,7.01,209,17.3,0,54,1,Hydrolab DS5 46712,Mile28
9/15/20,19:15:00,5.45,7.01,209,18.4,0,54,1,Hydrolab DS5 46712,Mile28
9/15/20,19:30:00,5.46,7.01,210,27.2,0,54,1,Hydrolab DS5 46712,Mile28
9/15/20,19:45:00,5.47,7.01,209,8,87.2,54,1,Hydrolab DS5 46712,Mile28
9/15/20,20:00:00,5.48,7.01,209,19.2,83.8,54,1,Hydrolab DS5 46712,Mile28
9/15/20,20:15:00,5.48,7.01,209,11,85.3,54,1,Hydrolab DS5 46712,Mile28
9/15/20,20:30:00,5.49,7.01,209,33.5,87.1,54,1,Hydrolab DS5 46712,Mile28
9/15/20,20:45:00,5.5,7.01,209,2.7,0,54,1,Hydrolab DS5 46712,Mile28
9/15/20,21:00:00,5.5,7.02,209,4,85.4,54,1,Hydrolab DS5 46712,Mile28
9/15/20,21:15:00,5.5,7.02,209,10.8,0,54,1,Hydrolab DS5 46712,Mile28
9/15/20,21:30:00,5.49,7.02,210,13.4,0,54,1,Hydrolab DS5 46712,Mile28
9/15/20,21:45:00,5.49,7.02,210,21.2,0,54,1,Hydrolab DS5 46712,Mile28
9/15/20,22:00:00,5.49,7.01,210,10.2,0,54,1,Hydrolab DS5 46712,Mile28
9/15/20,22:15:00,5.48,7.01,210,35.8,0,54,1,Hydrolab DS5 46712,Mile28
9/15/20,22:30:00,5.47,7.02,209,15.2,0,54,1,Hydrolab DS5 46712,Mile28
9/15/20,22:45:00,5.47,7.02,210,27.3,0,54,1,Hydrolab DS5 46712,Mile28
9/15/20,23:00:00,5.47,7.01,209,24.1,79.5,54,1,Hydrolab DS5 46712,Mile28
9/15/20,23:15:00,5.47,7.01,210,28.8,0,54,1,Hydrolab DS5 46712,Mile28
9/15/20,23:30:00,5.46,7.01,209,23.9,0,54,1,Hydrolab DS5 46712,Mile28
9/15/20,23:45:00,5.47,7.01,209,28.6,79.3,54,1,Hydrolab DS5 46712,Mile28
9/16/20,0:00:00,5.47,7.01,209,68.7,77.8,52,1,Hydrolab DS5 46712,Mile28
9/16/20,0:15:00,5.47,7.01,210,49.3,0,54,1,Hydrolab DS5 46712,Mile28
9/16/20,0:30:00,5.47,7.02,209,15.9,0,52,1,Hydrolab DS5 46712,Mile28
9/16/20,0:45:00,5.47,7.01,210,42.6,0,52,1,Hydrolab DS5 46712,Mile28
9/16/20,1:00:00,5.47,7.02,210,77,0,52,1,Hydrolab DS5 46712,Mile28
9/16/20,1:15:00,5.47,7.01,209,30.2,0,52,1,Hydrolab DS5 46712,Mile28
9/16/20,1:30:00,5.47,7.02,209,46.4,0,54,1,Hydrolab DS5 46712,Mile28
9/16/20,1:45:00,5.47,7.01,210,53.8,0,54,1,Hydrolab DS5 46712,Mile28
9/16/20,2:00:00,5.47,7.01,210,93.2,0,52,1,Hydrolab DS5 46712,Mile28
9/16/20,2:15:00,5.47,7.01,210,73.5,74.5,52,1,Hydrolab DS5 46712,Mile28
9/16/20,2:30:00,5.47,7.01,210,117.8,71.9,54,1,Hydrolab DS5 46712,Mile28
9/16/20,2:45:00,5.47,7.02,210,24.1,73.3,52,1,Hydrolab DS5 46712,Mile28
9/16/20,3:00:00,5.47,7.01,209,68.1,0,52,1,Hydrolab DS5 46712,Mile28
9/16/20,3:15:00,5.47,7.02,210,35.6,0,52,1,Hydrolab DS5 46712,Mile28
9/16/20,3:30:00,5.47,7.01,209,43.9,71.1,52,1,Hydrolab DS5 46712,Mile28
9/16/20,3:45:00,5.47,7.02,209,39.2,0,52,1,Hydrolab DS5 46712,Mile28
9/16/20,4:00:00,5.47,7.02,209,46.1,74,52,1,Hydrolab DS5 46712,Mile28
9/16/20,4:15:00,5.47,7.01,209,26.3,0,52,1,Hydrolab DS5 46712,Mile28
9/16/20,4:30:00,5.47,7.02,209,40.8,0,52,1,Hydrolab DS5 46712,Mile28
9/16/20,4:45:00,5.46,7.02,209,10.5,74.4,52,1,Hydrolab DS5 46712,Mile28
9/16/20,5:00:00,5.46,7.01,209,21.5,76.4,52,1,Hydrolab DS5 46712,Mile28
9/16/20,5:15:00,5.46,7.01,210,66.6,78.1,52,1,Hydrolab DS5 46712,Mile28
9/16/20,5:30:00,5.45,7.01,209,38.9,0,52,1,Hydrolab DS5 46712,Mile28
9/16/20,5:45:00,5.45,7.01,210,125.8,68.5,52,1,Hydrolab DS5 46712,Mile28
9/16/20,6:00:00,5.45,7.01,210,47,0,52,1,Hydrolab DS5 46712,Mile28
9/16/20,6:15:00,5.44,7.02,209,227.3,0,52,1,Hydrolab DS5 46712,Mile28
9/16/20,6:30:00,5.43,7.01,209,283.2,69.1,52,1,Hydrolab DS5 46712,Mile28
9/16/20,6:45:00,5.43,7.01,210,38.3,0,52,1,Hydrolab DS5 46712,Mile28
9/16/20,7:00:00,5.42,7.01,210,32.4,0,52,1,Hydrolab DS5 46712,Mile28
9/16/20,7:15:00,5.42,7.01,210,42,73.4,52,1,Hydrolab DS5 46712,Mile28
9/16/20,7:30:00,5.41,7.02,210,46.6,67.7,52,1,Hydrolab DS5 46712,Mile28
9/16/20,7:45:00,5.41,7.02,210,35.3,0,52,1,Hydrolab DS5 46712,Mile28
9/16/20,8:00:00,5.4,7.01,210,31.6,71.2,52,1,Hydrolab DS5 46712,Mile28
9/16/20,8:15:00,5.4,7.02,209,33.3,0,52,1,Hydrolab DS5 46712,Mile28
9/16/20,8:30:00,5.4,7.02,210,122.2,74.7,52,1,Hydrolab DS5 46712,Mile28
9/16/20,8:45:00,5.4,7.01,210,61.9,0,52,1,Hydrolab DS5 46712,Mile28
9/16/20,9:00:00,5.39,7.02,210,52.2,0,52,1,Hydrolab DS5 46712,Mile28
9/16/20,9:15:00,5.4,7.01,210,18.4,76.6,52,1,Hydrolab DS5 46712,Mile28
9/16/20,9:30:00,5.4,7.01,210,53.1,75.7,52,1,Hydrolab DS5 46712,Mile28
9/16/20,9:45:00,5.39,7.02,210,22.1,76.7,52,1,Hydrolab DS5 46712,Mile28
9/16/20,10:00:00,5.4,7.01,210,41.4,0,52,1,Hydrolab DS5 46712,Mile28
9/16/20,10:15:00,5.41,7.02,210,151.8,0,52,1,Hydrolab DS5 46712,Mile28
9/16/20,10:30:00,5.42,7.01,210,140.6,0,52,1,Hydrolab DS5 46712,Mile28
9/16/20,10:45:00,5.42,7.02,210,53.5,0,52,1,Hydrolab DS5 46712,Mile28
9/16/20,11:00:00,5.43,7.01,210,30.7,0,52,1,Hydrolab DS5 46712,Mile28
9/16/20,11:15:00,5.44,7.01,210,43.4,75.8,52,1,Hydrolab DS5 46712,Mile28
9/16/20,11:30:00,5.45,7.02,210,109.9,0,52,1,Hydrolab DS5 46712,Mile28
9/16/20,11:45:00,5.47,7.01,210,47.6,71.2,51,1,Hydrolab DS5 46712,Mile28
9/16/20,12:00:00,5.49,7.02,210,29.2,0,52,1,Hydrolab DS5 46712,Mile28
9/16/20,12:15:00,5.52,7.02,211,13.4,79.8,52,1,Hydrolab DS5 46712,Mile28
9/16/20,12:30:00,5.54,7.02,210,17.7,79.6,52,1,Hydrolab DS5 46712,Mile28
9/16/20,12:45:00,5.56,7.01,211,62.2,0,52,1,Hydrolab DS5 46712,Mile28
9/16/20,13:00:00,5.58,7.02,211,35.5,76,52,1,Hydrolab DS5 46712,Mile28
9/16/20,13:15:00,5.62,7.01,210,17,72.7,52,1,Hydrolab DS5 46712,Mile28
9/16/20,13:30:00,5.66,7.01,210,71.6,72.7,52,1,Hydrolab DS5 46712,Mile28
9/16/20,13:45:00,5.7,7.01,211,32.4,0,51,1,Hydrolab DS5 46712,Mile28
9/16/20,14:00:00,5.74,7.01,211,71.3,74.7,52,1,Hydrolab DS5 46712,Mile28
9/16/20,14:15:00,5.77,7.01,211,88.9,79.1,52,1,Hydrolab DS5 46712,Mile28
9/16/20,14:30:00,5.81,7.01,211,17.5,71.8,51,1,Hydrolab DS5 46712,Mile28
9/16/20,14:45:00,5.86,7.02,211,15.7,74.3,51,1,Hydrolab DS5 46712,Mile28
9/16/20,15:00:00,5.9,7.02,211,63.1,80.8,51,1,Hydrolab DS5 46712,Mile28
9/16/20,15:15:00,5.94,7.01,210,66.7,0,51,1,Hydrolab DS5 46712,Mile28
9/16/20,15:30:00,5.98,7.01,211,38.5,70.7,51,1,Hydrolab DS5 46712,Mile28
9/16/20,15:45:00,6.01,7.01,211,92.2,0,51,1,Hydrolab DS5 46712,Mile28
9/16/20,16:00:00,6.03,7.01,210,21.5,72,52,1,Hydrolab DS5 46712,Mile28
9/16/20,16:15:00,6.04,7.01,211,136.2,75.7,51,1,Hydrolab DS5 46712,Mile28
9/16/20,16:30:00,6.06,7.02,211,30.7,72.7,52,1,Hydrolab DS5 46712,Mile28
9/16/20,16:45:00,6.08,7.01,211,42.8,77.9,51,1,Hydrolab DS5 46712,Mile28
9/16/20,17:00:00,6.11,7.01,211,74.6,0,52,1,Hydrolab DS5 46712,Mile28
9/16/20,17:15:00,6.12,7.01,210,42.1,73.2,51,1,Hydrolab DS5 46712,Mile28
9/16/20,17:30:00,6.13,7.01,211,23.7,79.8,51,1,Hydrolab DS5 46712,Mile28
9/16/20,17:45:00,6.13,7.01,211,52.6,75.9,52,1,Hydrolab DS5 46712,Mile28
9/16/20,18:00:00,6.13,7.01,211,70.8,81,51,1,Hydrolab DS5 46712,Mile28
9/16/20,18:15:00,6.13,7.01,211,40.5,82.5,51,1,Hydrolab DS5 46712,Mile28
9/16/20,18:30:00,6.13,7.02,211,41.4,92.6,51,1,Hydrolab DS5 46712,Mile28
9/16/20,18:45:00,6.14,7.02,211,47.7,93.8,51,1,Hydrolab DS5 46712,Mile28
9/16/20,19:00:00,6.15,7.01,211,48.7,94.2,51,1,Hydrolab DS5 46712,Mile28
9/16/20,19:15:00,6.14,7.01,210,259.5,79.7,51,1,Hydrolab DS5 46712,Mile28
9/16/20,19:30:00,6.13,7.01,211,35.2,83.7,51,1,Hydrolab DS5 46712,Mile28
9/16/20,19:45:00,6.13,7.01,211,113.1,85.5,51,1,Hydrolab DS5 46712,Mile28
9/16/20,20:00:00,6.12,7.01,210,30.7,80.5,51,1,Hydrolab DS5 46712,Mile28
9/16/20,20:15:00,6.11,7.02,211,48.9,82.5,51,1,Hydrolab DS5 46712,Mile28
9/16/20,20:30:00,6.09,7.02,211,46.2,83.5,51,1,Hydrolab DS5 46712,Mile28
9/16/20,20:45:00,6.08,7.01,211,37,81.9,51,1,Hydrolab DS5 46712,Mile28
9/16/20,21:00:00,6.06,7.02,211,38.7,81.6,51,1,Hydrolab DS5 46712,Mile28
9/16/20,21:15:00,6.03,7.02,210,27.4,79.9,51,1,Hydrolab DS5 46712,Mile28
9/16/20,21:30:00,6.01,7.01,211,63.4,80.2,51,1,Hydrolab DS5 46712,Mile28
9/16/20,21:45:00,5.99,7.01,210,21.8,80.3,51,1,Hydrolab DS5 46712,Mile28
9/16/20,22:00:00,5.97,7.01,211,55.9,80,51,1,Hydrolab DS5 46712,Mile28
9/16/20,22:15:00,5.95,7.01,211,53.2,81.4,51,1,Hydrolab DS5 46712,Mile28
9/16/20,22:30:00,5.94,7.02,210,45.6,80.7,51,1,Hydrolab DS5 46712,Mile28
9/16/20,22:45:00,5.93,7.01,211,13.3,80.8,51,1,Hydrolab DS5 46712,Mile28
9/16/20,23:00:00,5.92,7.01,211,33.7,78.9,51,1,Hydrolab DS5 46712,Mile28
9/16/20,23:15:00,5.91,7.02,211,75.8,79.9,51,1,Hydrolab DS5 46712,Mile28
9/16/20,23:30:00,5.9,7.01,211,15.6,78.3,51,1,Hydrolab DS5 46712,Mile28
9/16/20,23:45:00,5.89,7.02,211,41.5,75.1,51,1,Hydrolab DS5 46712,Mile28
9/17/20,0:00:00,5.89,7.01,211,33.9,74.6,51,1,Hydrolab DS5 46712,Mile28
9/17/20,0:15:00,5.88,7.02,211,50.9,74.7,51,1,Hydrolab DS5 46712,Mile28
9/17/20,0:30:00,5.87,7.01,211,43.5,74.6,51,1,Hydrolab DS5 46712,Mile28
9/17/20,0:45:00,5.86,7.02,211,43.3,73.5,51,1,Hydrolab DS5 46712,Mile28
9/17/20,1:00:00,5.86,7.02,211,32.7,70.3,51,1,Hydrolab DS5 46712,Mile28
9/17/20,1:15:00,5.85,7.01,211,31.6,72.1,51,1,Hydrolab DS5 46712,Mile28
9/17/20,1:30:00,5.84,7.02,211,29.5,72.2,51,1,Hydrolab DS5 46712,Mile28
9/17/20,1:45:00,5.83,7.01,211,134.2,75.7,50,1,Hydrolab DS5 46712,Mile28
9/17/20,2:00:00,5.82,7.01,211,35.8,75.9,50,1,Hydrolab DS5 46712,Mile28
9/17/20,2:15:00,5.82,7.01,211,20.4,76.1,50,1,Hydrolab DS5 46712,Mile28
9/17/20,2:30:00,5.81,7.02,211,25.6,76.1,51,1,Hydrolab DS5 46712,Mile28
9/17/20,2:45:00,5.8,7.02,211,45.3,74.4,50,1,Hydrolab DS5 46712,Mile28
9/17/20,3:00:00,5.79,7.01,211,77.3,74.7,51,1,Hydrolab DS5 46712,Mile28
9/17/20,3:15:00,5.78,7.01,211,47,74.2,50,1,Hydrolab DS5 46712,Mile28
9/17/20,3:30:00,5.77,7.01,211,149.6,75.6,51,1,Hydrolab DS5 46712,Mile28
9/17/20,3:45:00,5.76,7.01,211,39.9,75.9,50,1,Hydrolab DS5 46712,Mile28
9/17/20,4:00:00,5.75,7.01,211,27.9,74.1,50,1,Hydrolab DS5 46712,Mile28
9/17/20,4:15:00,5.74,7.02,211,147.4,73.3,50,1,Hydrolab DS5 46712,Mile28
9/17/20,4:30:00,5.73,7.01,211,34.2,71.9,50,1,Hydrolab DS5 46712,Mile28
9/17/20,4:45:00,5.73,7.02,212,70.8,76.5,50,1,Hydrolab DS5 46712,Mile28
9/17/20,5:00:00,5.72,7.01,211,47.4,73.3,50,1,Hydrolab DS5 46712,Mile28
9/17/20,5:15:00,5.71,7.02,212,84.8,75,50,1,Hydrolab DS5 46712,Mile28
9/17/20,5:30:00,5.7,7.01,211,65.6,73.6,50,1,Hydrolab DS5 46712,Mile28
9/17/20,5:45:00,5.69,7.02,211,46.3,70.9,50,1,Hydrolab DS5 46712,Mile28
9/17/20,6:00:00,5.68,7.02,211,81.1,75.6,50,1,Hydrolab DS5 46712,Mile28
9/17/20,6:15:00,5.67,7.02,211,28.5,72.4,50,1,Hydrolab DS5 46712,Mile28
9/17/20,6:30:00,5.66,7.02,211,45.8,74.3,50,1,Hydrolab DS5 46712,Mile28
9/17/20,6:45:00,5.65,7.01,211,98.9,75.2,50,1,Hydrolab DS5 46712,Mile28
9/17/20,7:00:00,5.64,7.01,212,30.9,75,50,1,Hydrolab DS5 46712,Mile28
9/17/20,7:15:00,5.62,7.01,211,77,74.6,50,1,Hydrolab DS5 46712,Mile28
9/17/20,7:30:00,5.6,7.02,211,80.5,72.9,50,1,Hydrolab DS5 46712,Mile28
9/17/20,7:45:00,5.59,7.02,212,88.4,74.5,50,1,Hydrolab DS5 46712,Mile28
9/17/20,8:00:00,5.58,7.01,212,60.6,74.9,50,1,Hydrolab DS5 46712,Mile28
9/17/20,8:15:00,5.57,7.01,211,24.1,73.1,50,1,Hydrolab DS5 46712,Mile28
9/17/20,8:30:00,5.56,7.02,211,36.1,73.2,50,1,Hydrolab DS5 46712,Mile28
9/17/20,8:45:00,5.56,7.01,212,18.8,73.6,50,1,Hydrolab DS5 46712,Mile28
9/17/20,9:00:00,5.55,7.02,212,55.9,73.4,50,1,Hydrolab DS5 46712,Mile28
9/17/20,9:15:00,5.54,7.01,212,54.3,72.9,50,1,Hydrolab DS5 46712,Mile28
9/17/20,9:30:00,5.54,7.02,211,38.8,70.9,50,1,Hydrolab DS5 46712,Mile28
9/17/20,9:45:00,5.53,7.02,212,121.3,71.9,50,1,Hydrolab DS5 46712,Mile28
9/17/20,10:00:00,5.53,7.02,212,31.4,74.1,50,1,Hydrolab DS5 46712,Mile28
9/17/20,10:15:00,5.53,7.01,212,28.7,74.4,50,1,Hydrolab DS5 46712,Mile28
9/17/20,10:30:00,5.53,7.01,212,28.4,74.7,50,1,Hydrolab DS5 46712,Mile28
9/17/20,10:45:00,5.53,7.01,211,97.7,74.9,50,1,Hydrolab DS5 46712,Mile28
9/17/20,11:00:00,5.52,7.02,212,18.5,73.5,50,1,Hydrolab DS5 46712,Mile28
9/17/20,11:15:00,5.53,7.01,212,28.1,75.2,50,1,Hydrolab DS5 46712,Mile28
9/17/20,11:30:00,5.52,7.01,212,18.3,74.5,50,1,Hydrolab DS5 46712,Mile28
9/17/20,11:45:00,5.52,7.01,212,25.7,73.1,50,1,Hydrolab DS5 46712,Mile28
9/17/20,12:00:00,5.52,7.02,211,17.7,74.1,50,1,Hydrolab DS5 46712,Mile28
9/17/20,12:15:00,5.52,7.02,212,22,73.7,50,1,Hydrolab DS5 46712,Mile28
9/17/20,12:30:00,5.53,7.02,212,30.4,73.3,50,1,Hydrolab DS5 46712,Mile28
9/17/20,12:45:00,5.54,7.01,212,25.6,75.2,50,1,Hydrolab DS5 46712,Mile28
9/17/20,13:00:00,5.55,7.01,212,45.6,74.3,50,1,Hydrolab DS5 46712,Mile28
9/17/20,13:15:00,5.57,7.01,212,5.2,73.2,50,1,Hydrolab DS5 46712,Mile28
9/17/20,13:30:00,5.6,7.02,212,4.1,74.8,50,1,Hydrolab DS5 46712,Mile28
9/17/20,13:45:00,5.63,7.01,212,1.1,73.9,50,1,Hydrolab DS5 46712,Mile28
9/17/20,14:00:00,5.65,7.02,212,28.4,74.1,50,1,Hydrolab DS5 46712,Mile28
9/17/20,14:15:00,5.67,7.02,212,0.6,72.7,50,1,Hydrolab DS5 46712,Mile28
9/17/20,14:30:00,5.7,7.01,212,0.7,71.3,50,1,Hydrolab DS5 46712,Mile28
9/17/20,14:45:00,5.73,7.02,212,21.8,71,50,1,Hydrolab DS5 46712,Mile28
9/17/20,15:00:00,5.77,7.01,212,4.7,75,50,1,Hydrolab DS5 46712,Mile28
9/17/20,15:15:00,5.8,7.02,212,3.9,74.3,50,1,Hydrolab DS5 46712,Mile28
9/17/20,15:30:00,5.83,7.01,212,3.5,75.8,50,1,Hydrolab DS5 46712,Mile28
9/17/20,15:45:00,5.85,7.01,212,29.5,75,50,1,Hydrolab DS5 46712,Mile28
9/17/20,16:00:00,5.87,7.01,212,1.3,75.4,50,1,Hydrolab DS5 46712,Mile28
9/17/20,16:15:00,5.88,7.01,212,4.7,75.1,50,1,Hydrolab DS5 46712,Mile28
9/17/20,16:30:00,5.89,7.01,212,11.5,75.3,50,1,Hydrolab DS5 46712,Mile28
9/17/20,16:45:00,5.89,7.02,212,12.6,74.7,50,1,Hydrolab DS5 46712,Mile28
9/17/20,17:00:00,5.89,7.02,212,45.2,74.4,48,1,Hydrolab DS5 46712,Mile28
9/17/20,17:15:00,5.89,7.02,212,30.3,73,48,1,Hydrolab DS5 46712,Mile28
9/17/20,17:30:00,5.89,7.02,212,7.4,73,50,1,Hydrolab DS5 46712,Mile28
9/17/20,17:45:00,5.9,7.01,212,0.5,74,48,1,Hydrolab DS5 46712,Mile28
9/17/20,18:00:00,5.91,7.02,212,9.7,73.2,48,1,Hydrolab DS5 46712,Mile28
9/17/20,18:15:00,5.92,7.01,212,8.1,74.2,48,1,Hydrolab DS5 46712,Mile28
9/17/20,18:30:00,5.94,7.01,212,2,74,48,1,Hydrolab DS5 46712,Mile28
9/17/20,18:45:00,5.95,7.01,212,5,74,48,1,Hydrolab DS5 46712,Mile28
9/17/20,19:00:00,5.96,7.01,212,6.5,73.9,50,1,Hydrolab DS5 46712,Mile28
9/17/20,19:15:00,5.95,7.02,212,3.1,73.3,50,1,Hydrolab DS5 46712,Mile28
9/17/20,19:30:00,5.95,7.01,212,11.5,73.1,48,1,Hydrolab DS5 46712,Mile28
9/17/20,19:45:00,5.94,7.02,212,2.6,72.9,48,1,Hydrolab DS5 46712,Mile28
9/17/20,20:00:00,5.93,7.02,212,4.4,70.3,50,1,Hydrolab DS5 46712,Mile28
9/17/20,20:15:00,5.91,7.01,212,2.9,71.4,48,1,Hydrolab DS5 46712,Mile28
9/17/20,20:30:00,5.89,7.01,212,70.4,71.2,48,1,Hydrolab DS5 46712,Mile28
9/17/20,20:45:00,5.87,7.02,212,8.4,69.3,50,1,Hydrolab DS5 46712,Mile28
9/17/20,21:00:00,5.85,7.01,212,0,71.2,48,1,Hydrolab DS5 46712,Mile28
9/17/20,21:15:00,5.83,7.02,212,10.9,70.7,48,1,Hydrolab DS5 46712,Mile28
9/17/20,21:30:00,5.82,7.01,212,3.3,70.6,50,1,Hydrolab DS5 46712,Mile28
9/17/20,21:45:00,5.8,7.01,212,0.9,71,50,1,Hydrolab DS5 46712,Mile28
9/17/20,22:00:00,5.8,7.02,212,8.1,69.7,50,1,Hydrolab DS5 46712,Mile28
9/17/20,22:15:00,5.79,7.01,212,4.7,69.2,48,1,Hydrolab DS5 46712,Mile28
9/17/20,22:30:00,5.79,7.01,212,4.4,68.3,48,1,Hydrolab DS5 46712,Mile28
9/17/20,22:45:00,5.78,7.01,212,30.5,68.6,48,1,Hydrolab DS5 46712,Mile28
9/17/20,23:00:00,5.78,7.02,212,11.1,74.8,50,1,Hydrolab DS5 46712,Mile28
9/17/20,23:15:00,5.78,7.01,212,18.3,68.6,48,1,Hydrolab DS5 46712,Mile28
9/17/20,23:30:00,5.78,7.01,212,0.4,69.1,48,1,Hydrolab DS5 46712,Mile28
9/17/20,23:45:00,5.78,7.01,212,6.1,68.4,48,1,Hydrolab DS5 46712,Mile28
9/18/20,0:00:00,5.77,7.01,212,1.9,69.2,48,1,Hydrolab DS5 46712,Mile28
9/18/20,0:15:00,5.77,7.02,212,4.5,68.7,48,1,Hydrolab DS5 46712,Mile28
9/18/20,0:30:00,5.76,7.01,212,26.9,66.8,48,1,Hydrolab DS5 46712,Mile28
9/18/20,0:45:00,5.76,7.01,212,60.8,65.9,48,1,Hydrolab DS5 46712,Mile28
9/18/20,1:00:00,5.75,7.01,212,7.9,65.4,48,1,Hydrolab DS5 46712,Mile28
9/18/20,1:15:00,5.74,7.01,213,60.7,66.8,48,1,Hydrolab DS5 46712,Mile28
9/18/20,1:30:00,5.74,7.01,213,3.4,65.7,48,1,Hydrolab DS5 46712,Mile28
9/18/20,1:45:00,5.73,7.02,212,15.8,65,48,1,Hydrolab DS5 46712,Mile28
9/18/20,2:00:00,5.72,7.02,212,2.7,64.8,48,1,Hydrolab DS5 46712,Mile28
9/18/20,2:15:00,5.71,7.02,213,2.1,66,48,1,Hydrolab DS5 46712,Mile28
9/18/20,2:30:00,5.71,7.01,213,197.3,63.5,48,1,Hydrolab DS5 46712,Mile28
9/18/20,2:45:00,5.7,7.01,212,21.5,61.5,48,1,Hydrolab DS5 46712,Mile28
9/18/20,3:00:00,5.69,7.01,212,1.1,64.6,48,1,Hydrolab DS5 46712,Mile28
9/18/20,3:15:00,5.68,7.02,213,12.2,64,48,1,Hydrolab DS5 46712,Mile28
9/18/20,3:30:00,5.67,7.01,212,43.8,64.9,48,1,Hydrolab DS5 46712,Mile28
9/18/20,3:45:00,5.66,7.01,213,15.1,63.9,48,1,Hydrolab DS5 46712,Mile28
9/18/20,4:00:00,5.65,7.02,212,0.7,63.9,48,1,Hydrolab DS5 46712,Mile28
9/18/20,4:15:00,5.63,7.02,212,34.6,62.7,48,1,Hydrolab DS5 46712,Mile28
9/18/20,4:30:00,5.62,7.02,212,63,62.3,48,1,Hydrolab DS5 46712,Mile28
9/18/20,4:45:00,5.61,7.02,213,10.8,41,48,1,Hydrolab DS5 46712,Mile28
9/18/20,5:00:00,5.6,7.01,213,4.2,59.7,48,1,Hydrolab DS5 46712,Mile28
9/18/20,5:15:00,5.59,7.01,213,4.3,60.5,48,1,Hydrolab DS5 46712,Mile28
9/18/20,5:30:00,5.58,7.01,213,0,54,48,1,Hydrolab DS5 46712,Mile28
9/18/20,5:45:00,5.56,7.01,213,2.8,66.7,48,1,Hydrolab DS5 46712,Mile28
9/18/20,6:00:00,5.55,7.01,212,5.3,59.9,48,1,Hydrolab DS5 46712,Mile28
9/18/20,6:15:00,5.54,7.02,213,22.3,61.6,48,1,Hydrolab DS5 46712,Mile28
9/18/20,6:30:00,5.52,7.01,213,3.5,61,48,1,Hydrolab DS5 46712,Mile28
9/18/20,6:45:00,5.51,7.01,213,4.9,61,48,1,Hydrolab DS5 46712,Mile28
9/18/20,7:00:00,5.5,7.02,212,22.8,59.1,48,1,Hydrolab DS5 46712,Mile28
9/18/20,7:15:00,5.48,7.02,212,9.7,63.7,48,1,Hydrolab DS5 46712,Mile28
9/18/20,7:30:00,5.46,7.01,213,71.5,61.9,47,1,Hydrolab DS5 46712,Mile28
9/18/20,7:45:00,5.45,7.01,213,12.6,56.2,48,1,Hydrolab DS5 46712,Mile28
9/18/20,8:00:00,5.43,7.01,213,28.2,51.7,47,1,Hydrolab DS5 46712,Mile28
9/18/20,8:15:00,5.4,7.02,212,10.2,60.1,47,1,Hydrolab DS5 46712,Mile28
9/18/20,8:30:00,5.39,7.01,212,3.3,62,47,1,Hydrolab DS5 46712,Mile28
9/18/20,8:45:00,5.37,7.01,212,16.2,61.6,47,1,Hydrolab DS5 46712,Mile28
9/18/20,9:00:00,5.36,7.01,213,11.7,60.1,47,1,Hydrolab DS5 46712,Mile28
9/18/20,9:15:00,5.34,7.01,212,19.4,60.2,47,1,Hydrolab DS5 46712,Mile28
9/18/20,9:30:00,5.33,7.01,213,35.6,60.1,47,1,Hydrolab DS5 46712,Mile28
9/18/20,9:45:00,5.33,7.01,212,30.9,59.6,47,1,Hydrolab DS5 46712,Mile28
9/18/20,10:00:00,5.33,7.01,212,0.7,63.6,47,1,Hydrolab DS5 46712,Mile28
9/18/20,10:15:00,5.32,7.01,212,3.2,53.1,47,1,Hydrolab DS5 46712,Mile28
9/18/20,10:30:00,5.32,7.01,212,13.5,61.1,47,1,Hydrolab DS5 46712,Mile28
9/18/20,10:45:00,5.31,7.01,212,9.5,55.1,47,1,Hydrolab DS5 46712,Mile28
9/18/20,11:00:00,5.3,7.02,213,6.5,53.3,47,1,Hydrolab DS5 46712,Mile28
9/18/20,11:15:00,5.3,7.01,212,5.5,59.9,47,1,Hydrolab DS5 46712,Mile28
9/18/20,11:30:00,5.31,7.01,213,0,55.1,47,1,Hydrolab DS5 46712,Mile28
9/18/20,11:45:00,5.31,7.01,213,21.4,0,47,1,Hydrolab DS5 46712,Mile28
9/18/20,12:00:00,5.32,7.01,213,9.8,65,47,1,Hydrolab DS5 46712,Mile28
9/18/20,12:15:00,5.33,7.02,213,37.8,57.2,47,1,Hydrolab DS5 46712,Mile28
9/18/20,12:30:00,5.34,7.01,213,31.6,61.5,47,1,Hydrolab DS5 46712,Mile28
9/18/20,12:45:00,5.36,7.01,213,5.7,59.2,47,1,Hydrolab DS5 46712,Mile28
9/18/20,13:00:00,5.38,7.02,213,101.6,58.6,47,1,Hydrolab DS5 46712,Mile28
9/18/20,13:15:00,5.4,7.02,213,45.2,58.5,47,1,Hydrolab DS5 46712,Mile28
9/18/20,13:30:00,5.43,7.01,213,30.9,73.6,47,1,Hydrolab DS5 46712,Mile28
9/18/20,13:45:00,5.45,7.02,213,60.6,47.4,47,1,Hydrolab DS5 46712,Mile28
9/18/20,14:00:00,5.49,7.02,214,27.4,95.1,45,1,Hydrolab DS5 46712,Mile28
9/18/20,14:15:00,5.53,7.01,214,8.7,0,47,1,Hydrolab DS5 46712,Mile28
9/18/20,14:30:00,5.56,7.01,213,42.3,50.5,45,1,Hydrolab DS5 46712,Mile28
9/18/20,14:45:00,5.59,7.01,213,30.5,70.4,47,1,Hydrolab DS5 46712,Mile28
9/18/20,15:00:00,5.62,7.02,213,28.9,89.5,47,1,Hydrolab DS5 46712,Mile28
9/18/20,15:15:00,5.64,7.02,213,22,104.1,47,1,Hydrolab DS5 46712,Mile28
9/18/20,15:30:00,5.66,7.01,213,4.4,106.6,47,1,Hydrolab DS5 46712,Mile28
9/18/20,15:45:00,5.68,7.02,213,6.5,0,45,1,Hydrolab DS5 46712,Mile28
9/18/20,16:00:00,5.69,7.01,214,60.5,80.7,47,1,Hydrolab DS5 46712,Mile28
9/18/20,16:15:00,5.71,7.02,213,11,41.3,47,1,Hydrolab DS5 46712,Mile28
9/18/20,16:30:00,5.73,7.02,213,0,87.5,47,1,Hydrolab DS5 46712,Mile28
9/18/20,16:45:00,5.74,7.01,213,3.4,110.3,47,1,Hydrolab DS5 46712,Mile28
9/18/20,17:00:00,5.75,7.01,213,3.1,0,47,1,Hydrolab DS5 46712,Mile28
9/18/20,17:15:00,5.76,7.02,213,7.8,73.4,47,1,Hydrolab DS5 46712,Mile28
9/18/20,17:30:00,5.76,7.02,213,6.8,90.5,47,1,Hydrolab DS5 46712,Mile28
9/18/20,17:45:00,5.76,7.02,213,2.8,53.7,47,1,Hydrolab DS5 46712,Mile28
9/18/20,18:00:00,5.76,7.01,213,28.4,63.5,45,1,Hydrolab DS5 46712,Mile28
9/18/20,18:15:00,5.77,7.02,213,13.2,55,47,1,Hydrolab DS5 46712,Mile28
9/18/20,18:30:00,5.77,7.01,213,27.2,74.4,45,1,Hydrolab DS5 46712,Mile28
9/18/20,18:45:00,5.76,7.01,213,23.3,59.7,45,1,Hydrolab DS5 46712,Mile28
9/18/20,19:00:00,5.76,7.02,213,17.7,99.3,47,1,Hydrolab DS5 46712,Mile28
9/18/20,19:15:00,5.75,7.01,213,14.8,63.3,45,1,Hydrolab DS5 46712,Mile28
9/18/20,19:30:00,5.75,7.01,213,15.5,61.9,45,1,Hydrolab DS5 46712,Mile28
9/18/20,19:45:00,5.74,7.01,213,38.2,64.4,47,1,Hydrolab DS5 46712,Mile28
9/18/20,20:00:00,5.72,7.02,213,38.6,58.3,45,1,Hydrolab DS5 46712,Mile28
9/18/20,20:15:00,5.71,7.01,213,11.4,61.7,45,1,Hydrolab DS5 46712,Mile28
9/18/20,20:30:00,5.69,7.02,213,15.8,51.2,45,1,Hydrolab DS5 46712,Mile28
9/18/20,20:45:00,5.68,7.01,213,30.3,55,45,1,Hydrolab DS5 46712,Mile28
9/18/20,21:00:00,5.67,7.02,213,16.1,62.5,47,1,Hydrolab DS5 46712,Mile28
9/18/20,21:15:00,5.66,7.02,213,8.4,58.7,45,1,Hydrolab DS5 46712,Mile28
9/18/20,21:30:00,5.65,7.02,213,45.8,55.4,47,1,Hydrolab DS5 46712,Mile28
9/18/20,21:45:00,5.64,7.01,213,20.1,56.5,45,1,Hydrolab DS5 46712,Mile28
9/18/20,22:00:00,5.63,7.02,213,133.5,55.9,45,1,Hydrolab DS5 46712,Mile28
9/18/20,22:15:00,5.62,7.01,214,35.4,61.5,45,1,Hydrolab DS5 46712,Mile28
9/18/20,22:30:00,5.62,7.01,214,70.9,63.2,45,1,Hydrolab DS5 46712,Mile28
9/18/20,22:45:00,5.61,7.01,213,57.8,63.8,45,1,Hydrolab DS5 46712,Mile28
9/18/20,23:00:00,5.6,7.01,214,164.5,60.9,45,1,Hydrolab DS5 46712,Mile28
9/18/20,23:15:00,5.6,7.01,213,48.2,58.3,45,1,Hydrolab DS5 46712,Mile28
9/18/20,23:30:00,5.59,7.01,213,52.8,69.3,45,1,Hydrolab DS5 46712,Mile28
9/18/20,23:45:00,5.59,7.01,213,48.4,62.1,45,1,Hydrolab DS5 46712,Mile28
9/19/20,0:00:00,5.58,7.02,213,255.4,61.2,45,1,Hydrolab DS5 46712,Mile28
9/19/20,0:15:00,5.58,7.01,213,25.2,57.1,45,1,Hydrolab DS5 46712,Mile28
9/19/20,0:30:00,5.58,7.02,213,22.8,57,45,1,Hydrolab DS5 46712,Mile28
9/19/20,0:45:00,5.57,7.01,213,30.6,60.6,45,1,Hydrolab DS5 46712,Mile28
9/19/20,1:00:00,5.57,7.02,213,28.4,56.5,45,1,Hydrolab DS5 46712,Mile28
9/19/20,1:15:00,5.57,7.01,213,17.5,62,45,1,Hydrolab DS5 46712,Mile28
9/19/20,1:30:00,5.56,7.02,213,16.7,53.5,45,1,Hydrolab DS5 46712,Mile28
9/19/20,1:45:00,5.56,7.01,214,21.9,59.9,45,1,Hydrolab DS5 46712,Mile28
9/19/20,2:00:00,5.55,7.02,213,124.3,57.8,45,1,Hydrolab DS5 46712,Mile28
9/19/20,2:15:00,5.55,7.01,213,45.8,68.1,45,1,Hydrolab DS5 46712,Mile28
9/19/20,2:30:00,5.55,7.01,213,6,65.7,45,1,Hydrolab DS5 46712,Mile28
9/19/20,2:45:00,5.54,7.01,213,15.2,65,45,1,Hydrolab DS5 46712,Mile28
9/19/20,3:00:00,5.54,7.01,213,22.4,61.2,45,1,Hydrolab DS5 46712,Mile28
9/19/20,3:15:00,5.53,7.01,214,113.9,72,45,1,Hydrolab DS5 46712,Mile28
9/19/20,3:30:00,5.53,7.01,214,31.2,57.5,45,1,Hydrolab DS5 46712,Mile28
9/19/20,3:45:00,5.53,7.01,214,62.9,72.2,45,1,Hydrolab DS5 46712,Mile28
9/19/20,4:00:00,5.52,7.01,213,12.5,65.9,45,1,Hydrolab DS5 46712,Mile28
9/19/20,4:15:00,5.52,7.02,214,31.6,63.2,45,1,Hydrolab DS5 46712,Mile28
9/19/20,4:30:00,5.51,7.01,213,6.5,66.1,45,1,Hydrolab DS5 46712,Mile28
9/19/20,4:45:00,5.51,7.01,213,16.7,66.5,45,1,Hydrolab DS5 46712,Mile28
9/19/20,5:00:00,5.5,7.02,213,20,61.5,45,1,Hydrolab DS5 46712,Mile28
9/19/20,5:15:00,5.5,7.02,213,25.8,63.7,45,1,Hydrolab DS5 46712,Mile28
9/19/20,5:30:00,5.49,7.02,213,9.1,68.1,45,1,Hydrolab DS5 46712,Mile28
9/19/20,5:45:00,5.49,7.01,213,101.8,71.2,45,1,Hydrolab DS5 46712,Mile28
9/19/20,6:00:00,5.48,7.01,213,43.4,68.1,45,1,Hydrolab DS5 46712,Mile28
9/19/20,6:15:00,5.47,7.01,214,53.2,64.9,45,1,Hydrolab DS5 46712,Mile28
9/19/20,6:30:00,5.46,7.01,214,61.2,71.6,45,1,Hydrolab DS5 46712,Mile28
9/19/20,6:45:00,5.45,7.01,214,25,65.2,45,1,Hydrolab DS5 46712,Mile28
9/19/20,7:00:00,5.44,7.01,213,171,66.4,45,1,Hydrolab DS5 46712,Mile28
9/19/20,7:15:00,5.43,7.01,213,65.3,68.5,44,1,Hydrolab DS5 46712,Mile28
9/19/20,7:30:00,5.42,7.01,213,57.3,68.8,45,1,Hydrolab DS5 46712,Mile28
9/19/20,7:45:00,5.4,7.01,213,14.8,66.7,44,1,Hydrolab DS5 46712,Mile28
9/19/20,8:00:00,5.39,7.01,214,84.2,61.4,45,1,Hydrolab DS5 46712,Mile28
9/19/20,8:15:00,5.37,7.01,213,41.1,67.2,45,1,Hydrolab DS5 46712,Mile28
9/19/20,8:30:00,5.36,7.01,213,35.9,62.4,45,1,Hydrolab DS5 46712,Mile28
9/19/20,8:45:00,5.35,7.01,213,105.9,68.8,45,1,Hydrolab DS5 46712,Mile28
9/19/20,9:00:00,5.35,7.02,213,85.2,63.9,44,1,Hydrolab DS5 46712,Mile28
9/19/20,9:15:00,5.34,7.01,213,16.7,72.7,44,1,Hydrolab DS5 46712,Mile28
9/19/20,9:30:00,5.33,7.01,213,30.8,132.5,45,1,Hydrolab DS5 46712,Mile28
9/19/20,9:45:00,5.33,7.02,214,108,142.9,44,1,Hydrolab DS5 46712,Mile28
9/19/20,10:00:00,5.32,7.01,213,24.8,65.2,44,1,Hydrolab DS5 46712,Mile28
9/19/20,10:15:00,5.32,7.02,214,47.9,70.1,44,1,Hydrolab DS5 46712,Mile28
9/19/20,10:30:00,5.31,7.01,214,38.1,70.6,44,1,Hydrolab DS5 46712,Mile28
9/19/20,10:45:00,5.31,7.01,213,98.2,67.5,44,1,Hydrolab DS5 46712,Mile28
9/19/20,11:00:00,5.31,7.01,213,42.7,71,44,1,Hydrolab DS5 46712,Mile28
9/19/20,11:15:00,5.32,7.02,213,14.1,71.9,44,1,Hydrolab DS5 46712,Mile28
9/19/20,11:30:00,5.32,7.01,214,98.4,71.6,44,1,Hydrolab DS5 46712,Mile28
9/19/20,11:45:00,5.33,7.01,214,16.1,70.8,44,1,Hydrolab DS5 46712,Mile28
9/19/20,12:00:00,5.33,7.02,214,11.3,70.9,44,1,Hydrolab DS5 46712,Mile28
9/19/20,12:15:00,5.34,7.01,213,41.5,82.1,44,1,Hydrolab DS5 46712,Mile28
9/19/20,12:30:00,5.36,7.02,214,73.3,69.4,44,1,Hydrolab DS5 46712,Mile28
9/19/20,12:45:00,5.36,7.02,214,15,67.7,44,1,Hydrolab DS5 46712,Mile28
9/19/20,13:00:00,5.38,7.01,214,12.4,74.6,44,1,Hydrolab DS5 46712,Mile28
9/19/20,13:15:00,5.4,7.01,214,18.3,80.9,44,1,Hydrolab DS5 46712,Mile28
9/19/20,13:30:00,5.41,7.01,214,33.3,84.2,44,1,Hydrolab DS5 46712,Mile28
9/19/20,13:45:00,5.43,7.01,214,15.8,74.9,44,1,Hydrolab DS5 46712,Mile28
9/19/20,14:00:00,5.45,7.01,214,24.8,82.7,44,1,Hydrolab DS5 46712,Mile28
9/19/20,14:15:00,5.47,7.02,214,65.4,68.1,44,1,Hydrolab DS5 46712,Mile28
9/19/20,14:30:00,5.48,7.02,214,17.5,82.4,44,1,Hydrolab DS5 46712,Mile28
9/19/20,14:45:00,5.49,7.02,213,32.3,86.9,44,1,Hydrolab DS5 46712,Mile28
9/19/20,15:00:00,5.51,7.02,214,85.4,79.8,44,1,Hydrolab DS5 46712,Mile28
9/19/20,15:15:00,5.52,7.01,214,12.3,80.3,44,1,Hydrolab DS5 46712,Mile28
9/19/20,15:30:00,5.53,7.01,214,19.9,79.8,44,1,Hydrolab DS5 46712,Mile28
9/19/20,15:45:00,5.55,7.01,214,15.4,0,44,1,Hydrolab DS5 46712,Mile28
9/19/20,16:00:00,5.56,7.01,214,134.6,0,44,1,Hydrolab DS5 46712,Mile28
9/19/20,16:15:00,5.58,7.01,214,43.6,155.6,44,1,Hydrolab DS5 46712,Mile28
9/19/20,16:30:00,5.61,7.01,214,222.1,0,44,1,Hydrolab DS5 46712,Mile28
9/19/20,16:45:00,5.63,7.02,214,20.4,127.7,44,1,Hydrolab DS5 46712,Mile28
9/19/20,17:00:00,5.64,7.01,214,38.2,88.2,44,1,Hydrolab DS5 46712,Mile28
9/19/20,17:15:00,5.65,7.01,214,144.4,97.5,44,1,Hydrolab DS5 46712,Mile28
9/19/20,17:30:00,5.66,7.01,214,100.6,87.9,44,1,Hydrolab DS5 46712,Mile28
9/19/20,17:45:00,5.66,7.02,214,26.7,89.2,44,1,Hydrolab DS5 46712,Mile28
9/19/20,18:00:00,5.67,7.02,214,61.5,98.6,44,1,Hydrolab DS5 46712,Mile28
9/19/20,18:15:00,5.67,7.01,214,27.3,105.9,44,1,Hydrolab DS5 46712,Mile28
9/19/20,18:30:00,5.67,7.02,214,18.6,102.8,44,1,Hydrolab DS5 46712,Mile28
9/19/20,18:45:00,5.67,7.01,214,13.3,94.3,44,1,Hydrolab DS5 46712,Mile28
9/19/20,19:00:00,5.66,7.02,214,23.9,85.3,42,1,Hydrolab DS5 46712,Mile28
9/19/20,19:15:00,5.66,7.02,214,12.6,98.6,42,1,Hydrolab DS5 46712,Mile28
9/19/20,19:30:00,5.65,7.01,214,8.4,94.2,42,1,Hydrolab DS5 46712,Mile28
9/19/20,19:45:00,5.63,7.01,214,36.4,91.7,42,1,Hydrolab DS5 46712,Mile28
9/19/20,20:00:00,5.62,7.02,214,259.6,108.5,42,1,Hydrolab DS5 46712,Mile28
9/19/20,20:15:00,5.6,7.01,214,16.8,103.3,42,1,Hydrolab DS5 46712,Mile28
9/19/20,20:30:00,5.58,7.01,214,19.7,90.1,42,1,Hydrolab DS5 46712,Mile28
9/19/20,20:45:00,5.55,7.01,213,24.4,95.1,42,1,Hydrolab DS5 46712,Mile28
9/19/20,21:00:00,5.53,7.01,214,4.5,93.7,42,1,Hydrolab DS5 46712,Mile28
9/19/20,21:15:00,5.51,7.02,213,8.9,110,42,1,Hydrolab DS5 46712,Mile28
9/19/20,21:30:00,5.49,7.02,213,109.8,106.4,41,1,Hydrolab DS5 46712,Mile28
9/19/20,21:45:00,5.48,7.01,213,28,106.3,42,1,Hydrolab DS5 46712,Mile28
9/19/20,22:00:00,5.46,7.02,214,20.4,104.7,42,1,Hydrolab DS5 46712,Mile28