Sample,Sample,Site,Taxon,Size,Estimated Count,Concentration,Energy,DateTime,Time,FlowNormalized,FlowChangeNormalized,Temperature,Turbidity,Windspeed,MaxWindspeed,Rainfall,Light,BoatWakes,FineDebrisMass,CoarseDebrisMass,DebrisMass,PumpIntakeVelocity,PumpIntakeProportionalDepth,PumpIntakeWaterDepth,MeanBucketFillTime,LogConcentration,PreyToDebrisRatio,TimeOfDay_s,DateTimeInEpoch_s
2019-05-12 First Bridge,2019-05-12 First Bridge,First Bridge,,,418.3333333,20.97610066,23.6195975,5/12/19 12:23,12:23:00,1.372789116,-0.021598639,4.2,4.726666667,0.818181818,12.5,0,60000,0,31.66,3.978,35.638,,,,3.411666667,3.043383726,0.588588043,44580,1557663780
2019-05-12 Nordale,2019-05-12 Nordale,Nordale,,,410,20.0730525,17.18050975,5/12/19 19:39,19:39:30,1.115942029,0,7.5,22.05,0.362068966,5.6,0,30000,0,31.383,0.698,32.081,,,,3.386666667,2.999378244,0.62569909,70770,1557689970
2019-05-12 Third Bridge,2019-05-12 Third Bridge,Third Bridge,,,484.1428571,23.86085216,14.80026196,5/12/19 15:43,15:43:00,1.285714286,-0.022959184,4.8,5.77,1.591836735,6.1,0,55000,0,10.931,0.674,11.605,,,,3.353333333,3.172239131,2.056083771,56580,1557675780
2019-05-15 First Bridge,2019-05-15 First Bridge,First Bridge,,,306.2727273,20.73500114,17.46646727,5/15/19 17:19,17:19:30,1.418367347,-0.015306122,6.5,8.096666667,5.688607595,19.7,0,,0,22.321,2.094,24.415,0.54,0.496674058,0.451,3.608333333,3.031823149,0.849273035,62370,1557940770
2019-05-15 Nordale,2019-05-15 Nordale,Nordale,,,751.8,58.15993266,21.05739694,5/15/19 19:36,19:36:00,1.050724638,0.009057971,9.4,9.666666667,1.703225806,8.4,0,,4,25.428,1.86,27.288,0.24,0.545741325,0.317,3.86,4.063196675,2.131337315,70560,1557948960
2019-05-15 Third Bridge,2019-05-15 Third Bridge,Third Bridge,,,279,16.34744268,8.858495038,5/15/19 14:34,14:34:00,1.469387755,-0.017857143,4.6,9.92,2.832,15.3,0,,0,10.26,0.563,10.823,0.45,0.685714286,0.35,3.986666667,2.794071474,1.510435432,52440,1557930840
2019-05-23 First Bridge,2019-05-23 First Bridge,First Bridge,,,428.7777778,21.84640843,15.77636524,5/23/19 16:15,16:15:00,1.183673469,-0.00255102,8,2.493333333,4.069306931,18.4,0,21800,0,10.58,0.79,11.37,0.45,0.609756098,0.41,3.466666667,3.084036534,1.921407953,58500,1558628100
2019-05-23 Nordale,2019-05-23 Nordale,Nordale,,,937,48.26844503,18.84694182,5/23/19 12:54,12:54:00,0.989855072,-0.003623188,9.8,5.54,3.021238938,9.4,0,28200,1,5.592,0.303,5.895,0.19,0.785714286,0.35,3.505,3.876778035,8.188031388,46440,1558616040
2019-05-23 Third Bridge,2019-05-23 Third Bridge,Third Bridge,,,469,22.91923868,13.8046375,5/23/19 19:22,19:22:00,1.163265306,-0.010204082,9.1,1.796666667,1.84137931,10,0,12900,0,3.922,0.264,4.186,0.41,0.463768116,0.345,3.325,3.131976675,5.475212299,69720,1558639320
2019-05-27 Boat Shop,2019-05-27 Boat Shop,Boat Shop,,,421.3333333,22.57142857,12.79951231,5/27/19 19:19,19:19:00,1.104655493,-0.002513966,12.9,13.94,1.667532468,11.8,0,5938,5,5.134,0.208,5.342,0.19,0.5,0.56,3.645,3.116684884,4.225276782,69540,1558984740
2019-05-27 Cripple Creek,2019-05-27 Cripple Creek,Cripple Creek,,,1195,78.30259161,81.49582329,5/27/19 21:44,21:44:00,1.10018622,-0.002793296,13,16.34333333,0,0,0,2830,0,8.86,2.106,10.966,0.25,0.592592593,0.27,4.458333333,4.360580701,7.140488019,78240,1558993440
2019-05-27 Dam,2019-05-27 Dam,Dam,,,455.2222222,30.55332375,18.44226542,5/27/19 15:44,15:44:00,0.992270531,-0.005434783,10.7,9.253333333,0.64,8.1,0,20500,6,6.342,0.575,6.917,0.23,0.513761468,0.545,4.566666667,3.419473477,4.417135138,56640,1558971840
2019-05-28 First Bridge Slough,2019-05-28 First Bridge Slough,First Bridge Slough,,,262,13.96511856,77.74445551,5/28/19 17:41,17:41:00,0.829591837,-0.00372449,4.8,2.233333333,1.483636364,7.9,0,61500,0,1.498,0.312,1.81,0,0.192,0.625,3.626666667,2.636562689,7.715535115,63660,1559065260
2019-05-28 Little Chena,2019-05-28 Little Chena,Little Chena,,,783.2,51.39606114,40.52838259,5/28/19 20:49,20:49:00,0.809677419,-0.000215054,10.3,7.53,0,0,0,2550,0,2.549,0.123,2.672,2.4,0.333333333,0.36,4.465,3.939561538,19.23505282,74940,1559076540
2019-05-28 Wegner Creek,2019-05-28 Wegner Creek,Wegner Creek,,,1154,67.16402116,82.31074335,5/28/19 13:04,13:04:00,0.846938776,-0.004693878,6.2,0.853333333,0.958695652,6.2,0,69800,0,0.847,,,0.52,0.53164557,0.395,3.96,4.207137705,,47040,1559048640
2019-05-29 First Bridge #1,2019-05-29 First Bridge #1,First Bridge,,,527,28.89050558,33.11480713,5/29/19 18:45,18:45:00,0.796938776,-0.006122449,8.7,2.076666667,1.411111111,6.7,0,13100,0,5.978,2.461,8.439,0.4,0.424242424,0.33,3.73,3.363513015,3.423451308,67500,1559155500
2019-05-29 First Bridge #2,2019-05-29 First Bridge #2,First Bridge,,,1133,62.25061238,31.11734387,5/29/19 21:53,21:53:00,0.784421769,-0.005170068,8.8,3.35,0.616666667,5.4,0,6380,0,13.805,,,0.4,0.424242424,0.33,3.738333333,4.131168373,,78780,1559166780
2019-05-29 Nordale,2019-05-29 Nordale,Nordale,,,1289.333333,68.40819126,26.40748896,5/29/19 13:26,13:26:00,0.8352657,-0.003623188,11.4,4.683333333,1.020689655,4.9,0,66200,0,5.797,0.183,5.98,0.16,0.439393939,0.33,3.61,4.225492573,11.43949687,48360,1559136360
2019-05-29 Third Bridge,2019-05-29 Third Bridge,Third Bridge,,,333.5454545,18.27702287,15.56047327,5/29/19 16:15,16:15:00,0.813265306,-0.006122449,9.2,1.163333333,0.561538462,4.6,0,66200,0,1.619,0.117,1.736,0.28,0.444444444,0.27,3.728333333,2.90564469,10.52823898,58500,1559146500
2019-05-30 First Bridge #3,2019-05-30 First Bridge #3,First Bridge,,,946,52.11527533,31.65768328,5/30/19 0:48,0:48:00,0.77244898,-0.005714286,7.9,3.35,2.498360656,10.6,0,115,0,12.401,2.381,14.782,0.4,0.424242424,0.33,3.748333333,3.953458098,3.525590267,2880,1559177280
2019-05-30 First Bridge #4,2019-05-30 First Bridge #4,First Bridge,,,688,37.39643347,29.88233947,5/30/19 3:57,3:57:00,0.764285714,-0.003826531,7.7,3.35,1.305,8,0,265.8,0,9.414,1.622,11.036,0.4,0.424242424,0.33,3.698333333,3.621575338,3.388585853,14220,1559188620
2019-05-30 First Bridge #5,2019-05-30 First Bridge #5,First Bridge,,,628.6666667,34.54093997,25.62194885,5/30/19 6:46,6:46:00,0.757142857,-0.001666667,7,3.35,2.488,7.4,0,5989,0,8.766,1.85,10.616,0.4,0.424242424,0.33,3.738333333,3.542145286,3.253668045,24360,1559198760
2019-05-30 First Bridge #6,2019-05-30 First Bridge #6,First Bridge,,,364.6,16.98680188,12.19260969,5/30/19 10:05,10:05:00,0.757142857,-0.000595238,6.9,3.35,0.411428571,3.6,0,19200,0,5.17,1.064,6.234,0.4,0.424242424,0.33,3.698333333,2.832436683,2.724863953,36300,1559210700
2019-05-30 First Bridge #7,2019-05-30 First Bridge #7,First Bridge,,,280.8571429,15.26606898,19.14067604,5/30/19 12:49,12:49:00,0.748979592,-0.004081633,7.6,3.35,0.961764706,6.6,0,18900,0,4.599,1.018,5.617,0.4,0.424242424,0.33,3.698333333,2.725632652,2.717833181,46140,1559220540
2019-05-30 First Bridge #8,2019-05-30 First Bridge #8,First Bridge,,,446,24.18783069,22.9395029,5/30/19 15:47,15:47:00,0.732653061,-0.004098639,9,1.353333333,4.218,16.3,0,19500,0,6.753,1.133,7.886,0.42,0.43902439,0.41,3.69,3.185849643,3.06718624,56820,1559231220
2019-06-03 First Bridge,2019-06-03 First Bridge,First Bridge,,,374.4,21.70387718,9.139498313,6/3/19 15:30,15:30:30,1.12244898,-0.010204082,8.6,4.456666667,4.445454545,15.2,0,66000,0,9.369,0.882,10.251,0.34,0.320512821,0.39,4.01,3.077490916,2.117244872,55830,1559575830
2019-06-03 Nordale,2019-06-03 Nordale,Nordale,,,1396.333333,115.1525791,75.74817467,6/3/19 18:21,18:21:30,1.398550725,-0.001811594,10.858,48.61666667,1.530434783,10,0,43000,0,44.661,0.694,45.355,0.37,0.402439024,0.41,4.208333333,4.746258024,2.538916968,66090,1559586090
2019-06-03 Third Bridge,2019-06-03 Third Bridge,Third Bridge,,,257.8666667,13.98545375,8.604334583,6/3/19 13:04,13:04:30,1.14829932,-0.013435374,6.9,0.896666667,3.696551724,15.8,0,74600,0,1.019,0.157,1.176,0.38,0.394366197,0.355,3.751666667,2.638017772,11.89239265,47070,1559567070
2019-06-10 First Bridge,2019-06-10 First Bridge,First Bridge,,,1089.333333,56.75612385,14.57368076,6/10/19 16:23,16:23:00,0.613265306,0.000952381,10.1365,0.683333333,4.586666667,16.3,0,72900,0,1.004,0.39,1.394,0.18,0.5,0.38,3.545,4.03876356,40.71457952,58980,1560183780
2019-06-10 Nordale,2019-06-10 Nordale,Nordale,,,4953,270.5562904,77.14431678,6/10/19 11:30,11:30:00,0.760869565,-0.001811594,11.929,6.456666667,,,0,78300,1,6.06,0.233,6.293,0.15,0.556818182,0.44,3.716666667,5.600480174,42.99321316,41400,1560166200
2019-06-10 Third Bridge,2019-06-10 Third Bridge,Third Bridge,,,1532,80.80398627,13.57229916,6/10/19 14:23,14:23:00,0.613265306,-0.001785714,8.953,0.443333333,1.63125,6.1,0,69200,0,0.763,0.12,0.883,0.19,0.518987342,0.395,3.708333333,4.392026299,91.51074323,51780,1560176580
2019-06-17 First Bridge,2019-06-17 First Bridge,First Bridge,,,3242,159.1457966,56.13720248,6/17/19 12:20,12:20:00,0.526530612,-0.002040816,10.5285,0.803333333,1.55033557,9.4,0,59000,0,1.413,0.269,1.682,0.32,0.451612903,0.31,3.34,5.069820742,94.61700154,44400,1560774000
2019-06-17 Nordale,2019-06-17 Nordale,Nordale,,,4117,203.308642,87.42390928,6/17/19 17:23,17:23:00,0.660386473,0.000905797,15.366,3.823333333,5.75625,9,0,46800,0,1.674,0.382,2.056,0.16,0.572916667,0.48,3.36,5.314725228,98.88552625,62580,1560792180
2019-06-17 Third Bridge,2019-06-17 Third Bridge,Third Bridge,,,1511,73.98807074,23.75762296,6/17/19 14:42,14:42:00,0.514285714,-0.002142857,9.8905,0.25,2.336363636,11.9,0,14800,0,0.778,,,0.14,0.413793103,0.29,3.331666667,4.303903874,,52920,1560782520
2019-06-18 First Bridge Slough,2019-06-18 First Bridge Slough,First Bridge Slough,,,28236,2106.080247,2173.104462,6/18/19 15:29,15:29:00,0.494897959,-0.000102041,1.439,22.53666667,0.124137931,4.25,0,14200,0,3.232,1.914,5.146,,0.485714286,0.35,3.383333333,7.652583796,409.2654969,55740,1560871740
2019-06-18 Little Chena,2019-06-18 Little Chena,Little Chena,,,13777,892.9537037,213.4925756,6/18/19 9:45,9:45:00,0.641935484,-0.000806452,11.7465,5.563333333,0,0,0,69700,0,1.229,0.052,1.281,0.21,0.56,0.375,4.41,6.794534736,697.0754908,35100,1560851100
2019-06-18 Wegner Creek,2019-06-18 Wegner Creek,Wegner Creek,,,787,40.55938647,678.6722213,6/18/19 12:44,12:44:30,0.501020408,-0.001785714,6.217,0.46,0.253125,6.3,0,25600,0,0.597,0.266,0.863,0.45,0.516129032,0.31,3.565,3.702767233,46.99813033,45870,1560861870
2019-06-19 Boat Shop,2019-06-19 Boat Shop,Boat Shop,,,368,18.10973937,9.96603792,6/19/19 10:47,10:47:00,0.687150838,0,15.6525,6.186666667,2.216470588,8.2,0,62300,0,0.083,0.033,0.116,0.06,0.578947368,0.76,3.348333333,2.89644988,156.1184428,38820,1560941220
2019-06-19 Cripple Creek,2019-06-19 Cripple Creek,Cripple Creek,,,6015,401.6482951,210.8076453,6/19/19 13:18,13:18:00,0.68603352,0,15.748,12.59666667,0.197368421,3,0,67000,0,4.52,3.115,7.635,0.09,0.447368421,0.38,4.543333333,5.995576818,52.60619451,47880,1560950280
2019-06-19 Dam,2019-06-19 Dam,Dam,,,2660,201.9238683,63.64670986,6/19/19 16:26,16:26:00,0.622705314,-0.000241546,20.0915,1.95,0.31,5.7,0,12000,0,2.083,0.498,2.581,0.13,0.76,0.5,5.165,5.307890737,78.23474169,59160,1560961560
2019-06-26 First Bridge #1,2019-06-26 First Bridge #1,First Bridge,,,2342,116.5148442,34.4220966,6/26/19 12:08,12:08:00,0.459183673,-0.002806122,9.5,0.55,3.282857143,9,0,67900,0,2.707,0.26,2.967,0.42,0.341463415,0.41,3.385,4.758018683,39.2702542,43680,1561550880
2019-06-26 First Bridge #2,2019-06-26 First Bridge #2,First Bridge,,,1721,84.21639633,72.60954513,6/26/19 15:07,15:07:30,0.453061224,-0.002346939,10.5,0.453333333,1.683116883,7.9,0,72500,0,4.421,2.075,6.496,,,,3.385,4.433389633,12.96434673,54450,1561561650
2019-06-26 First Bridge #3,2019-06-26 First Bridge #3,First Bridge,,,1453,71.10193136,51.6254011,6/26/19 18:09,18:09:30,0.446938776,-0.002142857,11.5,0.47,1.119402985,5.6,0,21600,0,1.945,0.191,2.136,,,,3.385,4.2641145,33.28742105,65370,1561572570
2019-06-26 First Bridge #4,2019-06-26 First Bridge #4,First Bridge,,,3017,150.0961934,66.97284371,6/26/19 21:08,21:08:00,0.440816327,-0.000680272,11.7,0.47,1.090140845,4,0,11400,0,1.989,0.143,2.132,,,,3.385,5.011276378,70.40159166,76080,1561583280
2019-06-26 First Bridge #5,2019-06-26 First Bridge #5,First Bridge,,,3302,164.2749853,50.28980516,6/27/19 0:09,0:09:00,0.437755102,-0.00127551,10.8,0.41,0.016666667,1.5,0,776.8,0,2.043,0.221,2.264,,,,3.385,5.101541763,72.55962248,540,1561594140
2019-06-27 First Bridge #6,2019-06-27 First Bridge #6,First Bridge,,,3212,159.7974721,49.44745655,6/27/19 3:07,3:07:00,0.435714286,0,10,0.41,2.521621622,6.1,0,178.8,0,5.032,0.311,5.343,,,,3.385,5.073907214,29.90781809,11220,1561604820
2019-06-27 First Bridge #7,2019-06-27 First Bridge #7,First Bridge,,,2021.333333,100.5616304,69.69976431,6/27/19 6:09,6:09:00,0.435714286,0.00127551,8.9,0.41,2.164864865,6.5,0,4198,0,2.408,,,,,,3.385,4.610770777,,22140,1561615740
2019-06-27 First Bridge #8,2019-06-27 First Bridge #8,First Bridge,,,2192,111.5759357,37.17158062,6/27/19 9:08,9:08:00,0.440816327,0,8.9,0.37,2.442253521,5.8,0,14800,0,2.45,0.206,2.656,0.43,0.428571429,0.42,3.463333333,4.714705397,42.00901194,32880,1561626480
2019-06-28 First Bridge,2019-06-28 First Bridge,First Bridge,,,2341.272727,117.3389183,19.18315033,6/28/19 13:40,13:40:00,0.423809524,-0.00255102,10,0.563333333,1.710810811,7.8,0,76300,0,1.514,0.21,1.724,0.58,0.4375,0.48,3.41,4.765066485,68.06201757,49200,1561729200
2019-06-28 Nordale,2019-06-28 Nordale,Nordale,,,1478,74.94268078,19.11432544,6/28/19 10:50,10:50:00,0.566908213,0,13.2,2.82,0.061016949,2.1,0,43200,1,1.408,0.061,1.469,0.08,0.636363636,0.55,3.45,4.316723565,51.01612034,39000,1561719000
2019-06-28 Third Bridge,2019-06-28 Third Bridge,Third Bridge,,,1728,88.55026455,22.70858055,6/28/19 15:55,15:55:00,0.420068027,0.001020408,12,0.56,1.845652174,11.6,0,65900,0,0.695,0.055,0.75,0.31,0.720930233,0.43,3.486666667,4.483570352,118.0670194,57300,1561737300
2019-07-05 Nordale,2019-07-05 Nordale,Nordale,,,1543,77.89836861,35.56905374,7/5/19 11:00,11:00:00,0.512318841,0,15,3.053333333,1.711111111,9.4,0,51800,0,12.464,3.504,15.968,0.04,0.631578947,0.57,3.435,4.355405011,4.878404848,39600,1562324400
2019-07-05 Third Bridge,2019-07-05 Third Bridge,Third Bridge,,,6376,336.7400083,45.56683451,7/5/19 13:47,13:47:30,0.39,-0.000935374,13,0.313333333,1.043076923,8.6,0,64200,0,0.782,0.049,0.831,0.21,0.282051282,0.39,3.653333333,5.819311144,405.2226333,49650,1562334450
2019-07-12 Mile 37,2019-07-12 Mile 37,First Bridge,,,982.6666667,49.5136521,10.67963216,7/12/19 13:33,13:33:00,0.401020408,0.001785714,11,0.226666667,0,0,0,4584,0,1.385,,,0.26,0.69047619,0.42,3.428333333,3.902248432,,48780,1562938380
2019-07-12 Nordale,2019-07-12 Nordale,Nordale,,,5189,272.6436655,124.9810888,7/12/19 16:10,16:10:00,0.482608696,0.001147343,14,3.536666667,0.330434783,4.3,0,9072,0,2.71,0.124,2.834,0.07,0.6,0.45,3.575,5.608165688,96.20453969,58200,1562947800
2019-07-12 Third Bridge,2019-07-12 Third Bridge,Third Bridge,,,3252,171.6651969,30.60342291,7/12/19 11:23,11:23:00,0.401020408,0.00127551,10,0.296666667,0,0,0,4708,0,0.589,,,0.21,0.646341463,0.41,3.591666667,5.14554605,,40980,1562930580
2019-07-13 First Bridge,2019-07-13 First Bridge,First Bridge,,,6187,326.2936263,78.59931938,7/13/19 11:54,11:54:00,0.459183673,0.005255102,10,3.313333333,0,0,0,23900,0,4.089,0.316,4.405,0.58,0.789473684,0.38,3.588333333,5.78779767,74.07346795,42840,1563018840
2019-07-13 Nordale,2019-07-13 Nordale,Nordale,,,1667,83.05599647,14.33496506,7/13/19 16:04,16:04:00,0.492753623,0.000724638,15,3.216666667,2.319402985,9.4,0,58300,1,1.043,0.255,1.298,0.01,0.742857143,0.35,3.39,4.419515037,63.98767063,57840,1563033840
2019-07-13 Third Bridge,2019-07-13 Third Bridge,Third Bridge,,,6986,356.4530178,42.52875066,7/13/19 13:47,13:47:00,0.465102041,0.002806122,11,0.24,1.089230769,4.9,0,45800,0,2.742,0.139,2.881,0.33,0.40625,0.32,3.471666667,5.876202444,123.7254487,49620,1563025620
2019-07-19 First Bridge,2019-07-19 First Bridge,First Bridge,,,6387,400.5173427,89.57124424,7/19/19 13:09,13:09:30,0.493673469,0,13,0.73,1.111111111,6.8,0,33200,0,1.985,0.178,2.163,0.69,0.571428571,0.49,3.626666667,5.992757068,185.1675186,47370,1563541770
2019-07-19 Nordale,2019-07-19 Nordale,Nordale,,,3077,157.2682651,66.24167556,7/19/19 10:32,10:32:00,0.557246377,-0.000120773,16,3.233333333,2.131764706,6.9,0,60900,0,3.978,1.433,5.411,0.08,0.795454545,0.44,3.361666667,5.057953042,29.06454724,37920,1563532320
2019-07-19 Third Bridge,2019-07-19 Third Bridge,Third Bridge,,,3150,181.4814815,33.31921335,7/19/19 15:09,15:09:00,0.494897959,0.003622449,13,0.42,0.534545455,5,0,39500,0,0.815,0.064,0.879,0.22,0.666666667,0.39,3.92,5.201153618,206.4635739,54540,1563548940
2019-07-23 Boat Shop,2019-07-23 Boat Shop,Boat Shop,,,13001,656.037135,72.63254474,7/23/19 16:36,16:36:00,0.57877095,-0.001396648,18,4.066666667,0.202597403,2.6,0,44900,1,2.795,1.422,4.217,0.01,0.558139535,0.43,3.433333333,6.486217396,155.5696313,59760,1563899760
2019-07-23 Cripple Creek,2019-07-23 Cripple Creek,Cripple Creek,,,1557,104.997575,34.47683398,7/23/19 14:31,14:31:00,0.581005587,0,17,5.776666667,0.108433735,3,0,54700,0,1.992,0.241,2.233,0.19,0.666666667,0.27,4.588333333,4.653937254,47.02085757,52260,1563892260
2019-07-23 Dam,2019-07-23 Dam,Dam,,,3061,236.1882716,71.56149395,7/23/19 11:21,11:21:00,0.533333333,-0.000905797,15,1.82,0.16056338,2.1,0,48900,1,8.846,0.336,9.182,0.12,0.75,0.52,5.25,5.464629248,25.72296576,40860,1563880860
2019-07-24 First Bridge Slough,2019-07-24 First Bridge Slough,First Bridge Slough,,,2020.333333,235.6461689,393.1990612,7/24/19 14:20,14:20:30,0.42755102,-0.001530612,10,10.55666667,3.154545455,20.6,0,60800,0,8.384,0.83,9.214,0,0.430555556,0.72,3.306666667,5.462331396,25.57479585,51630,1563978030
2019-07-24 Little Chena,2019-07-24 Little Chena,Little Chena,,,28453,1821.783036,416.195784,7/24/19 16:56,16:56:00,0.493548387,-0.000430108,17,7.606666667,0.036363636,2.4,0,35400,0,0.549,0.037,0.586,0.21,0.388888889,0.54,4.501666667,7.50757099,3108.844771,60960,1563987360
2019-07-24 Wegner Creek,2019-07-24 Wegner Creek,Wegner Creek,,,991,54.59433177,25.61309703,7/24/19 12:21,12:21:00,0.429591837,-0.002142857,8,-0.236666667,0.354216867,5.4,0,20500,0,0.96,0.152,1.112,0.69,0.482758621,0.29,3.748333333,3.999930064,49.09562209,44460,1563970860
2019-07-31 First Bridge,2019-07-31 First Bridge,First Bridge,,,3340,169.1108172,80.38817829,7/31/19 12:18,12:18:00,0.62755102,-0.002142857,12,1.02,0.340909091,12.1,0,15900,0,4.618,0.672,5.29,0.41,0.6,0.35,3.445,5.130554223,31.96801837,44280,1564575480
2019-07-31 Nordale,2019-07-31 Nordale,Nordale,,,6264,302.2751323,61.41431523,7/31/19 15:49,15:49:00,0.620772947,0.001570048,15,2.32,1.976146789,8.7,0,29500,1,1.887,0.084,1.971,0.17,0.282051282,0.39,3.283333333,5.711337637,153.3613051,56940,1564588140
2019-07-31 Third Bridge,2019-07-31 Third Bridge,Third Bridge,,,6645,353.8661082,39.82307111,7/31/19 10:14,10:14:00,0.62755102,0,10,0.366666667,0.009836066,1.5,0,36600,0,1.3,0.175,1.475,0.2,0.6,0.35,3.623333333,5.868918616,239.9092259,36840,1564568040
2019-08-02 First Bridge,2019-08-02 First Bridge,First Bridge,,,3322,168.1994415,74.59576583,8/2/19 12:58,12:58:00,0.69585034,0.007653061,10.7,2.37,0.140540541,3.1,0,9712,0,6.5,0.757,7.257,0.62,0.3,0.4,3.445,5.125150427,23.17754465,46680,1564750680
2019-08-02 Nordale,2019-08-02 Nordale,Nordale,,,3415,170.984225,37.7452466,8/2/19 10:10,10:10:00,0.632608696,0.000905797,13,2.49,0,0,0,9144,0,1.778,0.101,1.879,0.18,0.317073171,0.41,3.406666667,5.141571301,90.99745874,36600,1564740600
2019-08-02 Third Bridge,2019-08-02 Third Bridge,Third Bridge,,,6783,349.2520576,57.61728156,8/2/19 15:06,15:06:00,0.714489796,0.011071429,10.5,0.133333333,0.28,3,0,8031,0,4.972,0.305,5.277,0.18,0.35,0.4,3.503333333,5.85579389,66.18382748,54360,1564758360
2019-08-03 First Bridge,2019-08-03 First Bridge,First Bridge,,,24473,4954.067999,1096.65017,8/3/19 12:33,12:33:30,1.867346939,0.197959184,,54.09333333,,,0.277090909,5645,0,35.131,9.153,44.284,0.41,0.666666667,0.45,3.443333333,8.507964336,111.8703821,45210,1564835610
2019-08-03 Nordale,2019-08-03 Nordale,Nordale,,,12127,605.1023663,129.549789,8/3/19 15:48,15:48:00,0.804347826,0.018115942,13.2,4.586666667,3.075,11.2,0,8542,2,5.124,0.28,5.404,0.16,0.358974359,0.39,3.395,6.405397644,111.9730508,56880,1564847280
2019-08-03 Third Bridge,2019-08-03 Third Bridge,Third Bridge,,,24097,2751.949071,607.806777,8/3/19 10:32,10:32:30,1.476190476,0.161394558,8.767,43.87666667,0.107865169,3.3,0,19300,0,36.86,9.078,45.938,0.77,0.466666667,0.45,3.496666667,7.920064693,59.90572231,37950,1564828350
2019-08-04 First Bridge,2019-08-04 First Bridge,First Bridge,,,11578,2272.264746,397.5831619,8/4/19 13:14,13:14:30,4.484353741,-0.017006803,7.745,46.97,2.689655172,11.6,0,31200,0,34.771,9.299,44.07,0.45,0.651162791,0.43,3.338333333,7.728532299,51.56035276,47670,1564924470
2019-08-04 Nordale,2019-08-04 Nordale,Nordale,,,32450,3327.349108,910.8047227,8/4/19 10:48,10:48:00,1.917391304,0.097101449,11.516,26.20333333,0.608219178,4.5,0,23200,0,6.135,1.079,7.214,0.28,0.5,0.42,3.488333333,8.109931202,461.2349748,38880,1564915680
2019-08-04 Third Bridge,2019-08-04 Third Bridge,Third Bridge,,,13503,1031.479167,438.9053051,8/4/19 15:54,15:54:00,4.36122449,-0.07244898,8.07,22.30333333,2,8.1,0,58200,0,31.186,5.819,37.005,0.45,0.5,0.38,3.465,6.938749135,27.87404855,57240,1564934040
2019-08-05 First Bridge,2019-08-05 First Bridge,First Bridge,,,28090,1856.886799,231.9046738,8/5/19 10:48,10:48:30,3.044897959,-0.045918367,7.5815,14.85333333,1.078571429,4.9,0,24600,0,18.486,2.095,20.581,0.39,0.46875,0.32,3.373333333,7.5266566,90.22335157,38910,1565002110
2019-08-05 Nordale,2019-08-05 Nordale,Nordale,,,1982.333333,419.1529819,461.6982477,8/5/19 15:17,15:17:30,2.798067633,-0.018357488,9.977,71.99333333,1.251219512,4.6,0,10500,0,16.739,6.964,23.703,0.36,0.432432432,0.37,3.596666667,6.038235965,17.6835414,55050,1565018250
2019-08-05 Third Bridge,2019-08-05 Third Bridge,Third Bridge,,,54832,2816.546737,336.8250138,8/5/19 13:00,13:00:00,2.948979592,-0.051020408,7.469,5.37,0.454545455,4.1,0,60900,0,6.864,0.384,7.248,0.47,0.35,0.4,3.495,7.943266852,388.5964041,46800,1565010000
2019-08-06 First Bridge,2019-08-06 First Bridge,First Bridge,,,7985,530.4556143,116.7670607,8/6/19 14:17,14:17:30,2.602040816,0.044047619,11,7.7,2.574418605,13.5,0,69500,0,,1.684,,0.41,0.34375,0.32,3.39,6.273736287,,51450,1565101050
2019-08-06 Nordale,2019-08-06 Nordale,Nordale,,,2977,314.005536,107.0749564,8/6/19 10:04,10:04:00,2.405797101,-0.015821256,9.977,35.20666667,2.425714286,9.7,0,29600,0,3.918,2.549,6.467,0.35,0.476190476,0.42,3.588333333,5.749410616,48.55505427,36240,1565085840
2019-08-06 Third Bridge,2019-08-06 Third Bridge,Third Bridge,,,6574,344.9320988,36.94676359,8/6/19 12:31,12:31:00,2.512244898,0.03622449,8.5685,2.893333333,0.878873239,6.7,0,18800,0,5.701,0.412,6.113,0.46,0.384615385,0.39,3.57,5.843347582,56.42599358,45060,1565094660
2019-08-07 First Bridge,2019-08-07 First Bridge,First Bridge,,,3295,166.0252548,45.59397724,8/7/19 13:44,13:44:00,2.908163265,-0.02329932,8.3565,8.56,2.009302326,11.6,0,26400,0,23.825,7.568,31.393,0.42,0.446808511,0.47,3.428333333,5.112139914,5.288607484,49440,1565185440
2019-08-07 Nordale,2019-08-07 Nordale,Nordale,,,4166,476.7673917,176.8128578,8/7/19 11:13,11:13:00,2.519806763,0.022463768,10.932,27.15,0.118309859,2.1,0,11500,0,11.059,3.087,14.146,0.31,0.446808511,0.47,3.893333333,6.167028724,33.70333605,40380,1565176380
2019-08-07 Third Bridge,2019-08-07 Third Bridge,Third Bridge,,,4077,208.4239418,31.28057067,8/7/19 16:07,16:07:00,2.838095238,-0.027721088,8.195,1.783333333,0.033333333,2.1,0,34100,0,,0.208,,0.44,0.536585366,0.41,3.478333333,5.339574187,,58020,1565194020
2019-08-09 First Bridge,2019-08-09 First Bridge,First Bridge,,,11669,615.9782236,106.0508052,8/9/19 14:33,14:33:00,2.095918367,-0.006122449,8.5805,4.526666667,3.511363636,11.9,0,35100,0,18.599,10.876,29.475,0.41,0.652173913,0.46,3.591666667,6.423211612,20.8983282,52380,1565361180
2019-08-09 Nordale,2019-08-09 Nordale,Nordale,,,4520,284.3268665,85.53335608,8/9/19 10:18,10:18:00,2.449275362,-0.014130435,9.97,26.61,0.174545455,2.6,0,12200,0,18.946,1.346,20.292,0.31,0.488372093,0.43,3.566666667,5.650124515,14.01177146,37080,1565345880
2019-08-09 Third Bridge,2019-08-09 Third Bridge,Third Bridge,,,12246,632.9379777,125.0345997,8/9/19 12:39,12:39:00,2.073469388,0.004591837,7.5945,1.603333333,0.931578947,7.1,0,21100,0,2.341,0.148,2.489,0.43,0.4375,0.32,3.516666667,6.450372436,254.294085,45540,1565354340
2019-08-12 First Bridge,2019-08-12 First Bridge,First Bridge,,,11312,581.6159122,77.232295,8/12/19 13:23,13:23:00,2.607482993,-0.01377551,7.6575,5.63,1.755555556,9,0,55900,0,18.291,4.059,22.35,0.42,0.487179487,0.39,3.498333333,6.365810285,26.02308332,48180,1565616180
2019-08-12 Nordale,2019-08-12 Nordale,Nordale,,,4269,288.1972369,110.6843217,8/12/19 15:51,15:51:30,2.526086957,-0.009057971,10.492,19.39,0.961643836,8.4,0,54500,0,34.9,3.258,38.158,0.33,0.452380952,0.42,3.445,5.663645096,7.552734339,57090,1565625090
2019-08-12 Third Bridge,2019-08-12 Third Bridge,Third Bridge,,,5902,307.2151186,25.25496904,8/12/19 11:27,11:27:00,2.587755102,-0.014795918,6.204,1.13,0.210309278,2.4,0,48500,0,1.842,0.223,2.065,0.52,0.463414634,0.41,3.541666667,5.727548214,148.7724545,41220,1565609220
2019-08-14 First Bridge,2019-08-14 First Bridge,First Bridge,,,1629.333333,394.3836959,113.5341628,8/14/19 12:07,12:07:30,5.431292517,0.113265306,7.97,72.07666667,0.525,6.1,0,7231,0,41.351,11.424,52.775,0.2,0.388888889,0.36,3.568333333,5.977324283,7.472926497,43650,1565784450
2019-08-14 Nordale,2019-08-14 Nordale,Nordale,,,2719,220.6889697,55.27901101,8/14/19 10:11,10:11:00,2.755072464,0.057971014,10.516,13.77666667,2.067857143,10.1,0,36800,0,10.341,1.364,11.705,0.32,0.375,0.4,3.681666667,5.396754333,18.85424773,36660,1565777460
2019-08-14 Third Bridge,2019-08-14 Third Bridge,Third Bridge,,,5440,567.9325887,116.4821158,8/14/19 13:22,13:22:00,5.500680272,0.07585034,7.0915,24.64333333,1.737313433,14.1,0,17200,0,27.574,6.504,34.078,0.78,0.409090909,0.44,3.551666667,6.34200273,16.66566667,48120,1565788920
2019-08-15 First Bridge,2019-08-15 First Bridge,First Bridge,,,3204,321.7813051,204.4735489,8/15/19 14:00,14:00:00,4.816326531,-0.017857143,7.041,18.79666667,0.072727273,3.4,0,14600,1,25.934,,,0.7,0.363636364,0.55,3.416666667,5.773872138,,50400,1565877600
2019-08-15 Nordale,2019-08-15 Nordale,Nordale,,,2301,709.5088183,373.9372436,8/15/19 9:37,9:37:00,3.949758454,0.031763285,9.41,86.39,0.33,3.2,0,9163,0,19.236,0.801,20.037,0.3,0.333333333,0.42,3.496666667,6.564572925,35.40993254,34620,1565861820
2019-08-15 Third Bridge,2019-08-15 Third Bridge,Third Bridge,,,5970,333.5677543,61.48605022,8/15/19 12:17,12:17:00,4.744897959,-0.029761905,6.433,6.376666667,0.857142857,6.2,0,16300,0,18.583,1.502,20.085,0.7,0.411764706,0.51,3.801666667,5.809846006,16.60780454,44220,1565871420
2019-08-19 First Bridge,2019-08-19 First Bridge,First Bridge,,,5425,352.7296923,71.62314376,8/19/19 12:41,12:41:00,5.591836735,-0.043537415,5.257,22.28,0.988732394,3.25,0,61200,0,27.052,5.668,32.72,1.26,0.416666667,0.36,3.391666667,5.865702019,10.78024732,45660,1566218460
2019-08-19 Nordale,2019-08-19 Nordale,Nordale,,,2648,255.6931217,66.25608508,8/19/19 10:37,10:37:00,5.88115942,0.006521739,7.494,41.51666667,2.08,8.3,0,34400,0,14.913,0.448,15.361,0.01,0.358974359,0.39,3.285,5.543977982,16.64560391,38220,1566211020
2019-08-19 Third Bridge,2019-08-19 Third Bridge,Third Bridge,,,12813,651.2584509,43.58072473,8/19/19 14:41,14:41:00,5.478911565,-0.045748299,5.4495,4.466666667,0.864285714,6.9,0,51200,0,6.677,0.967,7.644,0.66,0.446808511,0.47,3.458333333,6.478906569,85.19864612,52860,1566225660
2019-08-20 First Bridge,2019-08-20 First Bridge,First Bridge,,,6173,306.654027,55.64776407,8/20/19 12:53,12:53:00,4.591156463,-0.01377551,5.821,14.55333333,0.896703297,5.4,0,52700,0,27.216,3.682,30.898,0.98,0.5,0.4,3.38,5.725720164,9.924720922,46380,1566305580
2019-08-20 Nordale,2019-08-20 Nordale,Nordale,,,2058,211.526749,53.58898788,8/20/19 15:20,15:20:00,4.661835749,-0.05615942,7.066,27.52333333,1.385915493,3.5,0,61500,1,15.22,0.686,15.906,0.01,0.421052632,0.38,3.496666667,5.354351463,13.2985508,55200,1566314400
2019-08-20 Third Bridge,2019-08-20 Third Bridge,Third Bridge,,,6546,340.7370664,32.46694676,8/20/19 11:03,11:03:00,4.665306122,-0.020408163,4.792,2.616666667,0.691666667,4.6,0,23500,0,5.209,0.605,5.814,0.68,0.541666667,0.48,3.541666667,5.831111114,58.60630658,39780,1566298980
2019-08-22 First Bridge,2019-08-22 First Bridge,First Bridge,,,12941,645.7186214,205.7585177,8/22/19 10:56,10:56:00,3.996598639,-0.025340136,6.3,9.106666667,0.841304348,5.2,0,26800,0,30.295,14.001,44.296,0.62,0.514285714,0.35,3.395,6.470363838,14.57735736,39360,1566471360
2019-08-22 Nordale,2019-08-22 Nordale,Nordale,,,2416,120.9657064,30.49356297,8/22/19 15:37,15:37:00,3.5,-0.009782609,9,21.38666667,0.684507042,8.5,0,24900,0,15.718,0.852,16.57,0.21,0.421052632,0.38,3.406666667,4.795507088,7.300284034,56220,1566488220
2019-08-22 Third Bridge,2019-08-22 Third Bridge,Third Bridge,,,3395,175.3883745,21.89961421,8/22/19 13:06,13:06:00,3.910204082,-0.037244898,6,2.593333333,0.55443038,4,0,49600,0,2.581,0.201,2.782,0.41,0.583333333,0.36,3.515,5.167002798,63.04398795,47160,1566479160
2019-08-26 First Bridge,2019-08-26 First Bridge,First Bridge,,,4895,244.9658289,47.24722761,8/26/19 13:11,13:11:00,2.582312925,-0.004761905,5.8085,3.086666667,2.913333333,9.7,0,48500,0,18.832,8.446,27.278,0.49,0.62745098,0.51,3.405,5.501118727,8.980344194,47460,1566825060
2019-08-26 Nordale,2019-08-26 Nordale,Nordale,,,1317.058824,70.78255582,19.66497622,8/26/19 10:53,10:53:00,2.728502415,-0.005555556,6.99,19.69666667,0.008955224,2.5,0,31800,0,9.123,2.553,11.676,0.43,0.342105263,0.38,3.656666667,4.259612584,6.062226432,39180,1566816780
2019-08-26 Third Bridge,2019-08-26 Third Bridge,Third Bridge,,,18772,940.8071723,136.2663919,8/26/19 15:15,15:15:00,2.591836735,-0.00255102,6.6615,0.903333333,1.514634146,9.1,0,51400,0,1.69,0.222,1.912,0.47,0.487804878,0.41,3.41,6.846738201,492.0539604,54900,1566832500
2019-08-28 Boat Shop,2019-08-28 Boat Shop,Boat Shop,,,1377.444444,70.01266956,12.17954214,8/28/19 16:35,16:35:00,2.499068901,-0.006517691,11,12.36,0.481690141,6,0,21200,1,11.094,0.187,11.281,0.34,0.513513514,0.37,3.458333333,4.248676219,6.206246748,59700,1567010100
2019-08-28 Cripple Creek,2019-08-28 Cripple Creek,Cripple Creek,,,1461,105.6455026,23.80528255,8/28/19 14:18,14:18:00,2.517318436,-0.007821229,14,17.69666667,0.091139241,4.1,0,10100,0,5.405,5.905,11.31,0.43,0.461538462,0.39,4.92,4.660089175,9.340893249,51480,1567001880
2019-08-28 Dam,2019-08-28 Dam,Dam,,,3255,211.4506173,89.30407344,8/28/19 11:18,11:18:00,2.402898551,-0.00326087,8,10.07333333,-0.118309859,6.4,0,13500,0,10.746,0.708,11.454,0.21,0.421052632,0.38,4.42,5.353991483,18.46085361,40680,1566991080
2019-08-29 First Bridge #1,2019-08-29 First Bridge #1,First Bridge,,,12630,655.8788948,88.02211731,8/29/19 18:45,18:45:00,2.020408163,-0.00255102,8,3.083333333,0.425,3.2,0,20100,0,15.474,3.552,19.026,0.59,0.608695652,0.46,3.533333333,6.48597616,34.47276857,67500,1567104300
2019-08-29 First Bridge #2,2019-08-29 First Bridge #2,First Bridge,,,4484,232.8551832,44.71517979,8/29/19 21:44,21:44:00,1.991156463,-0.007653061,8,3.083333333,0,0,0,1171,0,18.292,3.869,22.161,0.59,0.608695652,0.46,3.533333333,5.450416729,10.50743122,78240,1567115040
2019-08-29 First Bridge Slough,2019-08-29 First Bridge Slough,First Bridge Slough,,,1264.333333,66.21459599,75.52515254,8/29/19 16:30,16:30:00,2.051020408,-0.007653061,9,7.053333333,0.585542169,4.4,0,41300,0,0.241,0.059,0.3,0,0.745098039,0.51,3.563333333,4.192900922,220.71532,59400,1567096200
2019-08-29 Little Chena,2019-08-29 Little Chena,Little Chena,,,5417,339.8230698,89.05529227,8/29/19 10:49,10:49:00,2.133978495,-0.003010753,7.1795,13.19,0.015384615,1.6,0,10200,0,14.208,1.118,15.326,0.35,0.68627451,0.51,4.268333333,5.828425099,22.17297858,38940,1567075740
2019-08-29 Wegner Creek,2019-08-29 Wegner Creek,Wegner Creek,,,1517,83.38594944,19.66654991,8/29/19 14:06,14:06:00,2.06122449,-0.012244898,,0.66,1.215789474,5.7,0,42400,0,3.101,1.138,4.239,0.68,0.542857143,0.35,3.74,4.423479823,19.67113693,50760,1567087560
2019-08-30 First Bridge #3,2019-08-30 First Bridge #3,First Bridge,,,4541,235.8152067,84.21122342,8/30/19 0:42,0:42:00,1.989795918,-0.003061224,7,3.083333333,0.457894737,3.4,0,1.3,0,19.013,4.097,23.11,0.59,0.608695652,0.46,3.533333333,5.463048476,10.20403318,2520,1567125720
2019-08-30 First Bridge #4,2019-08-30 First Bridge #4,First Bridge,,,4723,245.2665099,103.505875,8/30/19 3:47,3:47:00,1.970748299,0,7,3.083333333,1.63125,2.1,0,1.5,0,19.023,3.302,22.325,0.59,0.608695652,0.46,3.533333333,5.502345415,10.98618185,13620,1567136820
2019-08-30 First Bridge #5,2019-08-30 First Bridge #5,First Bridge,,,4742,245.9047129,51.99592785,8/30/19 6:51,6:51:00,1.979591837,-0.00255102,7,3.083333333,1.267605634,4,0,8142,0,18.722,3.133,21.855,0.59,0.608695652,0.46,3.528333333,5.504944115,11.25164552,24660,1567147860
2019-08-30 First Bridge #6,2019-08-30 First Bridge #6,First Bridge,,,4453,231.2453459,26.93609878,8/30/19 9:55,9:55:00,1.969387755,0.003401361,6,3.083333333,1.745454545,5.9,0,29400,0,14.466,2.669,17.135,0.59,0.608695652,0.46,3.533333333,5.44347925,13.49549728,35700,1567158900
2019-08-30 First Bridge #7,2019-08-30 First Bridge #7,First Bridge,,,12168,631.8871252,65.30360235,8/30/19 12:50,12:50:00,1.959183673,-0.012755102,6,3.083333333,1.892307692,4.7,0,44400,0,18.465,2.615,21.08,0.59,0.608695652,0.46,3.533333333,6.448710779,29.97567008,46200,1567169400
2019-08-30 First Bridge #8,2019-08-30 First Bridge #8,First Bridge,,,1673,85.36299726,13.37623784,8/30/19 15:45,15:45:00,1.918367347,-0.007653061,7,4.526666667,2.034375,4.1,0,47900,0,17.37,2.698,20.068,0.56,0.6,0.45,3.471666667,4.44691272,4.253687326,56700,1567179900