Plot Title: 10324645,,,,,,
#,"Date Time, GMT-08:00","Temp, °C (LGR S/N: 10324645, SEN S/N: 10324645)",Coupler Detached (LGR S/N: 10324645),Coupler Attached (LGR S/N: 10324645),Stopped (LGR S/N: 10324645),End Of File (LGR S/N: 10324645)
1,7/22/20 15:00,9.064,Logged,,,
2,7/22/20 16:00,9.139,,,,
3,7/22/20 17:00,9.064,,,,
4,7/22/20 18:00,9.089,,,,
5,7/22/20 19:00,9.015,,,,
6,7/22/20 20:00,8.916,,,,
7,7/22/20 21:00,8.891,,,,
8,7/22/20 22:00,8.841,,,,
9,7/22/20 23:00,8.767,,,,
10,7/23/20 0:00,8.643,,,,
11,7/23/20 1:00,8.519,,,,
12,7/23/20 2:00,8.419,,,,
13,7/23/20 3:00,8.369,,,,
14,7/23/20 4:00,8.295,,,,
15,7/23/20 5:00,8.27,,,,
16,7/23/20 6:00,8.27,,,,
17,7/23/20 7:00,8.319,,,,
18,7/23/20 8:00,8.344,,,,
19,7/23/20 9:00,8.319,,,,
20,7/23/20 10:00,8.295,,,,
21,7/23/20 11:00,8.394,,,,
22,7/23/20 12:00,8.519,,,,
23,7/23/20 13:00,8.693,,,,
24,7/23/20 14:00,8.941,,,,
25,7/23/20 15:00,9.188,,,,
26,7/23/20 16:00,9.336,,,,
27,7/23/20 17:00,9.312,,,,
28,7/23/20 18:00,9.238,,,,
29,7/23/20 19:00,9.163,,,,
30,7/23/20 20:00,9.089,,,,
31,7/23/20 21:00,9.04,,,,
32,7/23/20 22:00,9.089,,,,
33,7/23/20 23:00,9.064,,,,
34,7/24/20 0:00,9.04,,,,
35,7/24/20 1:00,8.965,,,,
36,7/24/20 2:00,8.941,,,,
37,7/24/20 3:00,8.891,,,,
38,7/24/20 4:00,8.817,,,,
39,7/24/20 5:00,8.792,,,,
40,7/24/20 6:00,8.792,,,,
41,7/24/20 7:00,8.841,,,,
42,7/24/20 8:00,8.792,,,,
43,7/24/20 9:00,8.792,,,,
44,7/24/20 10:00,8.792,,,,
45,7/24/20 11:00,8.841,,,,
46,7/24/20 12:00,8.99,,,,
47,7/24/20 13:00,9.089,,,,
48,7/24/20 14:00,9.139,,,,
49,7/24/20 15:00,9.238,,,,
50,7/24/20 16:00,9.312,,,,
51,7/24/20 17:00,9.336,,,,
52,7/24/20 18:00,9.361,,,,
53,7/24/20 19:00,9.312,,,,
54,7/24/20 20:00,9.287,,,,
55,7/24/20 21:00,9.262,,,,
56,7/24/20 22:00,9.262,,,,
57,7/24/20 23:00,9.238,,,,
58,7/25/20 0:00,9.163,,,,
59,7/25/20 1:00,9.114,,,,
60,7/25/20 2:00,9.04,,,,
61,7/25/20 3:00,8.965,,,,
62,7/25/20 4:00,8.916,,,,
63,7/25/20 5:00,8.891,,,,
64,7/25/20 6:00,8.866,,,,
65,7/25/20 7:00,8.817,,,,
66,7/25/20 8:00,8.792,,,,
67,7/25/20 9:00,8.767,,,,
68,7/25/20 10:00,8.767,,,,
69,7/25/20 11:00,8.792,,,,
70,7/25/20 12:00,8.841,,,,
71,7/25/20 13:00,8.866,,,,
72,7/25/20 14:00,8.891,,,,
73,7/25/20 15:00,8.941,,,,
74,7/25/20 16:00,9.064,,,,
75,7/25/20 17:00,9.114,,,,
76,7/25/20 18:00,9.188,,,,
77,7/25/20 19:00,9.238,,,,
78,7/25/20 20:00,9.336,,,,
79,7/25/20 21:00,9.336,,,,
80,7/25/20 22:00,9.336,,,,
81,7/25/20 23:00,9.262,,,,
82,7/26/20 0:00,9.139,,,,
83,7/26/20 1:00,9.04,,,,
84,7/26/20 2:00,8.941,,,,
85,7/26/20 3:00,8.866,,,,
86,7/26/20 4:00,8.792,,,,
87,7/26/20 5:00,8.742,,,,
88,7/26/20 6:00,8.693,,,,
89,7/26/20 7:00,8.668,,,,
90,7/26/20 8:00,8.668,,,,
91,7/26/20 9:00,8.717,,,,
92,7/26/20 10:00,8.742,,,,
93,7/26/20 11:00,8.767,,,,
94,7/26/20 12:00,8.767,,,,
95,7/26/20 13:00,8.916,,,,
96,7/26/20 14:00,8.941,,,,
97,7/26/20 15:00,9.114,,,,
98,7/26/20 16:00,9.361,,,,
99,7/26/20 17:00,9.361,,,,
100,7/26/20 18:00,9.336,,,,
101,7/26/20 19:00,9.336,,,,
102,7/26/20 20:00,9.262,,,,
103,7/26/20 21:00,9.163,,,,
104,7/26/20 22:00,9.114,,,,
105,7/26/20 23:00,9.064,,,,
106,7/27/20 0:00,9.04,,,,
107,7/27/20 1:00,8.99,,,,
108,7/27/20 2:00,8.891,,,,
109,7/27/20 3:00,8.866,,,,
110,7/27/20 4:00,8.841,,,,
111,7/27/20 5:00,8.841,,,,
112,7/27/20 6:00,8.841,,,,
113,7/27/20 7:00,8.817,,,,
114,7/27/20 8:00,8.817,,,,
115,7/27/20 9:00,8.792,,,,
116,7/27/20 10:00,8.817,,,,
117,7/27/20 11:00,8.817,,,,
118,7/27/20 12:00,8.792,,,,
119,7/27/20 13:00,8.792,,,,
120,7/27/20 14:00,8.767,,,,
121,7/27/20 15:00,8.717,,,,
122,7/27/20 16:00,8.717,,,,
123,7/27/20 17:00,8.742,,,,
124,7/27/20 18:00,8.717,,,,
125,7/27/20 19:00,8.693,,,,
126,7/27/20 20:00,8.668,,,,
127,7/27/20 21:00,8.643,,,,
128,7/27/20 22:00,8.643,,,,
129,7/27/20 23:00,8.618,,,,
130,7/28/20 0:00,8.618,,,,
131,7/28/20 1:00,8.568,,,,
132,7/28/20 2:00,8.494,,,,
133,7/28/20 3:00,8.444,,,,
134,7/28/20 4:00,8.369,,,,
135,7/28/20 5:00,8.295,,,,
136,7/28/20 6:00,8.245,,,,
137,7/28/20 7:00,8.195,,,,
138,7/28/20 8:00,8.12,,,,
139,7/28/20 9:00,8.045,,,,
140,7/28/20 10:00,7.995,,,,
141,7/28/20 11:00,7.92,,,,
142,7/28/20 12:00,7.87,,,,
143,7/28/20 13:00,7.82,,,,
144,7/28/20 14:00,7.795,,,,
145,7/28/20 15:00,7.77,,,,
146,7/28/20 16:00,7.72,,,,
147,7/28/20 17:00,7.67,,,,
148,7/28/20 18:00,7.645,,,,
149,7/28/20 19:00,7.619,,,,
150,7/28/20 20:00,7.569,,,,
151,7/28/20 21:00,7.519,,,,
152,7/28/20 22:00,7.469,,,,
153,7/28/20 23:00,7.419,,,,
154,7/29/20 0:00,7.343,,,,
155,7/29/20 1:00,7.293,,,,
156,7/29/20 2:00,7.242,,,,
157,7/29/20 3:00,7.167,,,,
158,7/29/20 4:00,7.116,,,,
159,7/29/20 5:00,7.066,,,,
160,7/29/20 6:00,7.015,,,,
161,7/29/20 7:00,6.99,,,,
162,7/29/20 8:00,6.99,,,,
163,7/29/20 9:00,7.015,,,,
164,7/29/20 10:00,7.041,,,,
165,7/29/20 11:00,7.066,,,,
166,7/29/20 12:00,7.142,,,,
167,7/29/20 13:00,7.293,,,,
168,7/29/20 14:00,7.444,,,,
169,7/29/20 15:00,7.544,,,,
170,7/29/20 16:00,7.645,,,,
171,7/29/20 17:00,7.72,,,,
172,7/29/20 18:00,7.77,,,,
173,7/29/20 19:00,7.795,,,,
174,7/29/20 20:00,7.77,,,,
175,7/29/20 21:00,7.72,,,,
176,7/29/20 22:00,7.695,,,,
177,7/29/20 23:00,7.67,,,,
178,7/30/20 0:00,7.619,,,,
179,7/30/20 1:00,7.569,,,,
180,7/30/20 2:00,7.544,,,,
181,7/30/20 3:00,7.544,,,,
182,7/30/20 4:00,7.544,,,,
183,7/30/20 5:00,7.569,,,,
184,7/30/20 6:00,7.619,,,,
185,7/30/20 7:00,7.67,,,,
186,7/30/20 8:00,7.77,,,,
187,7/30/20 9:00,7.87,,,,
188,7/30/20 10:00,7.97,,,,
189,7/30/20 11:00,8.07,,,,
190,7/30/20 12:00,8.17,,,,
191,7/30/20 13:00,8.344,,,,
192,7/30/20 14:00,8.543,,,,
193,7/30/20 15:00,8.742,,,,
194,7/30/20 16:00,8.916,,,,
195,7/30/20 17:00,8.99,,,,
196,7/30/20 18:00,9.04,,,,
197,7/30/20 19:00,9.015,,,,
198,7/30/20 20:00,8.941,,,,
199,7/30/20 21:00,8.891,,,,
200,7/30/20 22:00,8.841,,,,
201,7/30/20 23:00,8.817,,,,
202,7/31/20 0:00,8.742,,,,
203,7/31/20 1:00,8.668,,,,
204,7/31/20 2:00,8.568,,,,
205,7/31/20 3:00,8.494,,,,
206,7/31/20 4:00,8.419,,,,
207,7/31/20 5:00,8.369,,,,
208,7/31/20 6:00,8.344,,,,
209,7/31/20 7:00,8.344,,,,
210,7/31/20 8:00,8.394,,,,
211,7/31/20 9:00,8.469,,,,
212,7/31/20 10:00,8.519,,,,
213,7/31/20 11:00,8.593,,,,
214,7/31/20 12:00,8.693,,,,
215,7/31/20 13:00,8.841,,,,
216,7/31/20 14:00,8.941,,,,
217,7/31/20 15:00,9.089,,,,
218,7/31/20 16:00,9.262,,,,
219,7/31/20 17:00,9.435,,,,
220,7/31/20 18:00,9.485,,,,
221,7/31/20 19:00,9.46,,,,
222,7/31/20 20:00,9.386,,,,
223,7/31/20 21:00,9.312,,,,
224,7/31/20 22:00,9.287,,,,
225,7/31/20 23:00,9.287,,,,
226,8/1/20 0:00,9.238,,,,
227,8/1/20 1:00,9.213,,,,
228,8/1/20 2:00,9.139,,,,
229,8/1/20 3:00,9.089,,,,
230,8/1/20 4:00,9.04,,,,
231,8/1/20 5:00,8.99,,,,
232,8/1/20 6:00,8.965,,,,
233,8/1/20 7:00,8.941,,,,
234,8/1/20 8:00,8.941,,,,
235,8/1/20 9:00,8.941,,,,
236,8/1/20 10:00,8.965,,,,
237,8/1/20 11:00,9.04,,,,
238,8/1/20 12:00,9.163,,,,
239,8/1/20 13:00,9.287,,,,
240,8/1/20 14:00,9.41,,,,
241,8/1/20 15:00,9.485,,,,
242,8/1/20 16:00,9.558,,,,
243,8/1/20 17:00,9.583,,,,
244,8/1/20 18:00,9.583,,,,
245,8/1/20 19:00,9.509,,,,
246,8/1/20 20:00,9.46,,,,
247,8/1/20 21:00,9.46,,,,
248,8/1/20 22:00,9.435,,,,
249,8/1/20 23:00,9.386,,,,
250,8/2/20 0:00,9.336,,,,
251,8/2/20 1:00,9.287,,,,
252,8/2/20 2:00,9.262,,,,
253,8/2/20 3:00,9.213,,,,
254,8/2/20 4:00,9.188,,,,
255,8/2/20 5:00,9.188,,,,
256,8/2/20 6:00,9.213,,,,
257,8/2/20 7:00,9.213,,,,
258,8/2/20 8:00,9.238,,,,
259,8/2/20 9:00,9.262,,,,
260,8/2/20 10:00,9.262,,,,
261,8/2/20 11:00,9.336,,,,
262,8/2/20 12:00,9.435,,,,
263,8/2/20 13:00,9.558,,,,
264,8/2/20 14:00,9.657,,,,
265,8/2/20 15:00,9.805,,,,
266,8/2/20 16:00,9.903,,,,
267,8/2/20 17:00,9.952,,,,
268,8/2/20 18:00,9.977,,,,
269,8/2/20 19:00,9.928,,,,
270,8/2/20 20:00,9.903,,,,
271,8/2/20 21:00,9.928,,,,
272,8/2/20 22:00,9.928,,,,
273,8/2/20 23:00,9.952,,,,
274,8/3/20 0:00,9.903,,,,
275,8/3/20 1:00,9.879,,,,
276,8/3/20 2:00,9.829,,,,
277,8/3/20 3:00,9.805,,,,
278,8/3/20 4:00,9.731,,,,
279,8/3/20 5:00,9.731,,,,
280,8/3/20 6:00,9.78,,,,
281,8/3/20 7:00,9.756,,,,
282,8/3/20 8:00,9.78,,,,
283,8/3/20 9:00,9.756,,,,
284,8/3/20 10:00,9.78,,,,
285,8/3/20 11:00,9.78,,,,
286,8/3/20 12:00,9.756,,,,
287,8/3/20 13:00,9.805,,,,
288,8/3/20 14:00,9.829,,,,
289,8/3/20 15:00,9.854,,,,
290,8/3/20 16:00,9.805,,,,
291,8/3/20 17:00,9.731,,,,
292,8/3/20 18:00,9.706,,,,
293,8/3/20 19:00,9.706,,,,
294,8/3/20 20:00,9.682,,,,
295,8/3/20 21:00,9.657,,,,
296,8/3/20 22:00,9.632,,,,
297,8/3/20 23:00,9.583,,,,
298,8/4/20 0:00,9.534,,,,
299,8/4/20 1:00,9.46,,,,
300,8/4/20 2:00,9.386,,,,
301,8/4/20 3:00,9.287,,,,
302,8/4/20 4:00,9.188,,,,
303,8/4/20 5:00,9.089,,,,
304,8/4/20 6:00,8.99,,,,
305,8/4/20 7:00,8.891,,,,
306,8/4/20 8:00,8.817,,,,
307,8/4/20 9:00,8.742,,,,
308,8/4/20 10:00,8.668,,,,
309,8/4/20 11:00,8.593,,,,
310,8/4/20 12:00,8.643,,,,
311,8/4/20 13:00,8.618,,,,
312,8/4/20 14:00,8.618,,,,
313,8/4/20 15:00,8.643,,,,
314,8/4/20 16:00,8.693,,,,
315,8/4/20 17:00,8.767,,,,
316,8/4/20 18:00,8.767,,,,
317,8/4/20 19:00,8.742,,,,
318,8/4/20 20:00,8.668,,,,
319,8/4/20 21:00,8.618,,,,
320,8/4/20 22:00,8.543,,,,
321,8/4/20 23:00,8.519,,,,
322,8/5/20 0:00,8.494,,,,
323,8/5/20 1:00,8.444,,,,
324,8/5/20 2:00,8.444,,,,
325,8/5/20 3:00,8.419,,,,
326,8/5/20 4:00,8.394,,,,
327,8/5/20 5:00,8.419,,,,
328,8/5/20 6:00,8.444,,,,
329,8/5/20 7:00,8.469,,,,
330,8/5/20 8:00,8.543,,,,
331,8/5/20 9:00,8.593,,,,
332,8/5/20 10:00,8.618,,,,
333,8/5/20 11:00,8.643,,,,
334,8/5/20 12:00,8.693,,,,
335,8/5/20 13:00,8.767,,,,
336,8/5/20 14:00,8.841,,,,
337,8/5/20 15:00,8.941,,,,
338,8/5/20 16:00,9.04,,,,
339,8/5/20 17:00,9.114,,,,
340,8/5/20 18:00,9.188,,,,
341,8/5/20 19:00,9.188,,,,
342,8/5/20 20:00,9.163,,,,
343,8/5/20 21:00,9.04,,,,
344,8/5/20 22:00,8.916,,,,
345,8/5/20 23:00,8.792,,,,
346,8/6/20 0:00,8.668,,,,
347,8/6/20 1:00,8.568,,,,
348,8/6/20 2:00,8.494,,,,
349,8/6/20 3:00,8.444,,,,
350,8/6/20 4:00,8.419,,,,
351,8/6/20 5:00,8.444,,,,
352,8/6/20 6:00,8.444,,,,
353,8/6/20 7:00,8.469,,,,
354,8/6/20 8:00,8.494,,,,
355,8/6/20 9:00,8.543,,,,
356,8/6/20 10:00,8.618,,,,
357,8/6/20 11:00,8.742,,,,
358,8/6/20 12:00,8.891,,,,
359,8/6/20 13:00,9.04,,,,
360,8/6/20 14:00,9.139,,,,
361,8/6/20 15:00,9.238,,,,
362,8/6/20 16:00,9.312,,,,
363,8/6/20 17:00,9.287,,,,
364,8/6/20 18:00,9.238,,,,
365,8/6/20 19:00,9.139,,,,
366,8/6/20 20:00,9.064,,,,
367,8/6/20 21:00,9.064,,,,
368,8/6/20 22:00,9.04,,,,
369,8/6/20 23:00,8.99,,,,
370,8/7/20 0:00,8.941,,,,
371,8/7/20 1:00,8.866,,,,
372,8/7/20 2:00,8.792,,,,
373,8/7/20 3:00,8.742,,,,
374,8/7/20 4:00,8.717,,,,
375,8/7/20 5:00,8.693,,,,
376,8/7/20 6:00,8.693,,,,
377,8/7/20 7:00,8.693,,,,
378,8/7/20 8:00,8.717,,,,
379,8/7/20 9:00,8.717,,,,
380,8/7/20 10:00,8.693,,,,
381,8/7/20 11:00,8.742,,,,
382,8/7/20 12:00,8.841,,,,
383,8/7/20 13:00,8.941,,,,
384,8/7/20 14:00,9.04,,,,
385,8/7/20 15:00,9.188,,,,
386,8/7/20 16:00,9.312,,,,
387,8/7/20 17:00,9.41,,,,
388,8/7/20 18:00,9.435,,,,
389,8/7/20 19:00,9.46,,,,
390,8/7/20 20:00,9.435,,,,
391,8/7/20 21:00,9.41,,,,
392,8/7/20 22:00,9.336,,,,
393,8/7/20 23:00,9.287,,,,
394,8/8/20 0:00,9.213,,,,
395,8/8/20 1:00,9.139,,,,
396,8/8/20 2:00,9.064,,,,
397,8/8/20 3:00,8.965,,,,
398,8/8/20 4:00,8.891,,,,
399,8/8/20 5:00,8.792,,,,
400,8/8/20 6:00,8.742,,,,
401,8/8/20 7:00,8.693,,,,
402,8/8/20 8:00,8.643,,,,
403,8/8/20 9:00,8.643,,,,
404,8/8/20 10:00,8.643,,,,
405,8/8/20 11:00,8.693,,,,
406,8/8/20 12:00,8.742,,,,
407,8/8/20 13:00,8.841,,,,
408,8/8/20 14:00,8.916,,,,
409,8/8/20 15:00,9.015,,,,
410,8/8/20 16:00,9.089,,,,
411,8/8/20 17:00,9.139,,,,
412,8/8/20 18:00,9.114,,,,
413,8/8/20 19:00,9.089,,,,
414,8/8/20 20:00,9.089,,,,
415,8/8/20 21:00,9.089,,,,
416,8/8/20 22:00,9.064,,,,
417,8/8/20 23:00,9.015,,,,
418,8/9/20 0:00,8.891,,,,
419,8/9/20 1:00,8.767,,,,
420,8/9/20 2:00,8.643,,,,
421,8/9/20 3:00,8.543,,,,
422,8/9/20 4:00,8.494,,,,
423,8/9/20 5:00,8.469,,,,
424,8/9/20 6:00,8.469,,,,
425,8/9/20 7:00,8.419,,,,
426,8/9/20 8:00,8.394,,,,
427,8/9/20 9:00,8.344,,,,
428,8/9/20 10:00,8.319,,,,
429,8/9/20 11:00,8.344,,,,
430,8/9/20 12:00,8.394,,,,
431,8/9/20 13:00,8.519,,,,
432,8/9/20 14:00,8.668,,,,
433,8/9/20 15:00,8.693,,,,
434,8/9/20 16:00,8.767,,,,
435,8/9/20 17:00,8.817,,,,
436,8/9/20 18:00,8.742,,,,
437,8/9/20 19:00,8.693,,,,
438,8/9/20 20:00,8.668,,,,
439,8/9/20 21:00,8.643,,,,
440,8/9/20 22:00,8.568,,,,
441,8/9/20 23:00,8.469,,,,
442,8/10/20 0:00,8.369,,,,
443,8/10/20 1:00,8.295,,,,
444,8/10/20 2:00,8.245,,,,
445,8/10/20 3:00,8.195,,,,
446,8/10/20 4:00,8.145,,,,
447,8/10/20 5:00,8.145,,,,
448,8/10/20 6:00,8.145,,,,
449,8/10/20 7:00,8.145,,,,
450,8/10/20 8:00,8.17,,,,
451,8/10/20 9:00,8.195,,,,
452,8/10/20 10:00,8.27,,,,
453,8/10/20 11:00,8.369,,,,
454,8/10/20 12:00,8.394,,,,
455,8/10/20 13:00,8.419,,,,
456,8/10/20 14:00,8.444,,,,
457,8/10/20 15:00,8.419,,,,
458,8/10/20 16:00,8.394,,,,
459,8/10/20 17:00,8.394,,,,
460,8/10/20 18:00,8.394,,,,
461,8/10/20 19:00,8.444,,,,
462,8/10/20 20:00,8.444,,,,
463,8/10/20 21:00,8.444,,,,
464,8/10/20 22:00,8.394,,,,
465,8/10/20 23:00,8.319,,,,
466,8/11/20 0:00,8.27,,,,
467,8/11/20 1:00,8.27,,,,
468,8/11/20 2:00,8.295,,,,
469,8/11/20 3:00,8.295,,,,
470,8/11/20 4:00,8.295,,,,
471,8/11/20 5:00,8.27,,,,
472,8/11/20 6:00,8.245,,,,
473,8/11/20 7:00,8.245,,,,
474,8/11/20 8:00,8.245,,,,
475,8/11/20 9:00,8.22,,,,
476,8/11/20 10:00,8.17,,,,
477,8/11/20 11:00,8.195,,,,
478,8/11/20 12:00,8.27,,,,
479,8/11/20 13:00,8.319,,,,
480,8/11/20 14:00,8.444,,,,
481,8/11/20 15:00,8.543,,,,
482,8/11/20 16:00,8.543,,,,
483,8/11/20 17:00,8.519,,,,
484,8/11/20 18:00,8.519,,,,
485,8/11/20 19:00,8.519,,,,
486,8/11/20 20:00,8.519,,,,
487,8/11/20 21:00,8.469,,,,
488,8/11/20 22:00,8.394,,,,
489,8/11/20 23:00,8.344,,,,
490,8/12/20 0:00,8.27,,,,
491,8/12/20 1:00,8.22,,,,
492,8/12/20 2:00,8.17,,,,
493,8/12/20 3:00,8.12,,,,
494,8/12/20 4:00,8.095,,,,
495,8/12/20 5:00,8.045,,,,
496,8/12/20 6:00,7.995,,,,
497,8/12/20 7:00,7.97,,,,
498,8/12/20 8:00,7.945,,,,
499,8/12/20 9:00,7.945,,,,
500,8/12/20 10:00,7.97,,,,
501,8/12/20 11:00,8.02,,,,
502,8/12/20 12:00,8.045,,,,
503,8/12/20 13:00,8.095,,,,
504,8/12/20 14:00,8.17,,,,
505,8/12/20 15:00,8.295,,,,
506,8/12/20 16:00,8.369,,,,
507,8/12/20 17:00,8.344,,,,
508,8/12/20 18:00,8.394,,,,
509,8/12/20 19:00,8.419,,,,
510,8/12/20 20:00,8.444,,,,
511,8/12/20 21:00,8.444,,,,
512,8/12/20 22:00,8.419,,,,
513,8/12/20 23:00,8.344,,,,
514,8/13/20 0:00,8.295,,,,
515,8/13/20 1:00,8.195,,,,
516,8/13/20 2:00,8.095,,,,
517,8/13/20 3:00,8.02,,,,
518,8/13/20 4:00,7.97,,,,
519,8/13/20 5:00,7.97,,,,
520,8/13/20 6:00,7.97,,,,
521,8/13/20 7:00,7.995,,,,
522,8/13/20 8:00,8.045,,,,
523,8/13/20 9:00,8.07,,,,
524,8/13/20 10:00,8.045,,,,
525,8/13/20 11:00,8.045,,,,
526,8/13/20 12:00,8.07,,,,
527,8/13/20 13:00,8.195,,,,
528,8/13/20 14:00,8.319,,,,
529,8/13/20 15:00,8.444,,,,
530,8/13/20 16:00,8.568,,,,
531,8/13/20 17:00,8.643,,,,
532,8/13/20 18:00,8.543,,,,
533,8/13/20 19:00,8.494,,,,
534,8/13/20 20:00,8.394,,,,
535,8/13/20 21:00,8.319,,,,
536,8/13/20 22:00,8.27,,,,
537,8/13/20 23:00,8.245,,,,
538,8/14/20 0:00,8.195,,,,
539,8/14/20 1:00,8.095,,,,
540,8/14/20 2:00,8.02,,,,
541,8/14/20 3:00,7.97,,,,
542,8/14/20 4:00,7.92,,,,
543,8/14/20 5:00,7.87,,,,
544,8/14/20 6:00,7.795,,,,
545,8/14/20 7:00,7.745,,,,
546,8/14/20 8:00,7.72,,,,
547,8/14/20 9:00,7.745,,,,
548,8/14/20 10:00,7.77,,,,
549,8/14/20 11:00,7.845,,,,
550,8/14/20 12:00,7.92,,,,
551,8/14/20 13:00,8.02,,,,
552,8/14/20 14:00,8.17,,,,
553,8/14/20 15:00,8.295,,,,
554,8/14/20 16:00,8.419,,,,
555,8/14/20 17:00,8.519,,,,
556,8/14/20 18:00,8.469,,,,
557,8/14/20 19:00,8.394,,,,
558,8/14/20 20:00,8.344,,,,
559,8/14/20 21:00,8.295,,,,
560,8/14/20 22:00,8.27,,,,
561,8/14/20 23:00,8.245,,,,
562,8/15/20 0:00,8.145,,,,
563,8/15/20 1:00,8.045,,,,
564,8/15/20 2:00,7.92,,,,
565,8/15/20 3:00,7.82,,,,
566,8/15/20 4:00,7.77,,,,
567,8/15/20 5:00,7.72,,,,
568,8/15/20 6:00,7.72,,,,
569,8/15/20 7:00,7.695,,,,
570,8/15/20 8:00,7.67,,,,
571,8/15/20 9:00,7.67,,,,
572,8/15/20 10:00,7.67,,,,
573,8/15/20 11:00,7.695,,,,
574,8/15/20 12:00,7.77,,,,
575,8/15/20 13:00,7.87,,,,
576,8/15/20 14:00,7.97,,,,
577,8/15/20 15:00,8.12,,,,
578,8/15/20 16:00,8.27,,,,
579,8/15/20 17:00,8.394,,,,
580,8/15/20 18:00,8.419,,,,
581,8/15/20 19:00,8.344,,,,
582,8/15/20 20:00,8.245,,,,
583,8/15/20 21:00,8.245,,,,
584,8/15/20 22:00,8.245,,,,
585,8/15/20 23:00,8.27,,,,
586,8/16/20 0:00,8.195,,,,
587,8/16/20 1:00,8.12,,,,
588,8/16/20 2:00,8.07,,,,
589,8/16/20 3:00,8.045,,,,
590,8/16/20 4:00,7.995,,,,
591,8/16/20 5:00,7.97,,,,
592,8/16/20 6:00,7.945,,,,
593,8/16/20 7:00,7.945,,,,
594,8/16/20 8:00,7.92,,,,
595,8/16/20 9:00,7.92,,,,
596,8/16/20 10:00,7.945,,,,
597,8/16/20 11:00,7.995,,,,
598,8/16/20 12:00,8.095,,,,
599,8/16/20 13:00,8.22,,,,
600,8/16/20 14:00,8.344,,,,
601,8/16/20 15:00,8.469,,,,
602,8/16/20 16:00,8.593,,,,
603,8/16/20 17:00,8.643,,,,
604,8/16/20 18:00,8.618,,,,
605,8/16/20 19:00,8.568,,,,
606,8/16/20 20:00,8.494,,,,
607,8/16/20 21:00,8.444,,,,
608,8/16/20 22:00,8.419,,,,
609,8/16/20 23:00,8.394,,,,
610,8/17/20 0:00,8.344,,,,
611,8/17/20 1:00,8.27,,,,
612,8/17/20 2:00,8.17,,,,
613,8/17/20 3:00,8.095,,,,
614,8/17/20 4:00,8.02,,,,
615,8/17/20 5:00,7.945,,,,
616,8/17/20 6:00,7.895,,,,
617,8/17/20 7:00,7.87,,,,
618,8/17/20 8:00,7.845,,,,
619,8/17/20 9:00,7.845,,,,
620,8/17/20 10:00,7.845,,,,
621,8/17/20 11:00,7.845,,,,
622,8/17/20 12:00,7.945,,,,
623,8/17/20 13:00,8.045,,,,
624,8/17/20 14:00,8.195,,,,
625,8/17/20 15:00,8.295,,,,
626,8/17/20 16:00,8.394,,,,
627,8/17/20 17:00,8.444,,,,
628,8/17/20 18:00,8.469,,,,
629,8/17/20 19:00,8.419,,,,
630,8/17/20 20:00,8.319,,,,
631,8/17/20 21:00,8.22,,,,
632,8/17/20 22:00,8.145,,,,
633,8/17/20 23:00,8.12,,,,
634,8/18/20 0:00,8.095,,,,
635,8/18/20 1:00,8.045,,,,
636,8/18/20 2:00,7.97,,,,
637,8/18/20 3:00,7.92,,,,
638,8/18/20 4:00,7.845,,,,
639,8/18/20 5:00,7.795,,,,
640,8/18/20 6:00,7.77,,,,
641,8/18/20 7:00,7.745,,,,
642,8/18/20 8:00,7.745,,,,
643,8/18/20 9:00,7.745,,,,
644,8/18/20 10:00,7.77,,,,
645,8/18/20 11:00,7.82,,,,
646,8/18/20 12:00,7.87,,,,
647,8/18/20 13:00,7.97,,,,
648,8/18/20 14:00,8.095,,,,
649,8/18/20 15:00,8.17,,,,
650,8/18/20 16:00,8.295,,,,
651,8/18/20 17:00,8.369,,,,
652,8/18/20 18:00,8.369,,,,
653,8/18/20 19:00,8.344,,,,
654,8/18/20 20:00,8.27,,,,
655,8/18/20 21:00,8.145,,,,
656,8/18/20 22:00,8.095,,,,
657,8/18/20 23:00,8.07,,,,
658,8/19/20 0:00,8.045,,,,
659,8/19/20 1:00,7.995,,,,
660,8/19/20 2:00,7.945,,,,
661,8/19/20 3:00,7.895,,,,
662,8/19/20 4:00,7.845,,,,
663,8/19/20 5:00,7.795,,,,
664,8/19/20 6:00,7.795,,,,
665,8/19/20 7:00,7.795,,,,
666,8/19/20 8:00,7.82,,,,
667,8/19/20 9:00,7.895,,,,
668,8/19/20 10:00,7.92,,,,
669,8/19/20 11:00,7.995,,,,
670,8/19/20 12:00,8.095,,,,
671,8/19/20 13:00,8.17,,,,
672,8/19/20 14:00,8.245,,,,
673,8/19/20 15:00,8.344,,,,
674,8/19/20 16:00,8.444,,,,
675,8/19/20 17:00,8.519,,,,
676,8/19/20 18:00,8.543,,,,
677,8/19/20 19:00,8.469,,,,
678,8/19/20 20:00,8.394,,,,
679,8/19/20 21:00,8.319,,,,
680,8/19/20 22:00,8.27,,,,
681,8/19/20 23:00,8.245,,,,
682,8/20/20 0:00,8.245,,,,
683,8/20/20 1:00,8.195,,,,
684,8/20/20 2:00,8.145,,,,
685,8/20/20 3:00,8.12,,,,
686,8/20/20 4:00,8.12,,,,
687,8/20/20 5:00,8.12,,,,
688,8/20/20 6:00,8.12,,,,
689,8/20/20 7:00,8.12,,,,
690,8/20/20 8:00,8.145,,,,
691,8/20/20 9:00,8.195,,,,
692,8/20/20 10:00,8.27,,,,
693,8/20/20 11:00,8.319,,,,
694,8/20/20 12:00,8.344,,,,
695,8/20/20 13:00,8.394,,,,
696,8/20/20 14:00,8.444,,,,
697,8/20/20 15:00,8.519,,,,
698,8/20/20 16:00,8.593,,,,
699,8/20/20 17:00,8.742,,,,
700,8/20/20 18:00,8.866,,,,
701,8/20/20 19:00,8.891,,,,
702,8/20/20 20:00,8.841,,,,
703,8/20/20 21:00,8.742,,,,
704,8/20/20 22:00,8.618,,,,
705,8/20/20 23:00,8.543,,,,
706,8/21/20 0:00,8.519,,,,
707,8/21/20 1:00,8.494,,,,
708,8/21/20 2:00,8.469,,,,
709,8/21/20 3:00,8.419,,,,
710,8/21/20 4:00,8.344,,,,
711,8/21/20 5:00,8.295,,,,
712,8/21/20 6:00,8.245,,,,
713,8/21/20 7:00,8.195,,,,
714,8/21/20 8:00,8.195,,,,
715,8/21/20 9:00,8.245,,,,
716,8/21/20 10:00,8.245,,,,
717,8/21/20 11:00,8.27,,,,
718,8/21/20 12:00,8.319,,,,
719,8/21/20 13:00,8.344,,,,
720,8/21/20 14:00,8.419,,,,
721,8/21/20 15:00,8.494,,,,
722,8/21/20 16:00,8.568,,,,
723,8/21/20 17:00,8.643,,,,
724,8/21/20 18:00,8.717,,,,
725,8/21/20 19:00,8.767,,,,
726,8/21/20 20:00,8.742,,,,
727,8/21/20 21:00,8.643,,,,
728,8/21/20 22:00,8.543,,,,
729,8/21/20 23:00,8.444,,,,
730,8/22/20 0:00,8.394,,,,
731,8/22/20 1:00,8.369,,,,
732,8/22/20 2:00,8.344,,,,
733,8/22/20 3:00,8.319,,,,
734,8/22/20 4:00,8.27,,,,
735,8/22/20 5:00,8.22,,,,
736,8/22/20 6:00,8.195,,,,
737,8/22/20 7:00,8.17,,,,
738,8/22/20 8:00,8.145,,,,
739,8/22/20 9:00,8.12,,,,
740,8/22/20 10:00,8.12,,,,
741,8/22/20 11:00,8.145,,,,
742,8/22/20 12:00,8.195,,,,
743,8/22/20 13:00,8.245,,,,
744,8/22/20 14:00,8.344,,,,
745,8/22/20 15:00,8.469,,,,
746,8/22/20 16:00,8.593,,,,
747,8/22/20 17:00,8.693,,,,
748,8/22/20 18:00,8.742,,,,
749,8/22/20 19:00,8.742,,,,
750,8/22/20 20:00,8.717,,,,
751,8/22/20 21:00,8.668,,,,
752,8/22/20 22:00,8.593,,,,
753,8/22/20 23:00,8.519,,,,
754,8/23/20 0:00,8.494,,,,
755,8/23/20 1:00,8.494,,,,
756,8/23/20 2:00,8.494,,,,
757,8/23/20 3:00,8.519,,,,
758,8/23/20 4:00,8.543,,,,
759,8/23/20 5:00,8.543,,,,
760,8/23/20 6:00,8.543,,,,
761,8/23/20 7:00,8.543,,,,
762,8/23/20 8:00,8.568,,,,
763,8/23/20 9:00,8.593,,,,
764,8/23/20 10:00,8.643,,,,
765,8/23/20 11:00,8.717,,,,
766,8/23/20 12:00,8.817,,,,
767,8/23/20 13:00,8.941,,,,
768,8/23/20 14:00,9.064,,,,
769,8/23/20 15:00,9.163,,,,
770,8/23/20 16:00,9.262,,,,
771,8/23/20 17:00,9.336,,,,
772,8/23/20 18:00,9.41,,,,
773,8/23/20 19:00,9.386,,,,
774,8/23/20 20:00,9.336,,,,
775,8/23/20 21:00,9.312,,,,
776,8/23/20 22:00,9.213,,,,
777,8/23/20 23:00,9.114,,,,
778,8/24/20 0:00,9.04,,,,
779,8/24/20 1:00,8.965,,,,
780,8/24/20 2:00,8.941,,,,
781,8/24/20 3:00,8.941,,,,
782,8/24/20 4:00,8.941,,,,
783,8/24/20 5:00,8.941,,,,
784,8/24/20 6:00,8.941,,,,
785,8/24/20 7:00,8.941,,,,
786,8/24/20 8:00,8.941,,,,
787,8/24/20 9:00,8.941,,,,
788,8/24/20 10:00,8.941,,,,
789,8/24/20 11:00,8.941,,,,
790,8/24/20 12:00,8.99,,,,
791,8/24/20 13:00,9.089,,,,
792,8/24/20 14:00,9.163,,,,
793,8/24/20 15:00,9.188,,,,
794,8/24/20 16:00,9.163,,,,
795,8/24/20 17:00,9.238,,,,
796,8/24/20 18:00,9.287,,,,
797,8/24/20 19:00,9.262,,,,
798,8/24/20 20:00,9.188,,,,
799,8/24/20 21:00,9.114,,,,
800,8/24/20 22:00,9.015,,,,
801,8/24/20 23:00,8.941,,,,
802,8/25/20 0:00,8.916,,,,
803,8/25/20 1:00,8.916,,,,
804,8/25/20 2:00,8.891,,,,
805,8/25/20 3:00,8.866,,,,
806,8/25/20 4:00,8.792,,,,
807,8/25/20 5:00,8.767,,,,
808,8/25/20 6:00,8.717,,,,
809,8/25/20 7:00,8.643,,,,
810,8/25/20 8:00,8.618,,,,
811,8/25/20 9:00,8.568,,,,
812,8/25/20 10:00,8.568,,,,
813,8/25/20 11:00,8.618,,,,
814,8/25/20 12:00,8.668,,,,
815,8/25/20 13:00,8.742,,,,
816,8/25/20 14:00,8.817,,,,
817,8/25/20 15:00,8.941,,,,
818,8/25/20 16:00,9.04,,,,
819,8/25/20 17:00,9.064,,,,
820,8/25/20 18:00,9.114,,,,
821,8/25/20 19:00,9.139,,,,
822,8/25/20 20:00,9.114,,,,
823,8/25/20 21:00,9.089,,,,
824,8/25/20 22:00,9.04,,,,
825,8/25/20 23:00,8.965,,,,
826,8/26/20 0:00,8.891,,,,
827,8/26/20 1:00,8.817,,,,
828,8/26/20 2:00,8.742,,,,
829,8/26/20 3:00,8.693,,,,
830,8/26/20 4:00,8.618,,,,
831,8/26/20 5:00,8.519,,,,
832,8/26/20 6:00,8.419,,,,
833,8/26/20 7:00,8.344,,,,
834,8/26/20 8:00,8.27,,,,
835,8/26/20 9:00,8.245,,,,
836,8/26/20 10:00,8.245,,,,
837,8/26/20 11:00,8.27,,,,
838,8/26/20 12:00,8.344,,,,
839,8/26/20 13:00,8.419,,,,
840,8/26/20 14:00,8.444,,,,
841,8/26/20 15:00,8.444,,,,
842,8/26/20 16:00,8.444,,,,
843,8/26/20 17:00,8.444,,,,
844,8/26/20 18:00,8.469,,,,
845,8/26/20 19:00,8.444,,,,
846,8/26/20 20:00,8.394,,,,
847,8/26/20 21:00,8.369,,,,
848,8/26/20 22:00,8.344,,,,
849,8/26/20 23:00,8.319,,,,
850,8/27/20 0:00,8.295,,,,
851,8/27/20 1:00,8.295,,,,
852,8/27/20 2:00,8.295,,,,
853,8/27/20 3:00,8.27,,,,
854,8/27/20 4:00,8.245,,,,
855,8/27/20 5:00,8.145,,,,
856,8/27/20 6:00,8.07,,,,
857,8/27/20 7:00,7.97,,,,
858,8/27/20 8:00,7.895,,,,
859,8/27/20 9:00,7.87,,,,
860,8/27/20 10:00,7.845,,,,
861,8/27/20 11:00,7.82,,,,
862,8/27/20 12:00,7.845,,,,
863,8/27/20 13:00,7.895,,,,
864,8/27/20 14:00,7.995,,,,
865,8/27/20 15:00,8.095,,,,
866,8/27/20 16:00,8.195,,,,
867,8/27/20 17:00,8.22,,,,
868,8/27/20 18:00,8.245,,,,
869,8/27/20 19:00,8.245,,,,
870,8/27/20 20:00,8.22,,,,
871,8/27/20 21:00,8.17,,,,
872,8/27/20 22:00,8.095,,,,
873,8/27/20 23:00,8.045,,,,
874,8/28/20 0:00,7.995,,,,
875,8/28/20 1:00,7.945,,,,
876,8/28/20 2:00,7.87,,,,
877,8/28/20 3:00,7.82,,,,
878,8/28/20 4:00,7.795,,,,
879,8/28/20 5:00,7.795,,,,
880,8/28/20 6:00,7.795,,,,
881,8/28/20 7:00,7.795,,,,
882,8/28/20 8:00,7.82,,,,
883,8/28/20 9:00,7.845,,,,
884,8/28/20 10:00,7.895,,,,
885,8/28/20 11:00,7.945,,,,
886,8/28/20 12:00,8.02,,,,
887,8/28/20 13:00,8.07,,,,
888,8/28/20 14:00,8.145,,,,
889,8/28/20 15:00,8.22,,,,
890,8/28/20 16:00,8.27,,,,
891,8/28/20 17:00,8.295,,,,
892,8/28/20 18:00,8.344,,,,
893,8/28/20 19:00,8.319,,,,
894,8/28/20 20:00,8.295,,,,
895,8/28/20 21:00,8.22,,,,
896,8/28/20 22:00,8.145,,,,
897,8/28/20 23:00,8.095,,,,
898,8/29/20 0:00,8.045,,,,
899,8/29/20 1:00,7.995,,,,
900,8/29/20 2:00,7.945,,,,
901,8/29/20 3:00,7.92,,,,
902,8/29/20 4:00,7.895,,,,
903,8/29/20 5:00,7.845,,,,
904,8/29/20 6:00,7.795,,,,
905,8/29/20 7:00,7.77,,,,
906,8/29/20 8:00,7.795,,,,
907,8/29/20 9:00,7.82,,,,
908,8/29/20 10:00,7.845,,,,
909,8/29/20 11:00,7.895,,,,
910,8/29/20 12:00,7.945,,,,
911,8/29/20 13:00,7.995,,,,
912,8/29/20 14:00,8.045,,,,
913,8/29/20 15:00,8.12,,,,
914,8/29/20 16:00,8.195,,,,
915,8/29/20 17:00,8.295,,,,
916,8/29/20 18:00,8.344,,,,
917,8/29/20 19:00,8.344,,,,
918,8/29/20 20:00,8.27,,,,
919,8/29/20 21:00,8.17,,,,
920,8/29/20 22:00,8.095,,,,
921,8/29/20 23:00,8.045,,,,
922,8/30/20 0:00,8.045,,,,
923,8/30/20 1:00,7.995,,,,
924,8/30/20 2:00,7.92,,,,
925,8/30/20 3:00,7.845,,,,
926,8/30/20 4:00,7.77,,,,
927,8/30/20 5:00,7.72,,,,
928,8/30/20 6:00,7.695,,,,
929,8/30/20 7:00,7.67,,,,
930,8/30/20 8:00,7.695,,,,
931,8/30/20 9:00,7.72,,,,
932,8/30/20 10:00,7.72,,,,
933,8/30/20 11:00,7.745,,,,
934,8/30/20 12:00,7.77,,,,
935,8/30/20 13:00,7.82,,,,
936,8/30/20 14:00,7.895,,,,
937,8/30/20 15:00,7.97,,,,
938,8/30/20 16:00,8.045,,,,
939,8/30/20 17:00,8.145,,,,
940,8/30/20 18:00,8.22,,,,
941,8/30/20 19:00,8.245,,,,
942,8/30/20 20:00,8.195,,,,
943,8/30/20 21:00,8.095,,,,
944,8/30/20 22:00,7.995,,,,
945,8/30/20 23:00,7.945,,,,
946,8/31/20 0:00,7.92,,,,
947,8/31/20 1:00,7.895,,,,
948,8/31/20 2:00,7.87,,,,
949,8/31/20 3:00,7.82,,,,
950,8/31/20 4:00,7.77,,,,
951,8/31/20 5:00,7.72,,,,
952,8/31/20 6:00,7.695,,,,
953,8/31/20 7:00,7.67,,,,
954,8/31/20 8:00,7.67,,,,
955,8/31/20 9:00,7.695,,,,
956,8/31/20 10:00,7.72,,,,
957,8/31/20 11:00,7.77,,,,
958,8/31/20 12:00,7.795,,,,
959,8/31/20 13:00,7.845,,,,
960,8/31/20 14:00,7.895,,,,
961,8/31/20 15:00,7.945,,,,
962,8/31/20 16:00,8.02,,,,
963,8/31/20 17:00,8.095,,,,
964,8/31/20 18:00,8.195,,,,
965,8/31/20 19:00,8.245,,,,
966,8/31/20 20:00,8.245,,,,
967,8/31/20 21:00,8.17,,,,
968,8/31/20 22:00,8.095,,,,
969,8/31/20 23:00,7.995,,,,
970,9/1/20 0:00,7.92,,,,
971,9/1/20 1:00,7.895,,,,
972,9/1/20 2:00,7.895,,,,
973,9/1/20 3:00,7.87,,,,
974,9/1/20 4:00,7.87,,,,
975,9/1/20 5:00,7.845,,,,
976,9/1/20 6:00,7.82,,,,
977,9/1/20 7:00,7.795,,,,
978,9/1/20 8:00,7.795,,,,
979,9/1/20 9:00,7.82,,,,
980,9/1/20 10:00,7.87,,,,
981,9/1/20 11:00,7.895,,,,
982,9/1/20 12:00,7.97,,,,
983,9/1/20 13:00,7.995,,,,
984,9/1/20 14:00,8.045,,,,
985,9/1/20 15:00,8.095,,,,
986,9/1/20 16:00,8.145,,,,
987,9/1/20 17:00,8.195,,,,
988,9/1/20 18:00,8.195,,,,
989,9/1/20 19:00,8.195,,,,
990,9/1/20 20:00,8.17,,,,
991,9/1/20 21:00,8.12,,,,
992,9/1/20 22:00,8.045,,,,
993,9/1/20 23:00,7.97,,,,
994,9/2/20 0:00,7.92,,,,
995,9/2/20 1:00,7.87,,,,
996,9/2/20 2:00,7.845,,,,
997,9/2/20 3:00,7.795,,,,
998,9/2/20 4:00,7.77,,,,
999,9/2/20 5:00,7.745,,,,
1000,9/2/20 6:00,7.695,,,,
1001,9/2/20 7:00,7.67,,,,
1002,9/2/20 8:00,7.645,,,,
1003,9/2/20 9:00,7.645,,,,
1004,9/2/20 10:00,7.645,,,,
1005,9/2/20 11:00,7.645,,,,
1006,9/2/20 12:00,7.645,,,,
1007,9/2/20 13:00,7.67,,,,
1008,9/2/20 14:00,7.72,,,,
1009,9/2/20 15:00,7.77,,,,
1010,9/2/20 16:00,7.82,,,,
1011,9/2/20 17:00,7.845,,,,
1012,9/2/20 18:00,7.87,,,,
1013,9/2/20 19:00,7.87,,,,
1014,9/2/20 20:00,7.845,,,,
1015,9/2/20 21:00,7.795,,,,
1016,9/2/20 22:00,7.745,,,,
1017,9/2/20 23:00,7.695,,,,
1018,9/3/20 0:00,7.645,,,,
1019,9/3/20 1:00,7.594,,,,
1020,9/3/20 2:00,7.569,,,,
1021,9/3/20 3:00,7.544,,,,
1022,9/3/20 4:00,7.519,,,,
1023,9/3/20 5:00,7.494,,,,
1024,9/3/20 6:00,7.444,,,,
1025,9/3/20 7:00,7.393,,,,
1026,9/3/20 8:00,7.368,,,,
1027,9/3/20 9:00,7.318,,,,
1028,9/3/20 10:00,7.293,,,,
1029,9/3/20 11:00,7.293,,,,
1030,9/3/20 12:00,7.318,,,,
1031,9/3/20 13:00,7.343,,,,
1032,9/3/20 14:00,7.393,,,,
1033,9/3/20 15:00,7.444,,,,
1034,9/3/20 16:00,7.469,,,,
1035,9/3/20 17:00,7.444,,,,
1036,9/3/20 18:00,7.444,,,,
1037,9/3/20 19:00,7.393,,,,
1038,9/3/20 20:00,7.368,,,,
1039,9/3/20 21:00,7.318,,,,
1040,9/3/20 22:00,7.242,,,,
1041,9/3/20 23:00,7.192,,,,
1042,9/4/20 0:00,7.116,,,,
1043,9/4/20 1:00,7.066,,,,
1044,9/4/20 2:00,7.015,,,,
1045,9/4/20 3:00,6.965,,,,
1046,9/4/20 4:00,6.94,,,,
1047,9/4/20 5:00,6.914,,,,
1048,9/4/20 6:00,6.889,,,,
1049,9/4/20 7:00,6.864,,,,
1050,9/4/20 8:00,6.889,,,,
1051,9/4/20 9:00,6.914,,,,
1052,9/4/20 10:00,6.94,,,,
1053,9/4/20 11:00,6.965,,,,
1054,9/4/20 12:00,7.015,,,,
1055,9/4/20 13:00,7.066,,,,
1056,9/4/20 14:00,7.116,,,,
1057,9/4/20 15:00,7.167,,,,
1058,9/4/20 16:00,7.242,,,,
1059,9/4/20 17:00,7.242,,,,
1060,9/4/20 18:00,7.242,,,,
1061,9/4/20 19:00,7.242,,,,
1062,9/4/20 20:00,7.242,,,,
1063,9/4/20 21:00,7.242,,,,
1064,9/4/20 22:00,7.192,,,,
1065,9/4/20 23:00,7.167,,,,
1066,9/5/20 0:00,7.142,,,,
1067,9/5/20 1:00,7.142,,,,
1068,9/5/20 2:00,7.142,,,,
1069,9/5/20 3:00,7.116,,,,
1070,9/5/20 4:00,7.091,,,,
1071,9/5/20 5:00,7.066,,,,
1072,9/5/20 6:00,7.041,,,,
1073,9/5/20 7:00,7.015,,,,
1074,9/5/20 8:00,7.015,,,,
1075,9/5/20 9:00,6.99,,,,
1076,9/5/20 10:00,6.99,,,,
1077,9/5/20 11:00,6.965,,,,
1078,9/5/20 12:00,6.965,,,,
1079,9/5/20 13:00,6.99,,,,
1080,9/5/20 14:00,6.99,,,,
1081,9/5/20 15:00,7.041,,,,
1082,9/5/20 16:00,7.066,,,,
1083,9/5/20 17:00,7.091,,,,
1084,9/5/20 18:00,7.116,,,,
1085,9/5/20 19:00,7.142,,,,
1086,9/5/20 20:00,7.066,,,,
1087,9/5/20 21:00,6.99,,,,
1088,9/5/20 22:00,6.94,,,,
1089,9/5/20 23:00,6.889,,,,
1090,9/6/20 0:00,6.839,,,,
1091,9/6/20 1:00,6.737,,,,
1092,9/6/20 2:00,6.687,,,,
1093,9/6/20 3:00,6.611,,,,
1094,9/6/20 4:00,6.56,,,,
1095,9/6/20 5:00,6.509,,,,
1096,9/6/20 6:00,6.458,,,,
1097,9/6/20 7:00,6.382,,,,
1098,9/6/20 8:00,6.331,,,,
1099,9/6/20 9:00,6.281,,,,
1100,9/6/20 10:00,6.255,,,,
1101,9/6/20 11:00,6.23,,,,
1102,9/6/20 12:00,6.23,,,,
1103,9/6/20 13:00,6.23,,,,
1104,9/6/20 14:00,6.281,,,,
1105,9/6/20 15:00,6.331,,,,
1106,9/6/20 16:00,6.382,,,,
1107,9/6/20 17:00,6.433,,,,
1108,9/6/20 18:00,6.458,,,,
1109,9/6/20 19:00,6.433,,,,
1110,9/6/20 20:00,6.357,,,,
1111,9/6/20 21:00,6.281,,,,
1112,9/6/20 22:00,6.23,,,,
1113,9/6/20 23:00,6.179,,,,
1114,9/7/20 0:00,6.128,,,,
1115,9/7/20 1:00,6.077,,,,
1116,9/7/20 2:00,6.051,,,,
1117,9/7/20 3:00,6.026,,,,
1118,9/7/20 4:00,6.026,,,,
1119,9/7/20 5:00,6.026,,,,
1120,9/7/20 6:00,6.026,,,,
1121,9/7/20 7:00,6,,,,
1122,9/7/20 8:00,6,,,,
1123,9/7/20 9:00,6,,,,
1124,9/7/20 10:00,5.975,,,,
1125,9/7/20 11:00,5.975,,,,
1126,9/7/20 12:00,6,,,,
1127,9/7/20 13:00,6.026,,,,
1128,9/7/20 14:00,6.051,,,,
1129,9/7/20 15:00,6.128,,,,
1130,9/7/20 16:00,6.179,,,,
1131,9/7/20 17:00,6.281,,,,
1132,9/7/20 18:00,6.357,,,,
1133,9/7/20 19:00,6.408,,,,
1134,9/7/20 20:00,6.433,,,,
1135,9/7/20 21:00,6.433,,,,
1136,9/7/20 22:00,6.382,,,,
1137,9/7/20 23:00,6.357,,,,
1138,9/8/20 0:00,6.357,,,,
1139,9/8/20 1:00,6.382,,,,
1140,9/8/20 2:00,6.408,,,,
1141,9/8/20 3:00,6.433,,,,
1142,9/8/20 4:00,6.433,,,,
1143,9/8/20 5:00,6.458,,,,
1144,9/8/20 6:00,6.484,,,,
1145,9/8/20 7:00,6.509,,,,
1146,9/8/20 8:00,6.535,,,,
1147,9/8/20 9:00,6.585,,,,
1148,9/8/20 10:00,6.636,,,,
1149,9/8/20 11:00,6.687,,,,
1150,9/8/20 12:00,6.737,,,,
1151,9/8/20 13:00,6.788,,,,
1152,9/8/20 14:00,6.839,,,,
1153,9/8/20 15:00,6.889,,,,
1154,9/8/20 16:00,6.965,,,,
1155,9/8/20 17:00,7.015,,,,
1156,9/8/20 18:00,7.091,,,,
1157,9/8/20 19:00,7.142,,,,
1158,9/8/20 20:00,7.142,,,,
1159,9/8/20 21:00,7.142,,,,
1160,9/8/20 22:00,7.091,,,,
1161,9/8/20 23:00,7.066,,,,
1162,9/9/20 0:00,7.041,,,,
1163,9/9/20 1:00,7.041,,,,
1164,9/9/20 2:00,7.015,,,,
1165,9/9/20 3:00,7.015,,,,
1166,9/9/20 4:00,6.99,,,,
1167,9/9/20 5:00,6.965,,,,
1168,9/9/20 6:00,6.94,,,,
1169,9/9/20 7:00,6.914,,,,
1170,9/9/20 8:00,6.889,,,,
1171,9/9/20 9:00,6.864,,,,
1172,9/9/20 10:00,6.864,,,,
1173,9/9/20 11:00,6.839,,,,
1174,9/9/20 12:00,6.813,,,,
1175,9/9/20 13:00,6.839,,,,
1176,9/9/20 14:00,6.839,,,,
1177,9/9/20 15:00,6.839,,,,
1178,9/9/20 16:00,6.864,,,,
1179,9/9/20 17:00,6.864,,,,
1180,9/9/20 18:00,6.864,,,,
1181,9/9/20 19:00,6.839,,,,
1182,9/9/20 20:00,6.839,,,,
1183,9/9/20 21:00,6.788,,,,
1184,9/9/20 22:00,6.763,,,,
1185,9/9/20 23:00,6.737,,,,
1186,9/10/20 0:00,6.687,,,,
1187,9/10/20 1:00,6.636,,,,
1188,9/10/20 2:00,6.585,,,,
1189,9/10/20 3:00,6.56,,,,
1190,9/10/20 4:00,6.535,,,,
1191,9/10/20 5:00,6.484,,,,
1192,9/10/20 6:00,6.458,,,,
1193,9/10/20 7:00,6.408,,,,
1194,9/10/20 8:00,6.382,,,,
1195,9/10/20 9:00,6.357,,,,
1196,9/10/20 10:00,6.331,,,,
1197,9/10/20 11:00,6.306,,,,
1198,9/10/20 12:00,6.281,,,,
1199,9/10/20 13:00,6.281,,,,
1200,9/10/20 14:00,6.255,,,,
1201,9/10/20 15:00,6.255,,,,
1202,9/10/20 16:00,6.255,,,,
1203,9/10/20 17:00,6.23,,,,
1204,9/10/20 18:00,6.23,,,,
1205,9/10/20 19:00,6.23,,,,
1206,9/10/20 20:00,6.179,,,,
1207,9/10/20 21:00,6.153,,,,
1208,9/10/20 22:00,6.102,,,,
1209,9/10/20 23:00,6.051,,,,
1210,9/11/20 0:00,6,,,,
1211,9/11/20 1:00,5.949,,,,
1212,9/11/20 2:00,5.872,,,,
1213,9/11/20 3:00,5.821,,,,
1214,9/11/20 4:00,5.745,,,,
1215,9/11/20 5:00,5.693,,,,
1216,9/11/20 6:00,5.668,,,,
1217,9/11/20 7:00,5.616,,,,
1218,9/11/20 8:00,5.591,,,,
1219,9/11/20 9:00,5.539,,,,
1220,9/11/20 10:00,5.514,,,,
1221,9/11/20 11:00,5.488,,,,
1222,9/11/20 12:00,5.462,,,,
1223,9/11/20 13:00,5.437,,,,
1224,9/11/20 14:00,5.437,,,,
1225,9/11/20 15:00,5.411,,,,
1226,9/11/20 16:00,5.411,,,,
1227,9/11/20 17:00,5.411,,,,
1228,9/11/20 18:00,5.385,,,,
1229,9/11/20 19:00,5.385,,,,
1230,9/11/20 20:00,5.36,,,,
1231,9/11/20 21:00,5.334,,,,
1232,9/11/20 22:00,5.308,,,,
1233,9/11/20 23:00,5.257,,,,
1234,9/12/20 0:00,5.231,,,,
1235,9/12/20 1:00,5.205,,,,
1236,9/12/20 2:00,5.154,,,,
1237,9/12/20 3:00,5.102,,,,
1238,9/12/20 4:00,5.076,,,,
1239,9/12/20 5:00,5.024,,,,
1240,9/12/20 6:00,4.999,,,,
1241,9/12/20 7:00,4.973,,,,
1242,9/12/20 8:00,4.973,,,,
1243,9/12/20 9:00,4.947,,,,
1244,9/12/20 10:00,4.947,,,,
1245,9/12/20 11:00,4.947,,,,
1246,9/12/20 12:00,4.947,,,,
1247,9/12/20 13:00,4.973,,,,
1248,9/12/20 14:00,4.999,,,,
1249,9/12/20 15:00,5.024,,,,
1250,9/12/20 16:00,5.05,,,,
1251,9/12/20 17:00,5.102,,,,
1252,9/12/20 18:00,5.102,,,,
1253,9/12/20 19:00,5.128,,,,
1254,9/12/20 20:00,5.128,,,,
1255,9/12/20 21:00,5.102,,,,
1256,9/12/20 22:00,5.076,,,,
1257,9/12/20 23:00,5.076,,,,
1258,9/13/20 0:00,5.05,,,,
1259,9/13/20 1:00,5.024,,,,
1260,9/13/20 2:00,4.999,,,,
1261,9/13/20 3:00,4.947,,,,
1262,9/13/20 4:00,4.921,,,,
1263,9/13/20 5:00,4.895,,,,
1264,9/13/20 6:00,4.869,,,,
1265,9/13/20 7:00,4.844,,,,
1266,9/13/20 8:00,4.844,,,,
1267,9/13/20 9:00,4.818,,,,
1268,9/13/20 10:00,4.818,,,,
1269,9/13/20 11:00,4.818,,,,
1270,9/13/20 12:00,4.844,,,,
1271,9/13/20 13:00,4.844,,,,
1272,9/13/20 14:00,4.869,,,,
1273,9/13/20 15:00,4.895,,,,
1274,9/13/20 16:00,4.947,,,,
1275,9/13/20 17:00,4.999,,,,
1276,9/13/20 18:00,5.05,,,,
1277,9/13/20 19:00,5.076,,,,
1278,9/13/20 20:00,5.05,,,,
1279,9/13/20 21:00,5.024,,,,
1280,9/13/20 22:00,4.973,,,,
1281,9/13/20 23:00,4.947,,,,
1282,9/14/20 0:00,4.895,,,,
1283,9/14/20 1:00,4.844,,,,
1284,9/14/20 2:00,4.792,,,,
1285,9/14/20 3:00,4.74,,,,
1286,9/14/20 4:00,4.714,,,,
1287,9/14/20 5:00,4.688,,,,
1288,9/14/20 6:00,4.636,,,,
1289,9/14/20 7:00,4.61,,,,
1290,9/14/20 8:00,4.584,,,,
1291,9/14/20 9:00,4.558,,,,
1292,9/14/20 10:00,4.532,,,,
1293,9/14/20 11:00,4.532,,,,
1294,9/14/20 12:00,4.532,,,,
1295,9/14/20 13:00,4.532,,,,
1296,9/14/20 14:00,4.532,,,,
1297,9/14/20 15:00,4.532,,,,
1298,9/14/20 16:00,4.558,,,,
1299,9/14/20 17:00,4.584,,,,
1300,9/14/20 18:00,4.584,,,,
1301,9/14/20 19:00,4.584,,,,
1302,9/14/20 20:00,4.584,,,,
1303,9/14/20 21:00,4.584,,,,
1304,9/14/20 22:00,4.558,,,,
1305,9/14/20 23:00,4.532,,,,
1306,9/15/20 0:00,4.532,,,,
1307,9/15/20 1:00,4.532,,,,
1308,9/15/20 2:00,4.558,,,,
1309,9/15/20 3:00,4.558,,,,
1310,9/15/20 4:00,4.558,,,,
1311,9/15/20 5:00,4.532,,,,
1312,9/15/20 6:00,4.532,,,,
1313,9/15/20 7:00,4.558,,,,
1314,9/15/20 8:00,4.558,,,,
1315,9/15/20 9:00,4.584,,,,
1316,9/15/20 10:00,4.584,,,,
1317,9/15/20 11:00,4.61,,,,
1318,9/15/20 12:00,4.636,,,,
1319,9/15/20 13:00,4.688,,,,
1320,9/15/20 14:00,4.714,,,,
1321,9/15/20 15:00,4.766,,,,
1322,9/15/20 16:00,4.818,,,,
1323,9/15/20 17:00,4.844,,,,
1324,9/15/20 18:00,4.895,,,,
1325,9/15/20 19:00,4.921,,,,
1326,9/15/20 20:00,4.947,,,,
1327,9/15/20 21:00,4.947,,,,
1328,9/15/20 22:00,4.973,,,,
1329,9/15/20 23:00,4.999,,,,
1330,9/16/20 0:00,4.999,,,,
1331,9/16/20 1:00,5.024,,,,
1332,9/16/20 2:00,5.05,,,,
1333,9/16/20 3:00,5.05,,,,
1334,9/16/20 4:00,5.05,,,,
1335,9/16/20 5:00,5.076,,,,
1336,9/16/20 6:00,5.102,,,,
1337,9/16/20 7:00,5.128,,,,
1338,9/16/20 8:00,5.154,,,,
1339,9/16/20 9:00,5.154,,,,
1340,9/16/20 10:00,5.205,,,,
1341,9/16/20 11:00,5.231,,,,
1342,9/16/20 12:00,5.257,,,,
1343,9/16/20 13:00,5.308,,,,
1344,9/16/20 14:00,5.36,,,,
1345,9/16/20 15:00,5.411,,,,
1346,9/16/20 16:00,5.462,,,,
1347,9/16/20 17:00,5.514,,,,
1348,9/16/20 18:00,5.539,,,,
1349,9/16/20 19:00,5.565,,,,
1350,9/16/20 20:00,5.591,,,,
1351,9/16/20 21:00,5.565,,,,
1352,9/16/20 22:00,5.565,,,,
1353,9/16/20 23:00,5.565,,,,
1354,9/17/20 0:00,5.539,,,,
1355,9/17/20 1:00,5.539,,,,
1356,9/17/20 2:00,5.565,,,,
1357,9/17/20 3:00,5.565,,,,
1358,9/17/20 4:00,5.565,,,,
1359,9/17/20 5:00,5.565,,,,
1360,9/17/20 6:00,5.565,,,,
1361,9/17/20 7:00,5.565,,,,
1362,9/17/20 8:00,5.565,,,,
1363,9/17/20 9:00,5.591,,,,
1364,9/17/20 10:00,5.616,,,,
1365,9/17/20 11:00,5.616,,,,
1366,9/17/20 12:00,5.642,,,,
1367,9/17/20 13:00,5.668,,,,
1368,9/17/20 14:00,5.668,,,,
1369,9/17/20 15:00,5.719,,,,
1370,9/17/20 16:00,5.745,,,,
1371,9/17/20 17:00,5.77,,,,
1372,9/17/20 18:00,5.77,,,,
1373,9/17/20 19:00,5.821,,,,
1374,9/17/20 20:00,5.821,,,,
1375,9/17/20 21:00,5.821,,,,
1376,9/17/20 22:00,5.796,,,,
1377,9/17/20 23:00,5.77,,,,
1378,9/18/20 0:00,5.745,,,,
1379,9/18/20 1:00,5.719,,,,
1380,9/18/20 2:00,5.719,,,,
1381,9/18/20 3:00,5.693,,,,
1382,9/18/20 4:00,5.668,,,,
1383,9/18/20 5:00,5.616,,,,
1384,9/18/20 6:00,5.565,,,,
1385,9/18/20 7:00,5.539,,,,
1386,9/18/20 8:00,5.514,,,,
1387,9/18/20 9:00,5.488,,,,
1388,9/18/20 10:00,5.462,,,,
1389,9/18/20 11:00,5.462,,,,
1390,9/18/20 12:00,5.462,,,,
1391,9/18/20 13:00,5.462,,,,
1392,9/18/20 14:00,5.462,,,,
1393,9/18/20 15:00,5.488,,,,
1394,9/18/20 16:00,5.514,,,,
1395,9/18/20 17:00,5.539,,,,
1396,9/18/20 18:00,5.539,,,,
1397,9/18/20 19:00,5.565,,,,
1398,9/18/20 20:00,5.565,,,,
1399,9/18/20 21:00,5.565,,,,
1400,9/18/20 22:00,5.539,,,,
1401,9/18/20 23:00,5.514,,,,
1402,9/19/20 0:00,5.488,,,,
1403,9/19/20 1:00,5.488,,,,
1404,9/19/20 2:00,5.488,,,,
1405,9/19/20 3:00,5.514,,,,
1406,9/19/20 4:00,5.514,,,,
1407,9/19/20 5:00,5.514,,,,
1408,9/19/20 6:00,5.514,,,,
1409,9/19/20 7:00,5.514,,,,
1410,9/19/20 8:00,5.514,,,,
1411,9/19/20 9:00,5.488,,,,
1412,9/19/20 10:00,5.488,,,,
1413,9/19/20 11:00,5.488,,,,
1414,9/19/20 12:00,5.488,,,,
1415,9/19/20 13:00,5.514,,,,
1416,9/19/20 14:00,5.539,,,,
1417,9/19/20 15:00,5.565,,,,
1418,9/19/20 16:00,5.591,,,,
1419,9/19/20 17:00,5.616,,,,
1420,9/19/20 18:00,5.616,,,,
1421,9/19/20 19:00,5.616,,,,
1422,9/19/20 20:00,5.616,,,,
1423,9/19/20 21:00,5.565,,,,
1424,9/19/20 22:00,5.539,,,,
1425,9/19/20 23:00,5.488,,,,
1426,9/20/20 0:00,5.462,,,,
1427,9/20/20 1:00,5.411,,,,
1428,9/20/20 2:00,5.385,,,,
1429,9/20/20 3:00,5.334,,,,
1430,9/20/20 4:00,5.308,,,,
1431,9/20/20 5:00,5.257,,,,
1432,9/20/20 6:00,5.205,,,,
1433,9/20/20 7:00,5.179,,,,
1434,9/20/20 8:00,5.154,,,,
1435,9/20/20 9:00,5.128,,,,
1436,9/20/20 10:00,5.128,,,,
1437,9/20/20 11:00,5.102,,,,
1438,9/20/20 12:00,5.102,,,,
1439,9/20/20 13:00,5.102,,,,
1440,9/20/20 14:00,5.102,,,,
1441,9/20/20 15:00,5.128,,,,
1442,9/20/20 16:00,5.128,,,,
1443,9/20/20 17:00,5.154,,,,
1444,9/20/20 18:00,5.154,,,,
1445,9/20/20 19:00,5.128,,,,
1446,9/20/20 20:00,5.102,,,,
1447,9/20/20 21:00,5.076,,,,
1448,9/20/20 22:00,5.05,,,,
1449,9/20/20 23:00,4.999,,,,
1450,9/21/20 0:00,4.947,,,,
1451,9/21/20 1:00,4.895,,,,
1452,9/21/20 2:00,4.844,,,,
1453,9/21/20 3:00,4.818,,,,
1454,9/21/20 4:00,4.792,,,,
1455,9/21/20 5:00,4.74,,,,
1456,9/21/20 6:00,4.714,,,,
1457,9/21/20 7:00,4.688,,,,
1458,9/21/20 8:00,4.662,,,,
1459,9/21/20 9:00,4.662,,,,
1460,9/21/20 10:00,4.636,,,,
1461,9/21/20 11:00,4.636,,,,
1462,9/21/20 12:00,4.636,,,,
1463,9/21/20 13:00,4.636,,,,
1464,9/21/20 14:00,4.662,,,,
1465,9/21/20 15:00,4.688,,,,
1466,9/21/20 16:00,4.714,,,,
1467,9/21/20 17:00,4.74,,,,
1468,9/21/20 18:00,4.766,,,,
1469,9/21/20 19:00,4.766,,,,
1470,9/21/20 20:00,4.74,,,,
1471,9/21/20 21:00,4.714,,,,
1472,9/21/20 22:00,4.662,,,,
1473,9/21/20 23:00,4.61,,,,
1474,9/22/20 0:00,4.558,,,,
1475,9/22/20 1:00,4.506,,,,
1476,9/22/20 2:00,4.454,,,,
1477,9/22/20 3:00,4.376,,,,
1478,9/22/20 4:00,4.298,,,,
1479,9/22/20 5:00,4.22,,,,
1480,9/22/20 6:00,4.168,,,,
1481,9/22/20 7:00,4.115,,,,
1482,9/22/20 8:00,4.063,,,,
1483,9/22/20 9:00,4.011,,,,
1484,9/22/20 10:00,3.958,,,,
1485,9/22/20 11:00,3.932,,,,
1486,9/22/20 12:00,3.906,,,,
1487,9/22/20 13:00,3.88,,,,
1488,9/22/20 14:00,3.88,,,,
1489,9/22/20 15:00,3.854,,,,
1490,9/22/20 16:00,3.854,,,,
1491,9/22/20 17:00,3.88,,,,
1492,9/22/20 18:00,3.88,,,,
1493,9/22/20 19:00,3.88,,,,
1494,9/22/20 20:00,3.88,,,,
1495,9/22/20 21:00,3.854,,,,
1496,9/22/20 22:00,3.801,,,,
1497,9/22/20 23:00,3.749,,,,
1498,9/23/20 0:00,3.696,,,,
1499,9/23/20 1:00,3.67,,,,
1500,9/23/20 2:00,3.643,,,,
1501,9/23/20 3:00,3.617,,,,
1502,9/23/20 4:00,3.591,,,,
1503,9/23/20 5:00,3.538,,,,
1504,9/23/20 6:00,3.512,,,,
1505,9/23/20 7:00,3.485,,,,
1506,9/23/20 8:00,3.485,,,,
1507,9/23/20 9:00,3.485,,,,
1508,9/23/20 10:00,3.485,,,,
1509,9/23/20 11:00,3.485,,,,
1510,9/23/20 12:00,3.512,,,,
1511,9/23/20 13:00,3.538,,,,
1512,9/23/20 14:00,3.564,,,,
1513,9/23/20 15:00,3.591,,,,
1514,9/23/20 16:00,3.591,,,,
1515,9/23/20 17:00,3.617,,,,
1516,9/23/20 18:00,3.643,,,,
1517,9/23/20 19:00,3.67,,,,
1518,9/23/20 20:00,3.696,,,,
1519,9/23/20 21:00,3.696,,,,
1520,9/23/20 22:00,3.696,,,,
1521,9/23/20 23:00,3.696,,,,
1522,9/24/20 0:00,3.67,,,,
1523,9/24/20 1:00,3.696,,,,
1524,9/24/20 2:00,3.722,,,,
1525,9/24/20 3:00,3.749,,,,
1526,9/24/20 4:00,3.775,,,,
1527,9/24/20 5:00,3.749,,,,
1528,9/24/20 6:00,3.749,,,,
1529,9/24/20 7:00,3.749,,,,
1530,9/24/20 8:00,3.775,,,,
1531,9/24/20 9:00,3.801,,,,
1532,9/24/20 10:00,3.827,,,,
1533,9/24/20 11:00,3.854,,,,
1534,9/24/20 12:00,3.906,,,,
1535,9/24/20 13:00,3.958,,,,
1536,9/24/20 14:00,4.011,,,,
1537,9/24/20 15:00,4.063,,,,
1538,9/24/20 16:00,4.115,,,,
1539,9/24/20 17:00,4.168,,,,
1540,9/24/20 18:00,4.194,,,,
1541,9/24/20 19:00,4.22,,,,
1542,9/24/20 20:00,4.272,,,,
1543,9/24/20 21:00,4.272,,,,
1544,9/24/20 22:00,4.298,,,,
1545,9/24/20 23:00,4.324,,,,
1546,9/25/20 0:00,4.324,,,,
1547,9/25/20 1:00,4.35,,,,
1548,9/25/20 2:00,4.35,,,,
1549,9/25/20 3:00,4.376,,,,
1550,9/25/20 4:00,4.376,,,,
1551,9/25/20 5:00,4.376,,,,
1552,9/25/20 6:00,4.402,,,,
1553,9/25/20 7:00,4.428,,,,
1554,9/25/20 8:00,4.428,,,,
1555,9/25/20 9:00,4.428,,,,
1556,9/25/20 10:00,4.402,,,,
1557,9/25/20 11:00,4.402,,,,
1558,9/25/20 12:00,4.428,,,,
1559,9/25/20 13:00,4.428,,,,
1560,9/25/20 14:00,4.428,,,,
1561,9/25/20 15:00,4.454,,,,
1562,9/25/20 16:00,4.48,,,,
1563,9/25/20 17:00,4.48,,,,
1564,9/25/20 18:00,4.506,,,,
1565,9/25/20 19:00,4.506,,,,
1566,9/25/20 20:00,4.506,,,,
1567,9/25/20 21:00,4.48,,,,
1568,9/25/20 22:00,4.48,,,,
1569,9/25/20 23:00,4.48,,,,
1570,9/26/20 0:00,4.48,,,,
1571,9/26/20 1:00,4.454,,,,
1572,9/26/20 2:00,4.454,,,,
1573,9/26/20 3:00,4.454,,,,
1574,9/26/20 4:00,4.428,,,,
1575,9/26/20 5:00,4.428,,,,
1576,9/26/20 6:00,4.402,,,,
1577,9/26/20 7:00,4.376,,,,
1578,9/26/20 8:00,4.376,,,,
1579,9/26/20 9:00,4.376,,,,
1580,9/26/20 10:00,4.376,,,,
1581,9/26/20 11:00,4.35,,,,
1582,9/26/20 12:00,4.35,,,,
1583,9/26/20 13:00,4.35,,,,
1584,9/26/20 14:00,4.35,,,,
1585,9/26/20 15:00,4.376,,,,
1586,9/26/20 16:00,4.376,,,,
1587,9/26/20 17:00,4.402,,,,
1588,9/26/20 18:00,4.428,,,,
1589,9/26/20 19:00,4.402,,,,
1590,9/26/20 20:00,4.402,,,,
1591,9/26/20 21:00,4.376,,,,
1592,9/26/20 22:00,4.376,,,,
1593,9/26/20 23:00,4.35,,,,
1594,9/27/20 0:00,4.324,,,,
1595,9/27/20 1:00,4.298,,,,
1596,9/27/20 2:00,4.272,,,,
1597,9/27/20 3:00,4.272,,,,
1598,9/27/20 4:00,4.246,,,,
1599,9/27/20 5:00,4.22,,,,
1600,9/27/20 6:00,4.22,,,,
1601,9/27/20 7:00,4.194,,,,
1602,9/27/20 8:00,4.194,,,,
1603,9/27/20 9:00,4.168,,,,
1604,9/27/20 10:00,4.168,,,,
1605,9/27/20 11:00,4.168,,,,
1606,9/27/20 12:00,4.141,,,,
1607,9/27/20 13:00,4.168,,,,
1608,9/27/20 14:00,4.168,,,,
1609,9/27/20 15:00,4.168,,,,
1610,9/27/20 16:00,4.194,,,,
1611,9/27/20 17:00,4.194,,,,
1612,9/27/20 18:00,4.22,,,,
1613,9/27/20 19:00,4.22,,,,
1614,9/27/20 20:00,4.22,,,,
1615,9/27/20 21:00,4.194,,,,
1616,9/27/20 22:00,4.141,,,,
1617,9/27/20 23:00,4.089,,,,
1618,9/28/20 0:00,4.037,,,,
1619,9/28/20 1:00,3.985,,,,
1620,9/28/20 2:00,3.932,,,,
1621,9/28/20 3:00,3.88,,,,
1622,9/28/20 4:00,3.827,,,,
1623,9/28/20 5:00,3.749,,,,
1624,9/28/20 6:00,3.696,,,,
1625,9/28/20 7:00,3.643,,,,
1626,9/28/20 8:00,3.591,,,,
1627,9/28/20 9:00,3.564,,,,
1628,9/28/20 10:00,3.564,,,,
1629,9/28/20 11:00,3.538,,,,
1630,9/28/20 12:00,3.538,,,,
1631,9/28/20 13:00,3.538,,,,
1632,9/28/20 14:00,3.538,,,,
1633,9/28/20 15:00,3.538,,,,
1634,9/28/20 16:00,3.564,,,,
1635,9/28/20 17:00,3.591,,,,
1636,9/28/20 18:00,3.643,,,,
1637,9/28/20 19:00,3.643,,,,
1638,9/28/20 20:00,3.67,,,,
1639,9/28/20 21:00,3.67,,,,
1640,9/28/20 22:00,3.643,,,,
1641,9/28/20 23:00,3.643,,,,
1642,9/29/20 0:00,3.591,,,,
1643,9/29/20 1:00,3.591,,,,
1644,9/29/20 2:00,3.564,,,,
1645,9/29/20 3:00,3.538,,,,
1646,9/29/20 4:00,3.512,,,,
1647,9/29/20 5:00,3.485,,,,
1648,9/29/20 6:00,3.459,,,,
1649,9/29/20 7:00,3.433,,,,
1650,9/29/20 8:00,3.406,,,,
1651,9/29/20 9:00,3.38,,,,
1652,9/29/20 10:00,3.38,,,,
1653,9/29/20 11:00,3.38,,,,
1654,9/29/20 12:00,3.433,,,,
1655,9/29/20 13:00,3.459,,,,
1656,9/29/20 14:00,3.485,,,,
1657,9/29/20 15:00,3.538,,,,
1658,9/29/20 16:00,3.591,,,,
1659,9/29/20 17:00,3.643,,,,
1660,9/29/20 18:00,3.696,,,,
1661,9/29/20 19:00,3.749,,,,
1662,9/29/20 20:00,3.775,,,,
1663,9/29/20 21:00,3.775,,,,
1664,9/29/20 22:00,3.749,,,,
1665,9/29/20 23:00,3.722,,,,
1666,9/30/20 0:00,3.696,,,,
1667,9/30/20 1:00,3.643,,,,
1668,9/30/20 2:00,3.617,,,,
1669,9/30/20 3:00,3.617,,,,
1670,9/30/20 4:00,3.591,,,,
1671,9/30/20 5:00,3.617,,,,
1672,9/30/20 6:00,3.617,,,,
1673,9/30/20 7:00,3.617,,,,
1674,9/30/20 8:00,3.617,,,,
1675,9/30/20 9:00,3.617,,,,
1676,9/30/20 10:00,3.617,,,,
1677,9/30/20 11:00,3.643,,,,
1678,9/30/20 12:00,3.643,,,,
1679,9/30/20 13:00,3.67,,,,
1680,9/30/20 14:00,3.696,,,,
1681,9/30/20 15:00,3.696,,,,
1682,9/30/20 16:00,3.696,,,,
1683,9/30/20 17:00,3.722,,,,
1684,9/30/20 18:00,3.749,,,,
1685,9/30/20 19:00,3.749,,,,
1686,9/30/20 20:00,3.775,,,,
1687,9/30/20 21:00,3.775,,,,
1688,9/30/20 22:00,3.775,,,,
1689,9/30/20 23:00,3.749,,,,
1690,10/1/20 0:00,3.749,,,,
1691,10/1/20 1:00,3.749,,,,
1692,10/1/20 2:00,3.722,,,,
1693,10/1/20 3:00,3.722,,,,
1694,10/1/20 4:00,3.722,,,,
1695,10/1/20 5:00,3.696,,,,
1696,10/1/20 6:00,3.696,,,,
1697,10/1/20 7:00,3.696,,,,
1698,10/1/20 8:00,3.67,,,,
1699,10/1/20 9:00,3.696,,,,
1700,10/1/20 10:00,3.696,,,,
1701,10/1/20 11:00,3.696,,,,
1702,10/1/20 12:00,3.722,,,,
1703,10/1/20 13:00,3.749,,,,
1704,10/1/20 14:00,3.801,,,,
1705,10/1/20 15:00,3.854,,,,
1706,10/1/20 16:00,3.906,,,,
1707,10/1/20 17:00,3.958,,,,
1708,10/1/20 18:00,4.011,,,,
1709,10/1/20 19:00,4.063,,,,
1710,10/1/20 20:00,4.063,,,,
1711,10/1/20 21:00,4.089,,,,
1712,10/1/20 22:00,4.089,,,,
1713,10/1/20 23:00,4.089,,,,
1714,10/2/20 0:00,4.115,,,,
1715,10/2/20 1:00,4.115,,,,
1716,10/2/20 2:00,4.115,,,,
1717,10/2/20 3:00,4.141,,,,
1718,10/2/20 4:00,4.141,,,,
1719,10/2/20 5:00,4.168,,,,
1720,10/2/20 6:00,4.168,,,,
1721,10/2/20 7:00,4.168,,,,
1722,10/2/20 8:00,4.194,,,,
1723,10/2/20 9:00,4.22,,,,
1724,10/2/20 10:00,4.22,,,,
1725,10/2/20 11:00,4.246,,,,
1726,10/2/20 12:00,4.272,,,,
1727,10/2/20 13:00,4.298,,,,
1728,10/2/20 14:00,4.324,,,,
1729,10/2/20 15:00,4.35,,,,
1730,10/2/20 16:00,4.402,,,,
1731,10/2/20 17:00,4.376,,,,
1732,10/2/20 18:00,4.376,,,,
1733,10/2/20 19:00,4.428,,,,
1734,10/2/20 20:00,4.454,,,,
1735,10/2/20 21:00,4.454,,,,
1736,10/2/20 22:00,4.454,,,,
1737,10/2/20 23:00,4.454,,,,
1738,10/3/20 0:00,4.402,,,,
1739,10/3/20 1:00,4.376,,,,
1740,10/3/20 2:00,4.376,,,,
1741,10/3/20 3:00,4.324,,,,
1742,10/3/20 4:00,4.324,,,,
1743,10/3/20 5:00,4.298,,,,
1744,10/3/20 6:00,4.298,,,,
1745,10/3/20 7:00,4.298,,,,
1746,10/3/20 8:00,4.298,,,,
1747,10/3/20 9:00,4.298,,,,
1748,10/3/20 10:00,4.298,,,,
1749,10/3/20 11:00,4.324,,,,
1750,10/3/20 12:00,4.324,,,,
1751,10/3/20 13:00,4.376,,,,
1752,10/3/20 14:00,4.402,,,,
1753,10/3/20 15:00,4.454,,,,
1754,10/3/20 16:00,4.48,,,,
1755,10/3/20 17:00,4.662,,,,
1756,10/3/20 18:00,4.714,,,,
1757,10/3/20 19:00,4.74,,,,
1758,10/3/20 20:00,4.636,,,,
1759,10/3/20 21:00,4.688,,,,
1760,10/3/20 22:00,4.714,,,,
1761,10/3/20 23:00,4.714,,,,
1762,10/4/20 0:00,4.688,,,,
1763,10/4/20 1:00,4.662,,,,
1764,10/4/20 2:00,4.61,,,,
1765,10/4/20 3:00,4.584,,,,
1766,10/4/20 4:00,4.584,,,,
1767,10/4/20 5:00,4.558,,,,
1768,10/4/20 6:00,4.532,,,,
1769,10/4/20 7:00,4.532,,,,
1770,10/4/20 8:00,4.506,,,,
1771,10/4/20 9:00,4.48,,,,
1772,10/4/20 10:00,4.454,,,,
1773,10/4/20 11:00,4.454,,,,
1774,10/4/20 12:00,4.454,,,,
1775,10/4/20 13:00,4.428,,,,
1776,10/4/20 14:00,4.454,,,,
1777,10/4/20 15:00,4.454,,,,
1778,10/4/20 16:00,4.454,,,,
1779,10/4/20 17:00,4.454,,,,
1780,10/4/20 18:00,4.454,,,,
1781,10/4/20 19:00,4.454,,,,
1782,10/4/20 20:00,4.428,,,,
1783,10/4/20 21:00,4.376,,,,
1784,10/4/20 22:00,4.35,,,,
1785,10/4/20 23:00,4.298,,,,
1786,10/5/20 0:00,4.246,,,,
1787,10/5/20 1:00,4.168,,,,
1788,10/5/20 2:00,4.115,,,,
1789,10/5/20 3:00,4.063,,,,
1790,10/5/20 4:00,3.985,,,,
1791,10/5/20 5:00,3.958,,,,
1792,10/5/20 6:00,3.906,,,,
1793,10/5/20 7:00,3.854,,,,
1794,10/5/20 8:00,3.801,,,,
1795,10/5/20 9:00,3.749,,,,
1796,10/5/20 10:00,3.696,,,,
1797,10/5/20 11:00,3.643,,,,
1798,10/5/20 12:00,3.643,,,,
1799,10/5/20 13:00,3.617,,,,
1800,10/5/20 14:00,3.591,,,,
1801,10/5/20 15:00,3.564,,,,
1802,10/5/20 16:00,3.538,,,,
1803,10/5/20 17:00,3.512,,,,
1804,10/5/20 18:00,3.485,,,,
1805,10/5/20 19:00,3.433,,,,
1806,10/5/20 20:00,3.406,,,,
1807,10/5/20 21:00,3.354,,,,
1808,10/5/20 22:00,3.327,,,,
1809,10/5/20 23:00,3.248,,,,
1810,10/6/20 0:00,3.168,,,,
1811,10/6/20 1:00,3.116,,,,
1812,10/6/20 2:00,3.036,,,,
1813,10/6/20 3:00,2.983,,,,
1814,10/6/20 4:00,2.93,,,,
1815,10/6/20 5:00,2.877,,,,
1816,10/6/20 6:00,2.85,,,,
1817,10/6/20 7:00,2.797,,,,
1818,10/6/20 8:00,2.77,,,,
1819,10/6/20 9:00,2.77,,,,
1820,10/6/20 10:00,2.77,,,,
1821,10/6/20 11:00,2.797,,,,
1822,10/6/20 12:00,2.797,,,,
1823,10/6/20 13:00,2.823,,,,
1824,10/6/20 14:00,2.85,,,,
1825,10/6/20 15:00,2.85,,,,
1826,10/6/20 16:00,2.877,,,,
1827,10/6/20 17:00,2.903,,,,
1828,10/6/20 18:00,2.903,,,,
1829,10/6/20 19:00,2.903,,,,
1830,10/6/20 20:00,2.903,,,,
1831,10/6/20 21:00,2.903,,,,
1832,10/6/20 22:00,2.877,,,,
1833,10/6/20 23:00,2.877,,,,
1834,10/7/20 0:00,2.85,,,,
1835,10/7/20 1:00,2.823,,,,
1836,10/7/20 2:00,2.823,,,,
1837,10/7/20 3:00,2.797,,,,
1838,10/7/20 4:00,2.797,,,,
1839,10/7/20 5:00,2.77,,,,
1840,10/7/20 6:00,2.77,,,,
1841,10/7/20 7:00,2.744,,,,
1842,10/7/20 8:00,2.717,,,,
1843,10/7/20 9:00,2.69,,,,
1844,10/7/20 10:00,2.664,,,,
1845,10/7/20 11:00,2.637,,,,
1846,10/7/20 12:00,2.637,,,,
1847,10/7/20 13:00,2.637,,,,
1848,10/7/20 14:00,2.637,,,,
1849,10/7/20 15:00,2.664,,,,
1850,10/7/20 16:00,2.69,,,,
1851,10/7/20 17:00,2.717,,,,
1852,10/7/20 18:00,2.744,,,,
1853,10/7/20 19:00,2.744,,,,
1854,10/7/20 20:00,2.744,,,,
1855,10/7/20 21:00,2.717,,,,
1856,10/7/20 22:00,2.717,,,,
1857,10/7/20 23:00,2.69,,,,
1858,10/8/20 0:00,2.69,,,,
1859,10/8/20 1:00,2.664,,,,
1860,10/8/20 2:00,2.637,,,,
1861,10/8/20 3:00,2.61,,,,
1862,10/8/20 4:00,2.584,,,,
1863,10/8/20 5:00,2.584,,,,
1864,10/8/20 6:00,2.557,,,,
1865,10/8/20 7:00,2.557,,,,
1866,10/8/20 8:00,2.557,,,,
1867,10/8/20 9:00,2.557,,,,
1868,10/8/20 10:00,2.584,,,,
1869,10/8/20 11:00,2.584,,,,
1870,10/8/20 12:00,2.584,,,,
1871,10/8/20 13:00,2.61,,,,
1872,10/8/20 14:00,2.637,,,,
1873,10/8/20 15:00,2.664,,,,
1874,10/8/20 16:00,2.69,,,,
1875,10/8/20 17:00,2.69,,,,
1876,10/8/20 18:00,2.69,,,,
1877,10/8/20 19:00,2.69,,,,
1878,10/8/20 20:00,2.69,,,,
1879,10/8/20 21:00,2.664,,,,
1880,10/8/20 22:00,2.637,,,,
1881,10/8/20 23:00,2.61,,,,
1882,10/9/20 0:00,2.557,,,,
1883,10/9/20 1:00,2.503,,,,
1884,10/9/20 2:00,2.423,,,,
1885,10/9/20 3:00,2.37,,,,
1886,10/9/20 4:00,2.316,,,,
1887,10/9/20 5:00,2.262,,,,
1888,10/9/20 6:00,2.209,,,,
1889,10/9/20 7:00,2.182,,,,
1890,10/9/20 8:00,2.128,,,,
1891,10/9/20 9:00,2.101,,,,
1892,10/9/20 10:00,2.047,,,,
1893,10/9/20 11:00,2.047,,,,
1894,10/9/20 12:00,2.021,,,,
1895,10/9/20 13:00,1.994,,,,
1896,10/9/20 14:00,1.994,,,,
1897,10/9/20 15:00,1.967,,,,
1898,10/9/20 16:00,1.967,,,,
1899,10/9/20 17:00,1.967,,,,
1900,10/9/20 18:00,1.94,,,,
1901,10/9/20 19:00,1.913,,,,
1902,10/9/20 20:00,1.886,,,,
1903,10/9/20 21:00,1.859,,,,
1904,10/9/20 22:00,1.832,,,,
1905,10/9/20 23:00,1.778,,,,
1906,10/10/20 0:00,1.724,,,,
1907,10/10/20 1:00,1.67,,,,
1908,10/10/20 2:00,1.615,,,,
1909,10/10/20 3:00,1.561,,,,
1910,10/10/20 4:00,1.507,,,,
1911,10/10/20 5:00,1.453,,,,
1912,10/10/20 6:00,1.425,,,,
1913,10/10/20 7:00,1.398,,,,
1914,10/10/20 8:00,1.344,,,,
1915,10/10/20 9:00,1.317,,,,
1916,10/10/20 10:00,1.289,,,,
1917,10/10/20 11:00,1.262,,,,
1918,10/10/20 12:00,1.262,,,,
1919,10/10/20 13:00,1.289,,,,
1920,10/10/20 14:00,1.289,,,,
1921,10/10/20 15:00,1.289,,,,
1922,10/10/20 16:00,1.317,,,,
1923,10/10/20 17:00,1.344,,,,
1924,10/10/20 18:00,1.344,,,,
1925,10/10/20 19:00,1.344,,,,
1926,10/10/20 20:00,1.344,,,,
1927,10/10/20 21:00,1.344,,,,
1928,10/10/20 22:00,1.317,,,,
1929,10/10/20 23:00,1.289,,,,
1930,10/11/20 0:00,1.235,,,,
1931,10/11/20 1:00,1.18,,,,
1932,10/11/20 2:00,1.126,,,,
1933,10/11/20 3:00,1.071,,,,
1934,10/11/20 4:00,1.017,,,,
1935,10/11/20 5:00,0.989,,,,
1936,10/11/20 6:00,0.962,,,,
1937,10/11/20 7:00,0.934,,,,
1938,10/11/20 8:00,0.907,,,,
1939,10/11/20 9:00,0.88,,,,
1940,10/11/20 10:00,0.852,,,,
1941,10/11/20 11:00,0.852,,,,
1942,10/11/20 12:00,0.852,,,,
1943,10/11/20 13:00,0.88,,,,
1944,10/11/20 14:00,0.907,,,,
1945,10/11/20 15:00,0.989,,,,
1946,10/11/20 16:00,0.989,,,,
1947,10/11/20 17:00,1.017,,,,
1948,10/11/20 18:00,1.017,,,,
1949,10/11/20 19:00,1.044,,,,
1950,10/11/20 20:00,1.044,,,,
1951,10/11/20 21:00,1.017,,,,
1952,10/11/20 22:00,1.017,,,,
1953,10/11/20 23:00,1.017,,,,
1954,10/12/20 0:00,0.989,,,,
1955,10/12/20 1:00,0.962,,,,
1956,10/12/20 2:00,0.934,,,,
1957,10/12/20 3:00,0.907,,,,
1958,10/12/20 4:00,0.852,,,,
1959,10/12/20 5:00,0.797,,,,
1960,10/12/20 6:00,0.77,,,,
1961,10/12/20 7:00,0.742,,,,
1962,10/12/20 8:00,0.715,,,,
1963,10/12/20 9:00,0.687,,,,
1964,10/12/20 10:00,0.687,,,,
1965,10/12/20 11:00,0.66,,,,
1966,10/12/20 12:00,0.66,,,,
1967,10/12/20 13:00,0.66,,,,
1968,10/12/20 14:00,0.66,,,,
1969,10/12/20 15:00,0.687,,,,
1970,10/12/20 16:00,0.687,,,,
1971,10/12/20 17:00,0.715,,,,
1972,10/12/20 18:00,0.715,,,,
1973,10/12/20 19:00,0.715,,,,
1974,10/12/20 20:00,0.715,,,,
1975,10/12/20 21:00,0.715,,,,
1976,10/12/20 22:00,0.687,,,,
1977,10/12/20 23:00,0.687,,,,
1978,10/13/20 0:00,0.66,,,,
1979,10/13/20 1:00,0.632,,,,
1980,10/13/20 2:00,0.605,,,,
1981,10/13/20 3:00,0.55,,,,
1982,10/13/20 4:00,0.522,,,,
1983,10/13/20 5:00,0.467,,,,
1984,10/13/20 6:00,0.467,,,,
1985,10/13/20 7:00,0.439,,,,
1986,10/13/20 8:00,0.412,,,,
1987,10/13/20 9:00,0.384,,,,
1988,10/13/20 10:00,0.356,,,,
1989,10/13/20 11:00,0.356,,,,
1990,10/13/20 12:00,0.356,,,,
1991,10/13/20 13:00,0.329,,,,
1992,10/13/20 14:00,0.329,,,,
1993,10/13/20 15:00,0.329,,,,
1994,10/13/20 16:00,0.329,,,,
1995,10/13/20 17:00,0.329,,,,
1996,10/13/20 18:00,0.301,,,,
1997,10/13/20 19:00,0.301,,,,
1998,10/13/20 20:00,0.301,,,,
1999,10/13/20 21:00,0.273,,,,
2000,10/13/20 22:00,0.301,,,,
2001,10/13/20 23:00,0.273,,,,
2002,10/14/20 0:00,0.273,,,,
2003,10/14/20 1:00,0.273,,,,
2004,10/14/20 2:00,0.273,,,,
2005,10/14/20 3:00,0.301,,,,
2006,10/14/20 4:00,0.301,,,,
2007,10/14/20 5:00,0.301,,,,
2008,10/14/20 6:00,0.301,,,,
2009,10/14/20 7:00,0.301,,,,
2010,10/14/20 8:00,0.273,,,,
2011,10/14/20 9:00,0.246,,,,
2012,10/14/20 10:00,0.273,,,,
2013,10/14/20 11:00,0.273,,,,
2014,10/14/20 12:00,0.273,,,,
2015,10/14/20 13:00,0.273,,,,
2016,10/14/20 14:00,0.301,,,,
2017,10/14/20 15:00,0.301,,,,
2018,10/14/20 16:00,0.329,,,,
2019,10/14/20 17:00,0.301,,,,
2020,10/14/20 18:00,0.301,,,,
2021,10/14/20 19:00,0.301,,,,
2022,10/14/20 20:00,0.301,,,,
2023,10/14/20 21:00,0.301,,,,
2024,10/14/20 22:00,0.301,,,,
2025,10/14/20 23:00,0.301,,,,
2026,10/15/20 0:00,0.273,,,,
2027,10/15/20 1:00,0.273,,,,
2028,10/15/20 2:00,0.273,,,,
2029,10/15/20 3:00,0.273,,,,
2030,10/15/20 4:00,0.273,,,,
2031,10/15/20 5:00,0.273,,,,
2032,10/15/20 6:00,0.246,,,,
2033,10/15/20 7:00,0.246,,,,
2034,10/15/20 8:00,0.246,,,,
2035,10/15/20 9:00,0.273,,,,
2036,10/15/20 10:00,0.273,,,,
2037,10/15/20 11:00,0.246,,,,
2038,10/15/20 12:00,0.246,,,,
2039,10/15/20 13:00,0.246,,,,
2040,10/15/20 14:00,0.246,,,,
2041,10/15/20 15:00,0.246,,,,
2042,10/15/20 16:00,0.246,,,,
2043,10/15/20 17:00,0.246,,,,
2044,10/15/20 18:00,0.246,,,,
2045,10/15/20 19:00,0.246,,,,
2046,10/15/20 20:00,0.246,,,,
2047,10/15/20 21:00,0.246,,,,
2048,10/15/20 22:00,0.246,,,,
2049,10/15/20 23:00,0.246,,,,
2050,10/16/20 0:00,0.246,,,,
2051,10/16/20 1:00,0.218,,,,
2052,10/16/20 2:00,0.246,,,,
2053,10/16/20 3:00,0.246,,,,
2054,10/16/20 4:00,0.218,,,,
2055,10/16/20 5:00,0.218,,,,
2056,10/16/20 6:00,0.218,,,,
2057,10/16/20 7:00,0.218,,,,
2058,10/16/20 8:00,0.218,,,,
2059,10/16/20 9:00,0.218,,,,
2060,10/16/20 10:00,0.218,,,,
2061,10/16/20 11:00,0.218,,,,
2062,10/16/20 12:00,0.218,,,,
2063,10/16/20 13:00,0.218,,,,
2064,10/16/20 14:00,0.218,,,,
2065,10/16/20 15:00,0.218,,,,
2066,10/16/20 16:00,0.218,,,,
2067,10/16/20 17:00,0.218,,,,
2068,10/16/20 18:00,0.218,,,,
2069,10/16/20 19:00,0.218,,,,
2070,10/16/20 20:00,0.218,,,,
2071,10/16/20 21:00,0.218,,,,
2072,10/16/20 22:00,0.218,,,,
2073,10/16/20 23:00,0.218,,,,
2074,10/17/20 0:00,0.218,,,,
2075,10/17/20 1:00,0.218,,,,
2076,10/17/20 2:00,0.218,,,,
2077,10/17/20 3:00,0.218,,,,
2078,10/17/20 4:00,0.19,,,,
2079,10/17/20 5:00,0.19,,,,
2080,10/17/20 6:00,0.19,,,,
2081,10/17/20 7:00,0.19,,,,
2082,10/17/20 8:00,0.19,,,,
2083,10/17/20 9:00,0.19,,,,
2084,10/17/20 10:00,0.19,,,,
2085,10/17/20 11:00,0.19,,,,
2086,10/17/20 12:00,0.19,,,,
2087,10/17/20 13:00,0.19,,,,
2088,10/17/20 14:00,0.19,,,,
2089,10/17/20 15:00,0.19,,,,
2090,10/17/20 16:00,0.19,,,,
2091,10/17/20 17:00,0.19,,,,
2092,10/17/20 18:00,0.19,,,,
2093,10/17/20 19:00,0.19,,,,
2094,10/17/20 20:00,0.19,,,,
2095,10/17/20 21:00,0.19,,,,
2096,10/17/20 22:00,0.19,,,,
2097,10/17/20 23:00,0.19,,,,
2098,10/18/20 0:00,0.19,,,,
2099,10/18/20 1:00,0.19,,,,
2100,10/18/20 2:00,0.19,,,,
2101,10/18/20 3:00,0.19,,,,
2102,10/18/20 4:00,0.19,,,,
2103,10/18/20 5:00,0.19,,,,
2104,10/18/20 6:00,0.19,,,,
2105,10/18/20 7:00,0.19,,,,
2106,10/18/20 8:00,0.19,,,,
2107,10/18/20 9:00,0.19,,,,
2108,10/18/20 10:00,0.19,,,,
2109,10/18/20 11:00,0.19,,,,
2110,10/18/20 12:00,0.19,,,,
2111,10/18/20 13:00,0.19,,,,
2112,10/18/20 14:00,0.19,,,,
2113,10/18/20 15:00,0.19,,,,
2114,10/18/20 16:00,0.19,,,,
2115,10/18/20 17:00,0.19,,,,
2116,10/18/20 18:00,0.19,,,,
2117,10/18/20 19:00,0.19,,,,
2118,10/18/20 20:00,0.19,,,,
2119,10/18/20 21:00,0.19,,,,
2120,10/18/20 22:00,0.19,,,,
2121,10/18/20 23:00,0.19,,,,
2122,10/19/20 0:00,0.163,,,,
2123,10/19/20 1:00,0.135,,,,
2124,10/19/20 2:00,0.163,,,,
2125,10/19/20 3:00,0.135,,,,
2126,10/19/20 4:00,0.163,,,,
2127,10/19/20 5:00,0.19,,,,
2128,10/19/20 6:00,0.19,,,,
2129,10/19/20 7:00,0.19,,,,
2130,10/19/20 8:00,0.163,,,,
2131,10/19/20 9:00,0.135,,,,
2132,10/19/20 9:17,,,Logged,,
2133,10/19/20 9:17,,,,Logged,Logged