Plot Title: 10324644,,,,,,
#,"Date Time, GMT-08:00","Temp, °C (LGR S/N: 10324644, SEN S/N: 10324644)",Coupler Detached (LGR S/N: 10324644),Coupler Attached (LGR S/N: 10324644),Stopped (LGR S/N: 10324644),End Of File (LGR S/N: 10324644)
1,5/20/20 13:00,19.413,Logged,,,
2,5/20/20 14:00,19.603,,,,
3,5/20/20 15:00,21.342,,,,
4,5/20/20 16:00,26.573,,,,
5,5/20/20 17:00,29.69,,,,
6,5/20/20 18:00,26.573,,,,
7,5/20/20 19:00,18.699,,,,
8,5/20/20 20:00,17.249,,,,
9,5/20/20 21:00,18.818,,,,
10,5/20/20 22:00,18.699,,,,
11,5/20/20 23:00,17.558,,,,
12,5/21/20 0:00,15.055,,,,
13,5/21/20 1:00,12.389,,,,
14,5/21/20 2:00,10.467,,,,
15,5/21/20 3:00,8.841,,,,
16,5/21/20 4:00,7.343,,,,
17,5/21/20 5:00,6.077,,,,
18,5/21/20 6:00,5.102,,,,
19,5/21/20 7:00,4.74,,,,
20,5/21/20 8:00,5.514,,,,
21,5/21/20 9:00,7.745,,,,
22,5/21/20 10:00,13.137,,,,
23,5/21/20 11:00,20.365,,,,
24,5/21/20 12:00,4.324,,,,
25,5/21/20 13:00,4.532,,,,
26,5/21/20 14:00,4.999,,,,
27,5/21/20 15:00,5.36,,,,
28,5/21/20 16:00,5.411,,,,
29,5/21/20 17:00,5.693,,,,
30,5/21/20 18:00,6.026,,,,
31,5/21/20 19:00,6.357,,,,
32,5/21/20 20:00,6.509,,,,
33,5/21/20 21:00,6.433,,,,
34,5/21/20 22:00,6.153,,,,
35,5/21/20 23:00,5.949,,,,
36,5/22/20 0:00,5.847,,,,
37,5/22/20 1:00,5.693,,,,
38,5/22/20 2:00,5.514,,,,
39,5/22/20 3:00,5.308,,,,
40,5/22/20 4:00,5.102,,,,
41,5/22/20 5:00,4.869,,,,
42,5/22/20 6:00,4.61,,,,
43,5/22/20 7:00,4.35,,,,
44,5/22/20 8:00,4.168,,,,
45,5/22/20 9:00,4.089,,,,
46,5/22/20 10:00,4.037,,,,
47,5/22/20 11:00,4.141,,,,
48,5/22/20 12:00,4.506,,,,
49,5/22/20 13:00,4.688,,,,
50,5/22/20 14:00,5.024,,,,
51,5/22/20 15:00,5.488,,,,
52,5/22/20 16:00,5.719,,,,
53,5/22/20 17:00,6.026,,,,
54,5/22/20 18:00,6.179,,,,
55,5/22/20 19:00,6.281,,,,
56,5/22/20 20:00,6.382,,,,
57,5/22/20 21:00,6.357,,,,
58,5/22/20 22:00,6.281,,,,
59,5/22/20 23:00,6.179,,,,
60,5/23/20 0:00,6.077,,,,
61,5/23/20 1:00,5.924,,,,
62,5/23/20 2:00,5.719,,,,
63,5/23/20 3:00,5.514,,,,
64,5/23/20 4:00,5.282,,,,
65,5/23/20 5:00,5.05,,,,
66,5/23/20 6:00,4.792,,,,
67,5/23/20 7:00,4.584,,,,
68,5/23/20 8:00,4.454,,,,
69,5/23/20 9:00,4.428,,,,
70,5/23/20 10:00,4.506,,,,
71,5/23/20 11:00,4.662,,,,
72,5/23/20 12:00,4.895,,,,
73,5/23/20 13:00,5.282,,,,
74,5/23/20 14:00,5.616,,,,
75,5/23/20 15:00,6.026,,,,
76,5/23/20 16:00,6.382,,,,
77,5/23/20 17:00,6.611,,,,
78,5/23/20 18:00,6.864,,,,
79,5/23/20 19:00,7.041,,,,
80,5/23/20 20:00,7.242,,,,
81,5/23/20 21:00,7.217,,,,
82,5/23/20 22:00,7.167,,,,
83,5/23/20 23:00,6.99,,,,
84,5/24/20 0:00,6.889,,,,
85,5/24/20 1:00,6.712,,,,
86,5/24/20 2:00,6.509,,,,
87,5/24/20 3:00,6.281,,,,
88,5/24/20 4:00,6.026,,,,
89,5/24/20 5:00,5.796,,,,
90,5/24/20 6:00,5.539,,,,
91,5/24/20 7:00,5.36,,,,
92,5/24/20 8:00,5.179,,,,
93,5/24/20 9:00,5.076,,,,
94,5/24/20 10:00,5.024,,,,
95,5/24/20 11:00,4.973,,,,
96,5/24/20 12:00,4.999,,,,
97,5/24/20 13:00,5.05,,,,
98,5/24/20 14:00,5.154,,,,
99,5/24/20 15:00,5.231,,,,
100,5/24/20 16:00,5.36,,,,
101,5/24/20 17:00,5.462,,,,
102,5/24/20 18:00,5.462,,,,
103,5/24/20 19:00,5.411,,,,
104,5/24/20 20:00,5.334,,,,
105,5/24/20 21:00,5.257,,,,
106,5/24/20 22:00,5.205,,,,
107,5/24/20 23:00,5.128,,,,
108,5/25/20 0:00,5.05,,,,
109,5/25/20 1:00,4.973,,,,
110,5/25/20 2:00,4.869,,,,
111,5/25/20 3:00,4.792,,,,
112,5/25/20 4:00,4.662,,,,
113,5/25/20 5:00,4.558,,,,
114,5/25/20 6:00,4.48,,,,
115,5/25/20 7:00,4.402,,,,
116,5/25/20 8:00,4.376,,,,
117,5/25/20 9:00,4.35,,,,
118,5/25/20 10:00,4.324,,,,
119,5/25/20 11:00,4.324,,,,
120,5/25/20 12:00,4.324,,,,
121,5/25/20 13:00,4.324,,,,
122,5/25/20 14:00,4.324,,,,
123,5/25/20 15:00,4.272,,,,
124,5/25/20 16:00,4.22,,,,
125,5/25/20 17:00,4.22,,,,
126,5/25/20 18:00,4.298,,,,
127,5/25/20 19:00,4.324,,,,
128,5/25/20 20:00,4.324,,,,
129,5/25/20 21:00,4.376,,,,
130,5/25/20 22:00,4.402,,,,
131,5/25/20 23:00,4.376,,,,
132,5/26/20 0:00,4.298,,,,
133,5/26/20 1:00,4.194,,,,
134,5/26/20 2:00,4.115,,,,
135,5/26/20 3:00,4.037,,,,
136,5/26/20 4:00,3.958,,,,
137,5/26/20 5:00,3.854,,,,
138,5/26/20 6:00,3.801,,,,
139,5/26/20 7:00,3.749,,,,
140,5/26/20 8:00,3.749,,,,
141,5/26/20 9:00,3.749,,,,
142,5/26/20 10:00,3.801,,,,
143,5/26/20 11:00,3.854,,,,
144,5/26/20 12:00,3.985,,,,
145,5/26/20 13:00,3.985,,,,
146,5/26/20 14:00,4.089,,,,
147,5/26/20 15:00,4.324,,,,
148,5/26/20 16:00,4.506,,,,
149,5/26/20 17:00,4.74,,,,
150,5/26/20 18:00,4.844,,,,
151,5/26/20 19:00,5.128,,,,
152,5/26/20 20:00,5.36,,,,
153,5/26/20 21:00,5.257,,,,
154,5/26/20 22:00,5.257,,,,
155,5/26/20 23:00,5.179,,,,
156,5/27/20 0:00,5.076,,,,
157,5/27/20 1:00,4.947,,,,
158,5/27/20 2:00,4.818,,,,
159,5/27/20 3:00,4.662,,,,
160,5/27/20 4:00,4.506,,,,
161,5/27/20 5:00,4.324,,,,
162,5/27/20 6:00,4.194,,,,
163,5/27/20 7:00,4.089,,,,
164,5/27/20 8:00,4.037,,,,
165,5/27/20 9:00,3.958,,,,
166,5/27/20 10:00,3.932,,,,
167,5/27/20 11:00,3.958,,,,
168,5/27/20 12:00,4.011,,,,
169,5/27/20 13:00,4.115,,,,
170,5/27/20 14:00,4.324,,,,
171,5/27/20 15:00,4.61,,,,
172,5/27/20 16:00,4.844,,,,
173,5/27/20 17:00,4.895,,,,
174,5/27/20 18:00,5.102,,,,
175,5/27/20 19:00,5.205,,,,
176,5/27/20 20:00,5.437,,,,
177,5/27/20 21:00,5.539,,,,
178,5/27/20 22:00,5.539,,,,
179,5/27/20 23:00,5.462,,,,
180,5/28/20 0:00,5.411,,,,
181,5/28/20 1:00,5.411,,,,
182,5/28/20 2:00,5.308,,,,
183,5/28/20 3:00,5.154,,,,
184,5/28/20 4:00,5.024,,,,
185,5/28/20 5:00,4.895,,,,
186,5/28/20 6:00,4.766,,,,
187,5/28/20 7:00,4.688,,,,
188,5/28/20 8:00,4.636,,,,
189,5/28/20 9:00,4.636,,,,
190,5/28/20 10:00,4.714,,,,
191,5/28/20 11:00,4.895,,,,
192,5/28/20 12:00,5.102,,,,
193,5/28/20 13:00,5.411,,,,
194,5/28/20 14:00,5.591,,,,
195,5/28/20 15:00,5.898,,,,
196,5/28/20 16:00,6.077,,,,
197,5/28/20 17:00,6.331,,,,
198,5/28/20 18:00,6.433,,,,
199,5/28/20 19:00,6.382,,,,
200,5/28/20 20:00,6.306,,,,
201,5/28/20 21:00,6.331,,,,
202,5/28/20 22:00,6.281,,,,
203,5/28/20 23:00,6.179,,,,
204,5/29/20 0:00,6.077,,,,
205,5/29/20 1:00,5.975,,,,
206,5/29/20 2:00,5.821,,,,
207,5/29/20 3:00,5.668,,,,
208,5/29/20 4:00,5.514,,,,
209,5/29/20 5:00,5.334,,,,
210,5/29/20 6:00,5.154,,,,
211,5/29/20 7:00,5.024,,,,
212,5/29/20 8:00,4.973,,,,
213,5/29/20 9:00,4.921,,,,
214,5/29/20 10:00,5.102,,,,
215,5/29/20 11:00,5.282,,,,
216,5/29/20 12:00,5.36,,,,
217,5/29/20 13:00,5.411,,,,
218,5/29/20 14:00,5.847,,,,
219,5/29/20 15:00,6.306,,,,
220,5/29/20 16:00,6.788,,,,
221,5/29/20 17:00,7.318,,,,
222,5/29/20 18:00,7.645,,,,
223,5/29/20 19:00,8.045,,,,
224,5/29/20 20:00,7.945,,,,
225,5/29/20 21:00,7.92,,,,
226,5/29/20 22:00,7.795,,,,
227,5/29/20 23:00,7.645,,,,
228,5/30/20 0:00,7.444,,,,
229,5/30/20 1:00,7.268,,,,
230,5/30/20 2:00,7.091,,,,
231,5/30/20 3:00,6.864,,,,
232,5/30/20 4:00,6.636,,,,
233,5/30/20 5:00,6.408,,,,
234,5/30/20 6:00,6.179,,,,
235,5/30/20 7:00,6.026,,,,
236,5/30/20 8:00,5.975,,,,
237,5/30/20 9:00,5.924,,,,
238,5/30/20 10:00,5.949,,,,
239,5/30/20 11:00,5.872,,,,
240,5/30/20 12:00,5.975,,,,
241,5/30/20 13:00,6.382,,,,
242,5/30/20 14:00,6.585,,,,
243,5/30/20 15:00,6.636,,,,
244,5/30/20 16:00,6.813,,,,
245,5/30/20 17:00,7.142,,,,
246,5/30/20 18:00,7.242,,,,
247,5/30/20 19:00,7.393,,,,
248,5/30/20 20:00,7.569,,,,
249,5/30/20 21:00,7.594,,,,
250,5/30/20 22:00,7.519,,,,
251,5/30/20 23:00,7.444,,,,
252,5/31/20 0:00,7.368,,,,
253,5/31/20 1:00,7.242,,,,
254,5/31/20 2:00,7.066,,,,
255,5/31/20 3:00,6.914,,,,
256,5/31/20 4:00,6.712,,,,
257,5/31/20 5:00,6.509,,,,
258,5/31/20 6:00,6.357,,,,
259,5/31/20 7:00,6.23,,,,
260,5/31/20 8:00,6.179,,,,
261,5/31/20 9:00,6.23,,,,
262,5/31/20 10:00,6.331,,,,
263,5/31/20 11:00,6.585,,,,
264,5/31/20 12:00,6.914,,,,
265,5/31/20 13:00,7.343,,,,
266,5/31/20 14:00,7.645,,,,
267,5/31/20 15:00,7.97,,,,
268,5/31/20 16:00,8.22,,,,
269,5/31/20 17:00,8.568,,,,
270,5/31/20 18:00,8.742,,,,
271,5/31/20 19:00,8.792,,,,
272,5/31/20 20:00,8.866,,,,
273,5/31/20 21:00,8.767,,,,
274,5/31/20 22:00,8.593,,,,
275,5/31/20 23:00,8.394,,,,
276,6/1/20 0:00,8.245,,,,
277,6/1/20 1:00,8.095,,,,
278,6/1/20 2:00,7.87,,,,
279,6/1/20 3:00,7.645,,,,
280,6/1/20 4:00,7.368,,,,
281,6/1/20 5:00,7.091,,,,
282,6/1/20 6:00,6.813,,,,
283,6/1/20 7:00,6.585,,,,
284,6/1/20 8:00,6.484,,,,
285,6/1/20 9:00,6.433,,,,
286,6/1/20 10:00,6.509,,,,
287,6/1/20 11:00,6.661,,,,
288,6/1/20 12:00,6.864,,,,
289,6/1/20 13:00,7.142,,,,
290,6/1/20 14:00,7.116,,,,
291,6/1/20 15:00,7.091,,,,
292,6/1/20 16:00,7.268,,,,
293,6/1/20 17:00,7.242,,,,
294,6/1/20 18:00,7.519,,,,
295,6/1/20 19:00,7.845,,,,
296,6/1/20 20:00,8.02,,,,
297,6/1/20 21:00,7.945,,,,
298,6/1/20 22:00,7.745,,,,
299,6/1/20 23:00,7.594,,,,
300,6/2/20 0:00,7.419,,,,
301,6/2/20 1:00,7.192,,,,
302,6/2/20 2:00,6.965,,,,
303,6/2/20 3:00,6.687,,,,
304,6/2/20 4:00,6.382,,,,
305,6/2/20 5:00,6.077,,,,
306,6/2/20 6:00,5.821,,,,
307,6/2/20 7:00,5.616,,,,
308,6/2/20 8:00,5.565,,,,
309,6/2/20 9:00,5.488,,,,
310,6/2/20 10:00,5.437,,,,
311,6/2/20 11:00,5.668,,,,
312,6/2/20 12:00,5.719,,,,
313,6/2/20 13:00,6.026,,,,
314,6/2/20 14:00,6.051,,,,
315,6/2/20 15:00,6.026,,,,
316,6/2/20 16:00,6.281,,,,
317,6/2/20 17:00,6.636,,,,
318,6/2/20 18:00,7.041,,,,
319,6/2/20 19:00,7.116,,,,
320,6/2/20 20:00,7.091,,,,
321,6/2/20 21:00,7.041,,,,
322,6/2/20 22:00,6.864,,,,
323,6/2/20 23:00,6.712,,,,
324,6/3/20 0:00,6.509,,,,
325,6/3/20 1:00,6.331,,,,
326,6/3/20 2:00,6.153,,,,
327,6/3/20 3:00,5.949,,,,
328,6/3/20 4:00,5.77,,,,
329,6/3/20 5:00,5.616,,,,
330,6/3/20 6:00,5.514,,,,
331,6/3/20 7:00,5.488,,,,
332,6/3/20 8:00,5.411,,,,
333,6/3/20 9:00,5.36,,,,
334,6/3/20 10:00,5.308,,,,
335,6/3/20 11:00,5.257,,,,
336,6/3/20 12:00,5.385,,,,
337,6/3/20 13:00,5.591,,,,
338,6/3/20 14:00,5.77,,,,
339,6/3/20 15:00,6,,,,
340,6/3/20 16:00,6.331,,,,
341,6/3/20 17:00,6.94,,,,
342,6/3/20 18:00,7.444,,,,
343,6/3/20 19:00,7.82,,,,
344,6/3/20 20:00,8.045,,,,
345,6/3/20 21:00,8.095,,,,
346,6/3/20 22:00,7.945,,,,
347,6/3/20 23:00,7.745,,,,
348,6/4/20 0:00,7.444,,,,
349,6/4/20 1:00,7.192,,,,
350,6/4/20 2:00,6.914,,,,
351,6/4/20 3:00,6.687,,,,
352,6/4/20 4:00,6.433,,,,
353,6/4/20 5:00,6.204,,,,
354,6/4/20 6:00,5.975,,,,
355,6/4/20 7:00,5.745,,,,
356,6/4/20 8:00,5.539,,,,
357,6/4/20 9:00,5.411,,,,
358,6/4/20 10:00,5.385,,,,
359,6/4/20 11:00,5.462,,,,
360,6/4/20 12:00,5.847,,,,
361,6/4/20 13:00,6.128,,,,
362,6/4/20 14:00,6.433,,,,
363,6/4/20 15:00,6.737,,,,
364,6/4/20 16:00,6.788,,,,
365,6/4/20 17:00,7.419,,,,
366,6/4/20 18:00,7.645,,,,
367,6/4/20 19:00,7.695,,,,
368,6/4/20 20:00,7.82,,,,
369,6/4/20 21:00,7.82,,,,
370,6/4/20 22:00,7.645,,,,
371,6/4/20 23:00,7.494,,,,
372,6/5/20 0:00,7.393,,,,
373,6/5/20 1:00,7.242,,,,
374,6/5/20 2:00,6.99,,,,
375,6/5/20 3:00,6.737,,,,
376,6/5/20 4:00,6.458,,,,
377,6/5/20 5:00,6.179,,,,
378,6/5/20 6:00,5.949,,,,
379,6/5/20 7:00,5.719,,,,
380,6/5/20 8:00,5.642,,,,
381,6/5/20 9:00,5.616,,,,
382,6/5/20 10:00,5.668,,,,
383,6/5/20 11:00,5.821,,,,
384,6/5/20 12:00,6.026,,,,
385,6/5/20 13:00,6.433,,,,
386,6/5/20 14:00,6.661,,,,
387,6/5/20 15:00,6.889,,,,
388,6/5/20 16:00,7.167,,,,
389,6/5/20 17:00,7.469,,,,
390,6/5/20 18:00,7.544,,,,
391,6/5/20 19:00,7.645,,,,
392,6/5/20 20:00,7.619,,,,
393,6/5/20 21:00,7.645,,,,
394,6/5/20 22:00,7.544,,,,
395,6/5/20 23:00,7.444,,,,
396,6/6/20 0:00,7.268,,,,
397,6/6/20 1:00,7.066,,,,
398,6/6/20 2:00,6.864,,,,
399,6/6/20 3:00,6.687,,,,
400,6/6/20 4:00,6.433,,,,
401,6/6/20 5:00,6.179,,,,
402,6/6/20 6:00,5.949,,,,
403,6/6/20 7:00,5.745,,,,
404,6/6/20 8:00,5.616,,,,
405,6/6/20 9:00,5.488,,,,
406,6/6/20 10:00,5.668,,,,
407,6/6/20 11:00,5.847,,,,
408,6/6/20 12:00,6.23,,,,
409,6/6/20 13:00,6.585,,,,
410,6/6/20 14:00,7.041,,,,
411,6/6/20 15:00,7.041,,,,
412,6/6/20 16:00,7.091,,,,
413,6/6/20 17:00,7.041,,,,
414,6/6/20 18:00,7.142,,,,
415,6/6/20 19:00,7.293,,,,
416,6/6/20 20:00,7.419,,,,
417,6/6/20 21:00,7.494,,,,
418,6/6/20 22:00,7.519,,,,
419,6/6/20 23:00,7.469,,,,
420,6/7/20 0:00,7.268,,,,
421,6/7/20 1:00,6.99,,,,
422,6/7/20 2:00,6.763,,,,
423,6/7/20 3:00,6.535,,,,
424,6/7/20 4:00,6.331,,,,
425,6/7/20 5:00,6.077,,,,
426,6/7/20 6:00,5.847,,,,
427,6/7/20 7:00,5.693,,,,
428,6/7/20 8:00,5.642,,,,
429,6/7/20 9:00,5.668,,,,
430,6/7/20 10:00,5.77,,,,
431,6/7/20 11:00,5.975,,,,
432,6/7/20 12:00,6.281,,,,
433,6/7/20 13:00,6.331,,,,
434,6/7/20 14:00,6.661,,,,
435,6/7/20 15:00,6.763,,,,
436,6/7/20 16:00,7.293,,,,
437,6/7/20 17:00,7.72,,,,
438,6/7/20 18:00,7.67,,,,
439,6/7/20 19:00,7.845,,,,
440,6/7/20 20:00,7.845,,,,
441,6/7/20 21:00,7.67,,,,
442,6/7/20 22:00,7.569,,,,
443,6/7/20 23:00,7.519,,,,
444,6/8/20 0:00,7.494,,,,
445,6/8/20 1:00,7.368,,,,
446,6/8/20 2:00,7.192,,,,
447,6/8/20 3:00,7.041,,,,
448,6/8/20 4:00,6.864,,,,
449,6/8/20 5:00,6.712,,,,
450,6/8/20 6:00,6.585,,,,
451,6/8/20 7:00,6.433,,,,
452,6/8/20 8:00,6.281,,,,
453,6/8/20 9:00,6.179,,,,
454,6/8/20 10:00,6.077,,,,
455,6/8/20 11:00,6.026,,,,
456,6/8/20 12:00,6.077,,,,
457,6/8/20 13:00,6.306,,,,
458,6/8/20 14:00,6.965,,,,
459,6/8/20 15:00,7.469,,,,
460,6/8/20 16:00,7.795,,,,
461,6/8/20 17:00,8.17,,,,
462,6/8/20 18:00,8.295,,,,
463,6/8/20 19:00,8.319,,,,
464,6/8/20 20:00,8.344,,,,
465,6/8/20 21:00,8.295,,,,
466,6/8/20 22:00,8.12,,,,
467,6/8/20 23:00,7.92,,,,
468,6/9/20 0:00,7.67,,,,
469,6/9/20 1:00,7.469,,,,
470,6/9/20 2:00,7.268,,,,
471,6/9/20 3:00,7.041,,,,
472,6/9/20 4:00,6.839,,,,
473,6/9/20 5:00,6.611,,,,
474,6/9/20 6:00,6.433,,,,
475,6/9/20 7:00,6.331,,,,
476,6/9/20 8:00,6.433,,,,
477,6/9/20 9:00,6.433,,,,
478,6/9/20 10:00,6.509,,,,
479,6/9/20 11:00,6.56,,,,
480,6/9/20 12:00,6.813,,,,
481,6/9/20 13:00,7.091,,,,
482,6/9/20 14:00,7.343,,,,
483,6/9/20 15:00,7.318,,,,
484,6/9/20 16:00,7.444,,,,
485,6/9/20 17:00,7.645,,,,
486,6/9/20 18:00,7.87,,,,
487,6/9/20 19:00,7.97,,,,
488,6/9/20 20:00,8.095,,,,
489,6/9/20 21:00,8.12,,,,
490,6/9/20 22:00,7.97,,,,
491,6/9/20 23:00,7.795,,,,
492,6/10/20 0:00,7.569,,,,
493,6/10/20 1:00,7.368,,,,
494,6/10/20 2:00,7.142,,,,
495,6/10/20 3:00,6.889,,,,
496,6/10/20 4:00,6.636,,,,
497,6/10/20 5:00,6.408,,,,
498,6/10/20 6:00,6.204,,,,
499,6/10/20 7:00,6.077,,,,
500,6/10/20 8:00,6.102,,,,
501,6/10/20 9:00,6.23,,,,
502,6/10/20 10:00,6.433,,,,
503,6/10/20 11:00,6.687,,,,
504,6/10/20 12:00,7.041,,,,
505,6/10/20 13:00,7.444,,,,
506,6/10/20 14:00,7.695,,,,
507,6/10/20 15:00,8.12,,,,
508,6/10/20 16:00,8.295,,,,
509,6/10/20 17:00,8.891,,,,
510,6/10/20 18:00,9.188,,,,
511,6/10/20 19:00,9.089,,,,
512,6/10/20 20:00,9.015,,,,
513,6/10/20 21:00,8.668,,,,
514,6/10/20 22:00,8.792,,,,
515,6/10/20 23:00,8.891,,,,
516,6/11/20 0:00,8.841,,,,
517,6/11/20 1:00,8.668,,,,
518,6/11/20 2:00,8.494,,,,
519,6/11/20 3:00,8.369,,,,
520,6/11/20 4:00,8.245,,,,
521,6/11/20 5:00,8.095,,,,
522,6/11/20 6:00,7.92,,,,
523,6/11/20 7:00,7.795,,,,
524,6/11/20 8:00,7.645,,,,
525,6/11/20 9:00,7.619,,,,
526,6/11/20 10:00,7.619,,,,
527,6/11/20 11:00,7.92,,,,
528,6/11/20 12:00,8.27,,,,
529,6/11/20 13:00,8.568,,,,
530,6/11/20 14:00,8.99,,,,
531,6/11/20 15:00,9.435,,,,
532,6/11/20 16:00,9.854,,,,
533,6/11/20 17:00,10.124,,,,
534,6/11/20 18:00,10.149,,,,
535,6/11/20 19:00,10.173,,,,
536,6/11/20 20:00,10.173,,,,
537,6/11/20 21:00,10.149,,,,
538,6/11/20 22:00,10.026,,,,
539,6/11/20 23:00,9.682,,,,
540,6/12/20 0:00,9.287,,,,
541,6/12/20 1:00,8.99,,,,
542,6/12/20 2:00,8.767,,,,
543,6/12/20 3:00,8.519,,,,
544,6/12/20 4:00,8.22,,,,
545,6/12/20 5:00,7.92,,,,
546,6/12/20 6:00,7.645,,,,
547,6/12/20 7:00,7.469,,,,
548,6/12/20 8:00,7.393,,,,
549,6/12/20 9:00,7.393,,,,
550,6/12/20 10:00,7.544,,,,
551,6/12/20 11:00,7.695,,,,
552,6/12/20 12:00,7.594,,,,
553,6/12/20 13:00,7.544,,,,
554,6/12/20 14:00,7.745,,,,
555,6/12/20 15:00,7.87,,,,
556,6/12/20 16:00,7.97,,,,
557,6/12/20 17:00,8.12,,,,
558,6/12/20 18:00,8.344,,,,
559,6/12/20 19:00,8.593,,,,
560,6/12/20 20:00,8.742,,,,
561,6/12/20 21:00,8.742,,,,
562,6/12/20 22:00,8.693,,,,
563,6/12/20 23:00,8.618,,,,
564,6/13/20 0:00,8.394,,,,
565,6/13/20 1:00,8.145,,,,
566,6/13/20 2:00,7.92,,,,
567,6/13/20 3:00,7.72,,,,
568,6/13/20 4:00,7.519,,,,
569,6/13/20 5:00,7.318,,,,
570,6/13/20 6:00,7.142,,,,
571,6/13/20 7:00,7.015,,,,
572,6/13/20 8:00,7.041,,,,
573,6/13/20 9:00,7.142,,,,
574,6/13/20 10:00,7.293,,,,
575,6/13/20 11:00,7.544,,,,
576,6/13/20 12:00,7.795,,,,
577,6/13/20 13:00,8.17,,,,
578,6/13/20 14:00,8.295,,,,
579,6/13/20 15:00,8.668,,,,
580,6/13/20 16:00,8.941,,,,
581,6/13/20 17:00,8.916,,,,
582,6/13/20 18:00,8.916,,,,
583,6/13/20 19:00,8.891,,,,
584,6/13/20 20:00,8.841,,,,
585,6/13/20 21:00,8.916,,,,
586,6/13/20 22:00,8.792,,,,
587,6/13/20 23:00,8.543,,,,
588,6/14/20 0:00,8.319,,,,
589,6/14/20 1:00,8.145,,,,
590,6/14/20 2:00,7.995,,,,
591,6/14/20 3:00,7.845,,,,
592,6/14/20 4:00,7.695,,,,
593,6/14/20 5:00,7.544,,,,
594,6/14/20 6:00,7.368,,,,
595,6/14/20 7:00,7.268,,,,
596,6/14/20 8:00,7.142,,,,
597,6/14/20 9:00,6.965,,,,
598,6/14/20 10:00,6.839,,,,
599,6/14/20 11:00,6.839,,,,
600,6/14/20 12:00,6.965,,,,
601,6/14/20 13:00,7.242,,,,
602,6/14/20 14:00,7.594,,,,
603,6/14/20 15:00,8.02,,,,
604,6/14/20 16:00,8.543,,,,
605,6/14/20 17:00,8.99,,,,
606,6/14/20 18:00,9.41,,,,
607,6/14/20 19:00,9.731,,,,
608,6/14/20 20:00,9.879,,,,
609,6/14/20 21:00,9.78,,,,
610,6/14/20 22:00,9.558,,,,
611,6/14/20 23:00,9.361,,,,
612,6/15/20 0:00,9.188,,,,
613,6/15/20 1:00,9.064,,,,
614,6/15/20 2:00,8.941,,,,
615,6/15/20 3:00,8.841,,,,
616,6/15/20 4:00,8.668,,,,
617,6/15/20 5:00,8.469,,,,
618,6/15/20 6:00,8.295,,,,
619,6/15/20 7:00,8.17,,,,
620,6/15/20 8:00,8.145,,,,
621,6/15/20 9:00,8.195,,,,
622,6/15/20 10:00,8.245,,,,
623,6/15/20 11:00,8.394,,,,
624,6/15/20 12:00,8.494,,,,
625,6/15/20 13:00,8.668,,,,
626,6/15/20 14:00,9.04,,,,
627,6/15/20 15:00,9.336,,,,
628,6/15/20 16:00,9.386,,,,
629,6/15/20 17:00,9.287,,,,
630,6/15/20 18:00,9.287,,,,
631,6/15/20 19:00,9.312,,,,
632,6/15/20 20:00,9.163,,,,
633,6/15/20 21:00,8.99,,,,
634,6/15/20 22:00,8.866,,,,
635,6/15/20 23:00,8.742,,,,
636,6/16/20 0:00,8.543,,,,
637,6/16/20 1:00,8.319,,,,
638,6/16/20 2:00,8.12,,,,
639,6/16/20 3:00,7.97,,,,
640,6/16/20 4:00,7.845,,,,
641,6/16/20 5:00,7.695,,,,
642,6/16/20 6:00,7.519,,,,
643,6/16/20 7:00,7.368,,,,
644,6/16/20 8:00,7.318,,,,
645,6/16/20 9:00,7.419,,,,
646,6/16/20 10:00,7.619,,,,
647,6/16/20 11:00,7.795,,,,
648,6/16/20 12:00,8.12,,,,
649,6/16/20 13:00,8.469,,,,
650,6/16/20 14:00,8.965,,,,
651,6/16/20 15:00,9.435,,,,
652,6/16/20 16:00,9.731,,,,
653,6/16/20 17:00,10.051,,,,
654,6/16/20 18:00,10.173,,,,
655,6/16/20 19:00,10.296,,,,
656,6/16/20 20:00,10.443,,,,
657,6/16/20 21:00,10.516,,,,
658,6/16/20 22:00,10.443,,,,
659,6/16/20 23:00,10.296,,,,
660,6/17/20 0:00,9.977,,,,
661,6/17/20 1:00,9.706,,,,
662,6/17/20 2:00,9.485,,,,
663,6/17/20 3:00,9.238,,,,
664,6/17/20 4:00,9.04,,,,
665,6/17/20 5:00,8.817,,,,
666,6/17/20 6:00,8.618,,,,
667,6/17/20 7:00,8.419,,,,
668,6/17/20 8:00,8.319,,,,
669,6/17/20 9:00,8.319,,,,
670,6/17/20 10:00,8.394,,,,
671,6/17/20 11:00,8.568,,,,
672,6/17/20 12:00,8.792,,,,
673,6/17/20 13:00,9.089,,,,
674,6/17/20 14:00,9.46,,,,
675,6/17/20 15:00,9.657,,,,
676,6/17/20 16:00,10.051,,,,
677,6/17/20 17:00,10.443,,,,
678,6/17/20 18:00,10.712,,,,
679,6/17/20 19:00,10.883,,,,
680,6/17/20 20:00,10.907,,,,
681,6/17/20 21:00,10.883,,,,
682,6/17/20 22:00,10.736,,,,
683,6/17/20 23:00,10.516,,,,
684,6/18/20 0:00,10.247,,,,
685,6/18/20 1:00,10.051,,,,
686,6/18/20 2:00,9.829,,,,
687,6/18/20 3:00,9.558,,,,
688,6/18/20 4:00,9.287,,,,
689,6/18/20 5:00,9.04,,,,
690,6/18/20 6:00,8.767,,,,
691,6/18/20 7:00,8.543,,,,
692,6/18/20 8:00,8.369,,,,
693,6/18/20 9:00,8.27,,,,
694,6/18/20 10:00,8.419,,,,
695,6/18/20 11:00,8.643,,,,
696,6/18/20 12:00,8.841,,,,
697,6/18/20 13:00,9.089,,,,
698,6/18/20 14:00,9.485,,,,
699,6/18/20 15:00,9.854,,,,
700,6/18/20 16:00,10.1,,,,
701,6/18/20 17:00,10.345,,,,
702,6/18/20 18:00,10.516,,,,
703,6/18/20 19:00,10.614,,,,
704,6/18/20 20:00,10.541,,,,
705,6/18/20 21:00,10.516,,,,
706,6/18/20 22:00,10.418,,,,
707,6/18/20 23:00,10.271,,,,
708,6/19/20 0:00,10.075,,,,
709,6/19/20 1:00,9.805,,,,
710,6/19/20 2:00,9.534,,,,
711,6/19/20 3:00,9.287,,,,
712,6/19/20 4:00,9.04,,,,
713,6/19/20 5:00,8.841,,,,
714,6/19/20 6:00,8.668,,,,
715,6/19/20 7:00,8.543,,,,
716,6/19/20 8:00,8.444,,,,
717,6/19/20 9:00,8.344,,,,
718,6/19/20 10:00,8.245,,,,
719,6/19/20 11:00,8.17,,,,
720,6/19/20 12:00,8.095,,,,
721,6/19/20 13:00,8.07,,,,
722,6/19/20 14:00,8.095,,,,
723,6/19/20 15:00,8.12,,,,
724,6/19/20 16:00,8.17,,,,
725,6/19/20 17:00,8.22,,,,
726,6/19/20 18:00,8.22,,,,
727,6/19/20 19:00,8.245,,,,
728,6/19/20 20:00,8.394,,,,
729,6/19/20 21:00,8.444,,,,
730,6/19/20 22:00,8.394,,,,
731,6/19/20 23:00,8.295,,,,
732,6/20/20 0:00,8.12,,,,
733,6/20/20 1:00,7.945,,,,
734,6/20/20 2:00,7.72,,,,
735,6/20/20 3:00,7.494,,,,
736,6/20/20 4:00,7.293,,,,
737,6/20/20 5:00,7.091,,,,
738,6/20/20 6:00,6.94,,,,
739,6/20/20 7:00,6.839,,,,
740,6/20/20 8:00,6.839,,,,
741,6/20/20 9:00,6.864,,,,
742,6/20/20 10:00,6.889,,,,
743,6/20/20 11:00,7.041,,,,
744,6/20/20 12:00,7.318,,,,
745,6/20/20 13:00,7.594,,,,
746,6/20/20 14:00,7.795,,,,
747,6/20/20 15:00,7.87,,,,
748,6/20/20 16:00,7.895,,,,
749,6/20/20 17:00,7.845,,,,
750,6/20/20 18:00,7.795,,,,
751,6/20/20 19:00,7.72,,,,
752,6/20/20 20:00,7.645,,,,
753,6/20/20 21:00,7.645,,,,
754,6/20/20 22:00,7.645,,,,
755,6/20/20 23:00,7.619,,,,
756,6/21/20 0:00,7.619,,,,
757,6/21/20 1:00,7.67,,,,
758,6/21/20 2:00,7.695,,,,
759,6/21/20 3:00,7.594,,,,
760,6/21/20 4:00,7.444,,,,
761,6/21/20 5:00,7.293,,,,
762,6/21/20 6:00,7.142,,,,
763,6/21/20 7:00,7.015,,,,
764,6/21/20 8:00,6.914,,,,
765,6/21/20 9:00,6.813,,,,
766,6/21/20 10:00,6.763,,,,
767,6/21/20 11:00,6.737,,,,
768,6/21/20 12:00,6.687,,,,
769,6/21/20 13:00,6.636,,,,
770,6/21/20 14:00,6.636,,,,
771,6/21/20 15:00,6.636,,,,
772,6/21/20 16:00,6.611,,,,
773,6/21/20 17:00,6.611,,,,
774,6/21/20 18:00,6.535,,,,
775,6/21/20 19:00,6.509,,,,
776,6/21/20 20:00,6.433,,,,
777,6/21/20 21:00,6.357,,,,
778,6/21/20 22:00,6.255,,,,
779,6/21/20 23:00,6.153,,,,
780,6/22/20 0:00,6.077,,,,
781,6/22/20 1:00,5.975,,,,
782,6/22/20 2:00,5.898,,,,
783,6/22/20 3:00,5.821,,,,
784,6/22/20 4:00,5.719,,,,
785,6/22/20 5:00,5.668,,,,
786,6/22/20 6:00,5.591,,,,
787,6/22/20 7:00,5.514,,,,
788,6/22/20 8:00,5.437,,,,
789,6/22/20 9:00,5.36,,,,
790,6/22/20 10:00,5.308,,,,
791,6/22/20 11:00,5.282,,,,
792,6/22/20 12:00,5.282,,,,
793,6/22/20 13:00,5.282,,,,
794,6/22/20 14:00,5.282,,,,
795,6/22/20 15:00,5.308,,,,
796,6/22/20 16:00,5.36,,,,
797,6/22/20 17:00,5.411,,,,
798,6/22/20 18:00,5.411,,,,
799,6/22/20 19:00,5.437,,,,
800,6/22/20 20:00,5.437,,,,
801,6/22/20 21:00,5.411,,,,
802,6/22/20 22:00,5.36,,,,
803,6/22/20 23:00,5.308,,,,
804,6/23/20 0:00,5.231,,,,
805,6/23/20 1:00,5.179,,,,
806,6/23/20 2:00,5.128,,,,
807,6/23/20 3:00,5.076,,,,
808,6/23/20 4:00,5.024,,,,
809,6/23/20 5:00,4.973,,,,
810,6/23/20 6:00,4.921,,,,
811,6/23/20 7:00,4.895,,,,
812,6/23/20 8:00,4.844,,,,
813,6/23/20 9:00,4.818,,,,
814,6/23/20 10:00,4.818,,,,
815,6/23/20 11:00,4.792,,,,
816,6/23/20 12:00,4.818,,,,
817,6/23/20 13:00,4.792,,,,
818,6/23/20 14:00,4.74,,,,
819,6/23/20 15:00,4.688,,,,
820,6/23/20 16:00,4.662,,,,
821,6/23/20 17:00,4.61,,,,
822,6/23/20 18:00,4.532,,,,
823,6/23/20 19:00,4.506,,,,
824,6/23/20 20:00,4.48,,,,
825,6/23/20 21:00,4.428,,,,
826,6/23/20 22:00,4.402,,,,
827,6/23/20 23:00,4.35,,,,
828,6/24/20 0:00,4.324,,,,
829,6/24/20 1:00,4.272,,,,
830,6/24/20 2:00,4.22,,,,
831,6/24/20 3:00,4.168,,,,
832,6/24/20 4:00,4.141,,,,
833,6/24/20 5:00,4.115,,,,
834,6/24/20 6:00,4.089,,,,
835,6/24/20 7:00,4.063,,,,
836,6/24/20 8:00,4.037,,,,
837,6/24/20 9:00,4.063,,,,
838,6/24/20 10:00,4.115,,,,
839,6/24/20 11:00,4.194,,,,
840,6/24/20 12:00,4.298,,,,
841,6/24/20 13:00,4.402,,,,
842,6/24/20 14:00,4.532,,,,
843,6/24/20 15:00,4.766,,,,
844,6/24/20 16:00,4.973,,,,
845,6/24/20 17:00,5.102,,,,
846,6/24/20 18:00,5.282,,,,
847,6/24/20 19:00,5.437,,,,
848,6/24/20 20:00,5.539,,,,
849,6/24/20 21:00,5.565,,,,
850,6/24/20 22:00,5.539,,,,
851,6/24/20 23:00,5.462,,,,
852,6/25/20 0:00,5.36,,,,
853,6/25/20 1:00,5.257,,,,
854,6/25/20 2:00,5.128,,,,
855,6/25/20 3:00,4.999,,,,
856,6/25/20 4:00,4.869,,,,
857,6/25/20 5:00,4.74,,,,
858,6/25/20 6:00,4.584,,,,
859,6/25/20 7:00,4.506,,,,
860,6/25/20 8:00,4.454,,,,
861,6/25/20 9:00,4.428,,,,
862,6/25/20 10:00,4.506,,,,
863,6/25/20 11:00,4.636,,,,
864,6/25/20 12:00,4.844,,,,
865,6/25/20 13:00,5.102,,,,
866,6/25/20 14:00,5.385,,,,
867,6/25/20 15:00,5.565,,,,
868,6/25/20 16:00,5.796,,,,
869,6/25/20 17:00,5.924,,,,
870,6/25/20 18:00,6.051,,,,
871,6/25/20 19:00,6.331,,,,
872,6/25/20 20:00,6.382,,,,
873,6/25/20 21:00,6.382,,,,
874,6/25/20 22:00,6.357,,,,
875,6/25/20 23:00,6.281,,,,
876,6/26/20 0:00,6.204,,,,
877,6/26/20 1:00,6.128,,,,
878,6/26/20 2:00,6.026,,,,
879,6/26/20 3:00,5.898,,,,
880,6/26/20 4:00,5.77,,,,
881,6/26/20 5:00,5.591,,,,
882,6/26/20 6:00,5.411,,,,
883,6/26/20 7:00,5.205,,,,
884,6/26/20 8:00,5.076,,,,
885,6/26/20 9:00,5.05,,,,
886,6/26/20 10:00,5.102,,,,
887,6/26/20 11:00,5.257,,,,
888,6/26/20 12:00,5.514,,,,
889,6/26/20 13:00,5.847,,,,
890,6/26/20 14:00,5.975,,,,
891,6/26/20 15:00,6.179,,,,
892,6/26/20 16:00,6.509,,,,
893,6/26/20 17:00,6.737,,,,
894,6/26/20 18:00,6.99,,,,
895,6/26/20 19:00,7.192,,,,
896,6/26/20 20:00,7.368,,,,
897,6/26/20 21:00,7.419,,,,
898,6/26/20 22:00,7.343,,,,
899,6/26/20 23:00,7.242,,,,
900,6/27/20 0:00,7.142,,,,
901,6/27/20 1:00,7.041,,,,
902,6/27/20 2:00,6.889,,,,
903,6/27/20 3:00,6.763,,,,
904,6/27/20 4:00,6.585,,,,
905,6/27/20 5:00,6.433,,,,
906,6/27/20 6:00,6.255,,,,
907,6/27/20 7:00,6.128,,,,
908,6/27/20 8:00,6.128,,,,
909,6/27/20 9:00,6.179,,,,
910,6/27/20 10:00,6.255,,,,
911,6/27/20 11:00,6.408,,,,
912,6/27/20 12:00,6.509,,,,
913,6/27/20 13:00,6.788,,,,
914,6/27/20 14:00,7.192,,,,
915,6/27/20 15:00,7.469,,,,
916,6/27/20 16:00,7.77,,,,
917,6/27/20 17:00,8.12,,,,
918,6/27/20 18:00,8.295,,,,
919,6/27/20 19:00,8.394,,,,
920,6/27/20 20:00,8.419,,,,
921,6/27/20 21:00,8.369,,,,
922,6/27/20 22:00,8.17,,,,
923,6/27/20 23:00,7.945,,,,
924,6/28/20 0:00,7.795,,,,
925,6/28/20 1:00,7.67,,,,
926,6/28/20 2:00,7.494,,,,
927,6/28/20 3:00,7.268,,,,
928,6/28/20 4:00,7.091,,,,
929,6/28/20 5:00,6.914,,,,
930,6/28/20 6:00,6.737,,,,
931,6/28/20 7:00,6.585,,,,
932,6/28/20 8:00,6.535,,,,
933,6/28/20 9:00,6.484,,,,
934,6/28/20 10:00,6.636,,,,
935,6/28/20 11:00,6.737,,,,
936,6/28/20 12:00,6.763,,,,
937,6/28/20 13:00,7.041,,,,
938,6/28/20 14:00,7.167,,,,
939,6/28/20 15:00,7.091,,,,
940,6/28/20 16:00,7.167,,,,
941,6/28/20 17:00,7.368,,,,
942,6/28/20 18:00,7.519,,,,
943,6/28/20 19:00,7.544,,,,
944,6/28/20 20:00,7.519,,,,
945,6/28/20 21:00,7.419,,,,
946,6/28/20 22:00,7.343,,,,
947,6/28/20 23:00,7.293,,,,
948,6/29/20 0:00,7.242,,,,
949,6/29/20 1:00,7.142,,,,
950,6/29/20 2:00,7.041,,,,
951,6/29/20 3:00,6.94,,,,
952,6/29/20 4:00,6.813,,,,
953,6/29/20 5:00,6.661,,,,
954,6/29/20 6:00,6.535,,,,
955,6/29/20 7:00,6.433,,,,
956,6/29/20 8:00,6.357,,,,
957,6/29/20 9:00,6.357,,,,
958,6/29/20 10:00,6.484,,,,
959,6/29/20 11:00,6.687,,,,
960,6/29/20 12:00,6.813,,,,
961,6/29/20 13:00,6.99,,,,
962,6/29/20 14:00,7.318,,,,
963,6/29/20 15:00,7.795,,,,
964,6/29/20 16:00,7.97,,,,
965,6/29/20 17:00,7.995,,,,
966,6/29/20 18:00,8.02,,,,
967,6/29/20 19:00,8.07,,,,
968,6/29/20 20:00,7.945,,,,
969,6/29/20 21:00,7.795,,,,
970,6/29/20 22:00,7.72,,,,
971,6/29/20 23:00,7.619,,,,
972,6/30/20 0:00,7.469,,,,
973,6/30/20 1:00,7.318,,,,
974,6/30/20 2:00,7.142,,,,
975,6/30/20 3:00,6.965,,,,
976,6/30/20 4:00,6.813,,,,
977,6/30/20 5:00,6.712,,,,
978,6/30/20 6:00,6.611,,,,
979,6/30/20 7:00,6.509,,,,
980,6/30/20 8:00,6.433,,,,
981,6/30/20 9:00,6.433,,,,
982,6/30/20 10:00,6.433,,,,
983,6/30/20 11:00,6.535,,,,
984,6/30/20 12:00,6.813,,,,
985,6/30/20 13:00,6.94,,,,
986,6/30/20 14:00,7.041,,,,
987,6/30/20 15:00,7.368,,,,
988,6/30/20 16:00,7.695,,,,
989,6/30/20 17:00,7.619,,,,
990,6/30/20 18:00,7.695,,,,
991,6/30/20 19:00,7.745,,,,
992,6/30/20 20:00,7.745,,,,
993,6/30/20 21:00,7.645,,,,
994,6/30/20 22:00,7.393,,,,
995,6/30/20 23:00,7.242,,,,
996,7/1/20 0:00,7.066,,,,
997,7/1/20 1:00,6.889,,,,
998,7/1/20 2:00,6.661,,,,
999,7/1/20 3:00,6.433,,,,
1000,7/1/20 4:00,6.23,,,,
1001,7/1/20 5:00,6.026,,,,
1002,7/1/20 6:00,5.821,,,,
1003,7/1/20 7:00,5.668,,,,
1004,7/1/20 8:00,5.565,,,,
1005,7/1/20 9:00,5.591,,,,
1006,7/1/20 10:00,5.719,,,,
1007,7/1/20 11:00,5.949,,,,
1008,7/1/20 12:00,6.23,,,,
1009,7/1/20 13:00,6.585,,,,
1010,7/1/20 14:00,6.914,,,,
1011,7/1/20 15:00,7.368,,,,
1012,7/1/20 16:00,7.645,,,,
1013,7/1/20 17:00,7.795,,,,
1014,7/1/20 18:00,7.92,,,,
1015,7/1/20 19:00,8.07,,,,
1016,7/1/20 20:00,8.045,,,,
1017,7/1/20 21:00,7.895,,,,
1018,7/1/20 22:00,7.82,,,,
1019,7/1/20 23:00,7.695,,,,
1020,7/2/20 0:00,7.619,,,,
1021,7/2/20 1:00,7.444,,,,
1022,7/2/20 2:00,7.242,,,,
1023,7/2/20 3:00,7.015,,,,
1024,7/2/20 4:00,6.788,,,,
1025,7/2/20 5:00,6.535,,,,
1026,7/2/20 6:00,6.255,,,,
1027,7/2/20 7:00,6.051,,,,
1028,7/2/20 8:00,5.975,,,,
1029,7/2/20 9:00,6,,,,
1030,7/2/20 10:00,6.153,,,,
1031,7/2/20 11:00,6.306,,,,
1032,7/2/20 12:00,6.611,,,,
1033,7/2/20 13:00,7.091,,,,
1034,7/2/20 14:00,7.494,,,,
1035,7/2/20 15:00,7.795,,,,
1036,7/2/20 16:00,7.945,,,,
1037,7/2/20 17:00,8.295,,,,
1038,7/2/20 18:00,8.543,,,,
1039,7/2/20 19:00,8.469,,,,
1040,7/2/20 20:00,8.394,,,,
1041,7/2/20 21:00,8.344,,,,
1042,7/2/20 22:00,8.369,,,,
1043,7/2/20 23:00,8.195,,,,
1044,7/3/20 0:00,7.995,,,,
1045,7/3/20 1:00,7.795,,,,
1046,7/3/20 2:00,7.519,,,,
1047,7/3/20 3:00,7.242,,,,
1048,7/3/20 4:00,7.015,,,,
1049,7/3/20 5:00,6.788,,,,
1050,7/3/20 6:00,6.585,,,,
1051,7/3/20 7:00,6.433,,,,
1052,7/3/20 8:00,6.382,,,,
1053,7/3/20 9:00,6.382,,,,
1054,7/3/20 10:00,6.484,,,,
1055,7/3/20 11:00,6.611,,,,
1056,7/3/20 12:00,6.94,,,,
1057,7/3/20 13:00,7.318,,,,
1058,7/3/20 14:00,7.619,,,,
1059,7/3/20 15:00,8.045,,,,
1060,7/3/20 16:00,8.543,,,,
1061,7/3/20 17:00,8.99,,,,
1062,7/3/20 18:00,9.287,,,,
1063,7/3/20 19:00,9.435,,,,
1064,7/3/20 20:00,9.509,,,,
1065,7/3/20 21:00,9.534,,,,
1066,7/3/20 22:00,9.46,,,,
1067,7/3/20 23:00,9.262,,,,
1068,7/4/20 0:00,8.965,,,,
1069,7/4/20 1:00,8.767,,,,
1070,7/4/20 2:00,8.568,,,,
1071,7/4/20 3:00,8.295,,,,
1072,7/4/20 4:00,8.07,,,,
1073,7/4/20 5:00,7.87,,,,
1074,7/4/20 6:00,7.695,,,,
1075,7/4/20 7:00,7.569,,,,
1076,7/4/20 8:00,7.569,,,,
1077,7/4/20 9:00,7.494,,,,
1078,7/4/20 10:00,7.519,,,,
1079,7/4/20 11:00,7.594,,,,
1080,7/4/20 12:00,7.82,,,,
1081,7/4/20 13:00,8.095,,,,
1082,7/4/20 14:00,8.519,,,,
1083,7/4/20 15:00,8.965,,,,
1084,7/4/20 16:00,9.46,,,,
1085,7/4/20 17:00,9.756,,,,
1086,7/4/20 18:00,10.075,,,,
1087,7/4/20 19:00,10.271,,,,
1088,7/4/20 20:00,10.271,,,,
1089,7/4/20 21:00,10.124,,,,
1090,7/4/20 22:00,9.879,,,,
1091,7/4/20 23:00,9.706,,,,
1092,7/5/20 0:00,9.583,,,,
1093,7/5/20 1:00,9.386,,,,
1094,7/5/20 2:00,9.188,,,,
1095,7/5/20 3:00,8.916,,,,
1096,7/5/20 4:00,8.643,,,,
1097,7/5/20 5:00,8.394,,,,
1098,7/5/20 6:00,8.195,,,,
1099,7/5/20 7:00,8.02,,,,
1100,7/5/20 8:00,7.945,,,,
1101,7/5/20 9:00,7.97,,,,
1102,7/5/20 10:00,8.095,,,,
1103,7/5/20 11:00,8.295,,,,
1104,7/5/20 12:00,8.593,,,,
1105,7/5/20 13:00,8.891,,,,
1106,7/5/20 14:00,9.139,,,,
1107,7/5/20 15:00,9.608,,,,
1108,7/5/20 16:00,10.026,,,,
1109,7/5/20 17:00,10.32,,,,
1110,7/5/20 18:00,10.541,,,,
1111,7/5/20 19:00,10.638,,,,
1112,7/5/20 20:00,10.59,,,,
1113,7/5/20 21:00,10.541,,,,
1114,7/5/20 22:00,10.418,,,,
1115,7/5/20 23:00,10.198,,,,
1116,7/6/20 0:00,9.952,,,,
1117,7/6/20 1:00,9.706,,,,
1118,7/6/20 2:00,9.46,,,,
1119,7/6/20 3:00,9.213,,,,
1120,7/6/20 4:00,8.99,,,,
1121,7/6/20 5:00,8.742,,,,
1122,7/6/20 6:00,8.543,,,,
1123,7/6/20 7:00,8.344,,,,
1124,7/6/20 8:00,8.245,,,,
1125,7/6/20 9:00,8.12,,,,
1126,7/6/20 10:00,8.095,,,,
1127,7/6/20 11:00,8.195,,,,
1128,7/6/20 12:00,8.469,,,,
1129,7/6/20 13:00,8.742,,,,
1130,7/6/20 14:00,9.213,,,,
1131,7/6/20 15:00,9.386,,,,
1132,7/6/20 16:00,9.287,,,,
1133,7/6/20 17:00,9.262,,,,
1134,7/6/20 18:00,9.386,,,,
1135,7/6/20 19:00,9.608,,,,
1136,7/6/20 20:00,9.829,,,,
1137,7/6/20 21:00,9.903,,,,
1138,7/6/20 22:00,9.903,,,,
1139,7/6/20 23:00,9.731,,,,
1140,7/7/20 0:00,9.485,,,,
1141,7/7/20 1:00,9.262,,,,
1142,7/7/20 2:00,9.114,,,,
1143,7/7/20 3:00,8.941,,,,
1144,7/7/20 4:00,8.717,,,,
1145,7/7/20 5:00,8.444,,,,
1146,7/7/20 6:00,8.145,,,,
1147,7/7/20 7:00,7.945,,,,
1148,7/7/20 8:00,7.845,,,,
1149,7/7/20 9:00,7.87,,,,
1150,7/7/20 10:00,7.82,,,,
1151,7/7/20 11:00,8.095,,,,
1152,7/7/20 12:00,8.469,,,,
1153,7/7/20 13:00,8.817,,,,
1154,7/7/20 14:00,9.114,,,,
1155,7/7/20 15:00,9.336,,,,
1156,7/7/20 16:00,9.756,,,,
1157,7/7/20 17:00,9.879,,,,
1158,7/7/20 18:00,10.075,,,,
1159,7/7/20 19:00,10.247,,,,
1160,7/7/20 20:00,10.369,,,,
1161,7/7/20 21:00,10.467,,,,
1162,7/7/20 22:00,10.296,,,,
1163,7/7/20 23:00,10.026,,,,
1164,7/8/20 0:00,9.805,,,,
1165,7/8/20 1:00,9.632,,,,
1166,7/8/20 2:00,9.509,,,,
1167,7/8/20 3:00,9.361,,,,
1168,7/8/20 4:00,9.238,,,,
1169,7/8/20 5:00,9.114,,,,
1170,7/8/20 6:00,8.99,,,,
1171,7/8/20 7:00,8.841,,,,
1172,7/8/20 8:00,8.693,,,,
1173,7/8/20 9:00,8.543,,,,
1174,7/8/20 10:00,8.444,,,,
1175,7/8/20 11:00,8.369,,,,
1176,7/8/20 12:00,8.419,,,,
1177,7/8/20 13:00,8.519,,,,
1178,7/8/20 14:00,8.742,,,,
1179,7/8/20 15:00,9.064,,,,
1180,7/8/20 16:00,9.435,,,,
1181,7/8/20 17:00,9.977,,,,
1182,7/8/20 18:00,10.516,,,,
1183,7/8/20 19:00,10.81,,,,
1184,7/8/20 20:00,10.932,,,,
1185,7/8/20 21:00,10.956,,,,
1186,7/8/20 22:00,10.883,,,,
1187,7/8/20 23:00,10.712,,,,
1188,7/9/20 0:00,10.516,,,,
1189,7/9/20 1:00,10.32,,,,
1190,7/9/20 2:00,10.1,,,,
1191,7/9/20 3:00,9.879,,,,
1192,7/9/20 4:00,9.657,,,,
1193,7/9/20 5:00,9.46,,,,
1194,7/9/20 6:00,9.312,,,,
1195,7/9/20 7:00,9.139,,,,
1196,7/9/20 8:00,8.965,,,,
1197,7/9/20 9:00,8.792,,,,
1198,7/9/20 10:00,8.643,,,,
1199,7/9/20 11:00,8.519,,,,
1200,7/9/20 12:00,8.469,,,,
1201,7/9/20 13:00,8.693,,,,
1202,7/9/20 14:00,8.965,,,,
1203,7/9/20 15:00,9.188,,,,
1204,7/9/20 16:00,9.312,,,,
1205,7/9/20 17:00,9.657,,,,
1206,7/9/20 18:00,9.977,,,,
1207,7/9/20 19:00,9.903,,,,
1208,7/9/20 20:00,9.829,,,,
1209,7/9/20 21:00,9.756,,,,
1210,7/9/20 22:00,9.657,,,,
1211,7/9/20 23:00,9.534,,,,
1212,7/10/20 0:00,9.361,,,,
1213,7/10/20 1:00,9.163,,,,
1214,7/10/20 2:00,8.965,,,,
1215,7/10/20 3:00,8.792,,,,
1216,7/10/20 4:00,8.593,,,,
1217,7/10/20 5:00,8.369,,,,
1218,7/10/20 6:00,8.195,,,,
1219,7/10/20 7:00,8.045,,,,
1220,7/10/20 8:00,7.945,,,,
1221,7/10/20 9:00,7.92,,,,
1222,7/10/20 10:00,7.845,,,,
1223,7/10/20 11:00,7.97,,,,
1224,7/10/20 12:00,8.095,,,,
1225,7/10/20 13:00,8.444,,,,
1226,7/10/20 14:00,9.064,,,,
1227,7/10/20 15:00,9.46,,,,
1228,7/10/20 16:00,9.706,,,,
1229,7/10/20 17:00,9.977,,,,
1230,7/10/20 18:00,10.271,,,,
1231,7/10/20 19:00,10.394,,,,
1232,7/10/20 20:00,10.369,,,,
1233,7/10/20 21:00,10.296,,,,
1234,7/10/20 22:00,10.173,,,,
1235,7/10/20 23:00,9.952,,,,
1236,7/11/20 0:00,9.731,,,,
1237,7/11/20 1:00,9.485,,,,
1238,7/11/20 2:00,9.213,,,,
1239,7/11/20 3:00,8.916,,,,
1240,7/11/20 4:00,8.643,,,,
1241,7/11/20 5:00,8.394,,,,
1242,7/11/20 6:00,8.195,,,,
1243,7/11/20 7:00,7.995,,,,
1244,7/11/20 8:00,7.87,,,,
1245,7/11/20 9:00,7.82,,,,
1246,7/11/20 10:00,7.92,,,,
1247,7/11/20 11:00,8.095,,,,
1248,7/11/20 12:00,8.394,,,,
1249,7/11/20 13:00,8.866,,,,
1250,7/11/20 14:00,9.213,,,,
1251,7/11/20 15:00,9.435,,,,
1252,7/11/20 16:00,9.854,,,,
1253,7/11/20 17:00,10.173,,,,
1254,7/11/20 18:00,10.173,,,,
1255,7/11/20 19:00,10.394,,,,
1256,7/11/20 20:00,10.443,,,,
1257,7/11/20 21:00,10.394,,,,
1258,7/11/20 22:00,10.467,,,,
1259,7/11/20 23:00,10.247,,,,
1260,7/12/20 0:00,9.928,,,,
1261,7/12/20 1:00,9.583,,,,
1262,7/12/20 2:00,9.238,,,,
1263,7/12/20 3:00,8.99,,,,
1264,7/12/20 4:00,8.742,,,,
1265,7/12/20 5:00,8.469,,,,
1266,7/12/20 6:00,8.195,,,,
1267,7/12/20 7:00,7.97,,,,
1268,7/12/20 8:00,7.845,,,,
1269,7/12/20 9:00,7.795,,,,
1270,7/12/20 10:00,7.695,,,,
1271,7/12/20 11:00,7.695,,,,
1272,7/12/20 12:00,7.87,,,,
1273,7/12/20 13:00,8.17,,,,
1274,7/12/20 14:00,8.344,,,,
1275,7/12/20 15:00,8.593,,,,
1276,7/12/20 16:00,8.891,,,,
1277,7/12/20 17:00,8.965,,,,
1278,7/12/20 18:00,9.114,,,,
1279,7/12/20 19:00,9.361,,,,
1280,7/12/20 20:00,9.583,,,,
1281,7/12/20 21:00,9.682,,,,
1282,7/12/20 22:00,9.682,,,,
1283,7/12/20 23:00,9.608,,,,
1284,7/13/20 0:00,9.46,,,,
1285,7/13/20 1:00,9.287,,,,
1286,7/13/20 2:00,9.139,,,,
1287,7/13/20 3:00,8.965,,,,
1288,7/13/20 4:00,8.792,,,,
1289,7/13/20 5:00,8.643,,,,
1290,7/13/20 6:00,8.494,,,,
1291,7/13/20 7:00,8.394,,,,
1292,7/13/20 8:00,8.295,,,,
1293,7/13/20 9:00,8.22,,,,
1294,7/13/20 10:00,8.17,,,,
1295,7/13/20 11:00,8.17,,,,
1296,7/13/20 12:00,8.145,,,,
1297,7/13/20 13:00,8.145,,,,
1298,7/13/20 14:00,8.22,,,,
1299,7/13/20 15:00,8.394,,,,
1300,7/13/20 16:00,8.618,,,,
1301,7/13/20 17:00,8.717,,,,
1302,7/13/20 18:00,8.792,,,,
1303,7/13/20 19:00,8.941,,,,
1304,7/13/20 20:00,9.04,,,,
1305,7/13/20 21:00,9.015,,,,
1306,7/13/20 22:00,8.916,,,,
1307,7/13/20 23:00,8.891,,,,
1308,7/14/20 0:00,8.767,,,,
1309,7/14/20 1:00,8.568,,,,
1310,7/14/20 2:00,8.394,,,,
1311,7/14/20 3:00,8.195,,,,
1312,7/14/20 4:00,8.045,,,,
1313,7/14/20 5:00,7.895,,,,
1314,7/14/20 6:00,7.795,,,,
1315,7/14/20 7:00,7.72,,,,
1316,7/14/20 8:00,7.72,,,,
1317,7/14/20 9:00,7.745,,,,
1318,7/14/20 10:00,7.795,,,,
1319,7/14/20 11:00,8.07,,,,
1320,7/14/20 12:00,8.344,,,,
1321,7/14/20 13:00,8.643,,,,
1322,7/14/20 14:00,9.163,,,,
1323,7/14/20 15:00,9.632,,,,
1324,7/14/20 16:00,9.78,,,,
1325,7/14/20 17:00,9.879,,,,
1326,7/14/20 18:00,9.78,,,,
1327,7/14/20 19:00,9.977,,,,
1328,7/14/20 20:00,10.075,,,,
1329,7/14/20 21:00,10.075,,,,
1330,7/14/20 22:00,10.026,,,,
1331,7/14/20 23:00,9.928,,,,
1332,7/15/20 0:00,9.78,,,,
1333,7/15/20 1:00,9.583,,,,
1334,7/15/20 2:00,9.41,,,,
1335,7/15/20 3:00,9.213,,,,
1336,7/15/20 4:00,8.965,,,,
1337,7/15/20 5:00,8.742,,,,
1338,7/15/20 6:00,8.543,,,,
1339,7/15/20 7:00,8.369,,,,
1340,7/15/20 8:00,8.295,,,,
1341,7/15/20 9:00,8.319,,,,
1342,7/15/20 10:00,8.419,,,,
1343,7/15/20 11:00,8.593,,,,
1344,7/15/20 12:00,8.866,,,,
1345,7/15/20 13:00,9.163,,,,
1346,7/15/20 14:00,9.435,,,,
1347,7/15/20 15:00,9.583,,,,
1348,7/15/20 16:00,9.731,,,,
1349,7/15/20 17:00,10.1,,,,
1350,7/15/20 18:00,10.32,,,,
1351,7/15/20 19:00,10.516,,,,
1352,7/15/20 20:00,10.418,,,,
1353,7/15/20 21:00,10.271,,,,
1354,7/15/20 22:00,10.149,,,,
1355,7/15/20 23:00,10.001,,,,
1356,7/16/20 0:00,9.829,,,,
1357,7/16/20 1:00,9.657,,,,
1358,7/16/20 2:00,9.435,,,,
1359,7/16/20 3:00,9.188,,,,
1360,7/16/20 4:00,8.941,,,,
1361,7/16/20 5:00,8.742,,,,
1362,7/16/20 6:00,8.593,,,,
1363,7/16/20 7:00,8.444,,,,
1364,7/16/20 8:00,8.344,,,,
1365,7/16/20 9:00,8.295,,,,
1366,7/16/20 10:00,8.195,,,,
1367,7/16/20 11:00,8.145,,,,
1368,7/16/20 12:00,8.12,,,,
1369,7/16/20 13:00,8.195,,,,
1370,7/16/20 14:00,8.444,,,,
1371,7/16/20 15:00,8.742,,,,
1372,7/16/20 16:00,9.139,,,,
1373,7/16/20 17:00,9.435,,,,
1374,7/16/20 18:00,9.632,,,,
1375,7/16/20 19:00,9.756,,,,
1376,7/16/20 20:00,9.731,,,,
1377,7/16/20 21:00,9.657,,,,
1378,7/16/20 22:00,9.608,,,,
1379,7/16/20 23:00,9.41,,,,
1380,7/17/20 0:00,9.262,,,,
1381,7/17/20 1:00,9.04,,,,
1382,7/17/20 2:00,8.792,,,,
1383,7/17/20 3:00,8.593,,,,
1384,7/17/20 4:00,8.494,,,,
1385,7/17/20 5:00,8.419,,,,
1386,7/17/20 6:00,8.319,,,,
1387,7/17/20 7:00,8.195,,,,
1388,7/17/20 8:00,8.095,,,,
1389,7/17/20 9:00,8.095,,,,
1390,7/17/20 10:00,8.195,,,,
1391,7/17/20 11:00,8.444,,,,
1392,7/17/20 12:00,8.568,,,,
1393,7/17/20 13:00,8.668,,,,
1394,7/17/20 14:00,9.015,,,,
1395,7/17/20 15:00,9.238,,,,
1396,7/17/20 16:00,9.583,,,,
1397,7/17/20 17:00,9.928,,,,
1398,7/17/20 18:00,10.124,,,,
1399,7/17/20 19:00,10.075,,,,
1400,7/17/20 20:00,10.1,,,,
1401,7/17/20 21:00,10.149,,,,
1402,7/17/20 22:00,10.198,,,,
1403,7/17/20 23:00,10.051,,,,
1404,7/18/20 0:00,9.854,,,,
1405,7/18/20 1:00,9.632,,,,
1406,7/18/20 2:00,9.46,,,,
1407,7/18/20 3:00,9.262,,,,
1408,7/18/20 4:00,9.064,,,,
1409,7/18/20 5:00,8.866,,,,
1410,7/18/20 6:00,8.693,,,,
1411,7/18/20 7:00,8.543,,,,
1412,7/18/20 8:00,8.394,,,,
1413,7/18/20 9:00,8.245,,,,
1414,7/18/20 10:00,8.17,,,,
1415,7/18/20 11:00,8.17,,,,
1416,7/18/20 12:00,8.27,,,,
1417,7/18/20 13:00,8.469,,,,
1418,7/18/20 14:00,8.643,,,,
1419,7/18/20 15:00,8.891,,,,
1420,7/18/20 16:00,8.916,,,,
1421,7/18/20 17:00,9.114,,,,
1422,7/18/20 18:00,9.238,,,,
1423,7/18/20 19:00,9.238,,,,
1424,7/18/20 20:00,9.312,,,,
1425,7/18/20 21:00,9.336,,,,
1426,7/18/20 22:00,9.336,,,,
1427,7/18/20 23:00,9.213,,,,
1428,7/19/20 0:00,9.139,,,,
1429,7/19/20 1:00,8.99,,,,
1430,7/19/20 2:00,8.817,,,,
1431,7/19/20 3:00,8.668,,,,
1432,7/19/20 4:00,8.494,,,,
1433,7/19/20 5:00,8.344,,,,
1434,7/19/20 6:00,8.22,,,,
1435,7/19/20 7:00,8.12,,,,
1436,7/19/20 8:00,8.02,,,,
1437,7/19/20 9:00,7.995,,,,
1438,7/19/20 10:00,8.095,,,,
1439,7/19/20 11:00,8.195,,,,
1440,7/19/20 12:00,8.494,,,,
1441,7/19/20 13:00,8.792,,,,
1442,7/19/20 14:00,9.015,,,,
1443,7/19/20 15:00,9.188,,,,
1444,7/19/20 16:00,9.558,,,,
1445,7/19/20 17:00,10.001,,,,
1446,7/19/20 18:00,10.149,,,,
1447,7/19/20 19:00,10.173,,,,
1448,7/19/20 20:00,10.271,,,,
1449,7/19/20 21:00,10.173,,,,
1450,7/19/20 22:00,10.001,,,,
1451,7/19/20 23:00,9.879,,,,
1452,7/20/20 0:00,9.78,,,,
1453,7/20/20 1:00,9.534,,,,
1454,7/20/20 2:00,9.238,,,,
1455,7/20/20 3:00,8.965,,,,
1456,7/20/20 4:00,8.767,,,,
1457,7/20/20 5:00,8.618,,,,
1458,7/20/20 6:00,8.469,,,,
1459,7/20/20 7:00,8.344,,,,
1460,7/20/20 8:00,8.245,,,,
1461,7/20/20 9:00,8.22,,,,
1462,7/20/20 10:00,8.319,,,,
1463,7/20/20 11:00,8.519,,,,
1464,7/20/20 12:00,8.668,,,,
1465,7/20/20 13:00,8.792,,,,
1466,7/20/20 14:00,8.841,,,,
1467,7/20/20 15:00,9.064,,,,
1468,7/20/20 16:00,9.188,,,,
1469,7/20/20 17:00,9.534,,,,
1470,7/20/20 18:00,9.78,,,,
1471,7/20/20 19:00,9.928,,,,
1472,7/20/20 20:00,9.879,,,,
1473,7/20/20 21:00,9.78,,,,
1474,7/20/20 22:00,9.706,,,,
1475,7/20/20 23:00,9.583,,,,
1476,7/21/20 0:00,9.485,,,,
1477,7/21/20 1:00,9.386,,,,
1478,7/21/20 2:00,9.262,,,,
1479,7/21/20 3:00,9.139,,,,
1480,7/21/20 4:00,9.064,,,,
1481,7/21/20 5:00,8.965,,,,
1482,7/21/20 6:00,8.866,,,,
1483,7/21/20 7:00,8.742,,,,
1484,7/21/20 8:00,8.693,,,,
1485,7/21/20 9:00,8.593,,,,
1486,7/21/20 10:00,8.494,,,,
1487,7/21/20 11:00,8.419,,,,
1488,7/21/20 12:00,8.369,,,,
1489,7/21/20 13:00,8.369,,,,
1490,7/21/20 14:00,8.444,,,,
1491,7/21/20 15:00,8.444,,,,
1492,7/21/20 16:00,8.394,,,,
1493,7/21/20 17:00,8.444,,,,
1494,7/21/20 18:00,8.394,,,,
1495,7/21/20 19:00,8.369,,,,
1496,7/21/20 20:00,8.295,,,,
1497,7/21/20 21:00,7.97,,,,
1498,7/21/20 22:00,7.619,,,,
1499,7/21/20 23:00,7.318,,,,
1500,7/22/20 0:00,7.116,,,,
1501,7/22/20 1:00,6.99,,,,
1502,7/22/20 2:00,6.864,,,,
1503,7/22/20 3:00,6.737,,,,
1504,7/22/20 4:00,6.636,,,,
1505,7/22/20 5:00,6.56,,,,
1506,7/22/20 6:00,6.458,,,,
1507,7/22/20 7:00,6.382,,,,
1508,7/22/20 8:00,6.331,,,,
1509,7/22/20 9:00,6.281,,,,
1510,7/22/20 10:00,6.382,,,,
1511,7/22/20 11:00,6.458,,,,
1512,7/22/20 12:00,6.56,,,,
1513,7/22/20 13:00,6.813,,,,
1514,7/22/20 14:00,7.142,,,,
1515,7/22/20 15:00,7.393,,,,
1516,7/22/20 16:00,7.745,,,,
1517,7/22/20 17:00,7.77,,,,
1518,7/22/20 18:00,7.995,,,,
1519,7/22/20 19:00,8.02,,,,
1520,7/22/20 20:00,8.245,,,,
1521,7/22/20 21:00,8.245,,,,
1522,7/22/20 22:00,8.145,,,,
1523,7/22/20 23:00,8.045,,,,
1524,7/23/20 0:00,7.92,,,,
1525,7/23/20 1:00,7.795,,,,
1526,7/23/20 2:00,7.645,,,,
1527,7/23/20 3:00,7.419,,,,
1528,7/23/20 4:00,7.167,,,,
1529,7/23/20 5:00,6.965,,,,
1530,7/23/20 6:00,6.763,,,,
1531,7/23/20 7:00,6.636,,,,
1532,7/23/20 8:00,6.535,,,,
1533,7/23/20 9:00,6.509,,,,
1534,7/23/20 10:00,6.484,,,,
1535,7/23/20 11:00,6.509,,,,
1536,7/23/20 12:00,6.585,,,,
1537,7/23/20 13:00,6.687,,,,
1538,7/23/20 14:00,6.99,,,,
1539,7/23/20 15:00,7.268,,,,
1540,7/23/20 16:00,7.569,,,,
1541,7/23/20 17:00,7.795,,,,
1542,7/23/20 18:00,7.995,,,,
1543,7/23/20 19:00,8.195,,,,
1544,7/23/20 20:00,8.245,,,,
1545,7/23/20 21:00,8.245,,,,
1546,7/23/20 22:00,8.17,,,,
1547,7/23/20 23:00,8.095,,,,
1548,7/24/20 0:00,7.995,,,,
1549,7/24/20 1:00,7.895,,,,
1550,7/24/20 2:00,7.77,,,,
1551,7/24/20 3:00,7.67,,,,
1552,7/24/20 4:00,7.519,,,,
1553,7/24/20 5:00,7.393,,,,
1554,7/24/20 6:00,7.242,,,,
1555,7/24/20 7:00,7.142,,,,
1556,7/24/20 8:00,7.041,,,,
1557,7/24/20 9:00,7.041,,,,
1558,7/24/20 10:00,7.116,,,,
1559,7/24/20 11:00,7.116,,,,
1560,7/24/20 12:00,7.242,,,,
1561,7/24/20 13:00,7.318,,,,
1562,7/24/20 14:00,7.318,,,,
1563,7/24/20 15:00,7.293,,,,
1564,7/24/20 16:00,7.393,,,,
1565,7/24/20 17:00,7.469,,,,
1566,7/24/20 18:00,7.569,,,,
1567,7/24/20 19:00,7.645,,,,
1568,7/24/20 20:00,7.67,,,,
1569,7/24/20 21:00,7.67,,,,
1570,7/24/20 22:00,7.619,,,,
1571,7/24/20 23:00,7.594,,,,
1572,7/25/20 0:00,7.544,,,,
1573,7/25/20 1:00,7.444,,,,
1574,7/25/20 2:00,7.343,,,,
1575,7/25/20 3:00,7.217,,,,
1576,7/25/20 4:00,7.091,,,,
1577,7/25/20 5:00,6.965,,,,
1578,7/25/20 6:00,6.864,,,,
1579,7/25/20 7:00,6.763,,,,
1580,7/25/20 8:00,6.687,,,,
1581,7/25/20 9:00,6.636,,,,
1582,7/25/20 10:00,6.661,,,,
1583,7/25/20 11:00,6.712,,,,
1584,7/25/20 12:00,6.864,,,,
1585,7/25/20 13:00,6.965,,,,
1586,7/25/20 14:00,7.167,,,,
1587,7/25/20 15:00,7.469,,,,
1588,7/25/20 16:00,7.619,,,,
1589,7/25/20 17:00,7.745,,,,
1590,7/25/20 18:00,7.795,,,,
1591,7/25/20 19:00,8.02,,,,
1592,7/25/20 20:00,8.07,,,,
1593,7/25/20 21:00,8.07,,,,
1594,7/25/20 22:00,8.045,,,,
1595,7/25/20 23:00,7.995,,,,
1596,7/26/20 0:00,7.92,,,,
1597,7/26/20 1:00,7.87,,,,
1598,7/26/20 2:00,7.77,,,,
1599,7/26/20 3:00,7.619,,,,
1600,7/26/20 4:00,7.444,,,,
1601,7/26/20 5:00,7.293,,,,
1602,7/26/20 6:00,7.142,,,,
1603,7/26/20 7:00,7.015,,,,
1604,7/26/20 8:00,6.99,,,,
1605,7/26/20 9:00,7.041,,,,
1606,7/26/20 10:00,7.192,,,,
1607,7/26/20 11:00,7.393,,,,
1608,7/26/20 12:00,7.645,,,,
1609,7/26/20 13:00,7.97,,,,
1610,7/26/20 14:00,8.07,,,,
1611,7/26/20 15:00,7.97,,,,
1612,7/26/20 16:00,7.92,,,,
1613,7/26/20 17:00,7.945,,,,
1614,7/26/20 18:00,8.344,,,,
1615,7/26/20 19:00,8.593,,,,
1616,7/26/20 20:00,8.792,,,,
1617,7/26/20 21:00,8.693,,,,
1618,7/26/20 22:00,8.469,,,,
1619,7/26/20 23:00,8.394,,,,
1620,7/27/20 0:00,8.27,,,,
1621,7/27/20 1:00,8.095,,,,
1622,7/27/20 2:00,7.995,,,,
1623,7/27/20 3:00,7.895,,,,
1624,7/27/20 4:00,7.82,,,,
1625,7/27/20 5:00,7.72,,,,
1626,7/27/20 6:00,7.594,,,,
1627,7/27/20 7:00,7.444,,,,
1628,7/27/20 8:00,7.343,,,,
1629,7/27/20 9:00,7.318,,,,
1630,7/27/20 10:00,7.268,,,,
1631,7/27/20 11:00,7.242,,,,
1632,7/27/20 12:00,7.242,,,,
1633,7/27/20 13:00,7.268,,,,
1634,7/27/20 14:00,7.293,,,,
1635,7/27/20 15:00,7.318,,,,
1636,7/27/20 16:00,7.368,,,,
1637,7/27/20 17:00,7.368,,,,
1638,7/27/20 18:00,7.393,,,,
1639,7/27/20 19:00,7.368,,,,
1640,7/27/20 20:00,7.293,,,,
1641,7/27/20 21:00,7.217,,,,
1642,7/27/20 22:00,7.066,,,,
1643,7/27/20 23:00,6.94,,,,
1644,7/28/20 0:00,6.839,,,,
1645,7/28/20 1:00,6.788,,,,
1646,7/28/20 2:00,6.737,,,,
1647,7/28/20 3:00,6.636,,,,
1648,7/28/20 4:00,6.56,,,,
1649,7/28/20 5:00,6.509,,,,
1650,7/28/20 6:00,6.433,,,,
1651,7/28/20 7:00,6.357,,,,
1652,7/28/20 8:00,6.331,,,,
1653,7/28/20 9:00,6.306,,,,
1654,7/28/20 10:00,6.255,,,,
1655,7/28/20 11:00,6.255,,,,
1656,7/28/20 12:00,6.23,,,,
1657,7/28/20 13:00,6.255,,,,
1658,7/28/20 14:00,6.281,,,,
1659,7/28/20 15:00,6.433,,,,
1660,7/28/20 16:00,6.56,,,,
1661,7/28/20 17:00,6.636,,,,
1662,7/28/20 18:00,6.763,,,,
1663,7/28/20 19:00,6.889,,,,
1664,7/28/20 20:00,6.94,,,,
1665,7/28/20 21:00,6.94,,,,
1666,7/28/20 22:00,6.889,,,,
1667,7/28/20 23:00,6.839,,,,
1668,7/29/20 0:00,6.737,,,,
1669,7/29/20 1:00,6.687,,,,
1670,7/29/20 2:00,6.636,,,,
1671,7/29/20 3:00,6.585,,,,
1672,7/29/20 4:00,6.535,,,,
1673,7/29/20 5:00,6.509,,,,
1674,7/29/20 6:00,6.458,,,,
1675,7/29/20 7:00,6.433,,,,
1676,7/29/20 8:00,6.408,,,,
1677,7/29/20 9:00,6.408,,,,
1678,7/29/20 10:00,6.458,,,,
1679,7/29/20 11:00,6.509,,,,
1680,7/29/20 12:00,6.687,,,,
1681,7/29/20 13:00,6.889,,,,
1682,7/29/20 14:00,7.217,,,,
1683,7/29/20 15:00,7.519,,,,
1684,7/29/20 16:00,7.795,,,,
1685,7/29/20 17:00,8.045,,,,
1686,7/29/20 18:00,8.145,,,,
1687,7/29/20 19:00,8.245,,,,
1688,7/29/20 20:00,8.295,,,,
1689,7/29/20 21:00,8.319,,,,
1690,7/29/20 22:00,8.295,,,,
1691,7/29/20 23:00,8.22,,,,
1692,7/30/20 0:00,8.12,,,,
1693,7/30/20 1:00,7.995,,,,
1694,7/30/20 2:00,7.87,,,,
1695,7/30/20 3:00,7.745,,,,
1696,7/30/20 4:00,7.594,,,,
1697,7/30/20 5:00,7.444,,,,
1698,7/30/20 6:00,7.318,,,,
1699,7/30/20 7:00,7.167,,,,
1700,7/30/20 8:00,7.066,,,,
1701,7/30/20 9:00,7.066,,,,
1702,7/30/20 10:00,7.091,,,,
1703,7/30/20 11:00,7.142,,,,
1704,7/30/20 12:00,7.268,,,,
1705,7/30/20 13:00,7.444,,,,
1706,7/30/20 14:00,7.695,,,,
1707,7/30/20 15:00,8.02,,,,
1708,7/30/20 16:00,8.319,,,,
1709,7/30/20 17:00,8.643,,,,
1710,7/30/20 18:00,8.916,,,,
1711,7/30/20 19:00,9.114,,,,
1712,7/30/20 20:00,9.238,,,,
1713,7/30/20 21:00,9.262,,,,
1714,7/30/20 22:00,9.213,,,,
1715,7/30/20 23:00,9.114,,,,
1716,7/31/20 0:00,8.99,,,,
1717,7/31/20 1:00,8.866,,,,
1718,7/31/20 2:00,8.717,,,,
1719,7/31/20 3:00,8.543,,,,
1720,7/31/20 4:00,8.344,,,,
1721,7/31/20 5:00,8.12,,,,
1722,7/31/20 6:00,7.92,,,,
1723,7/31/20 7:00,7.745,,,,
1724,7/31/20 8:00,7.619,,,,
1725,7/31/20 9:00,7.594,,,,
1726,7/31/20 10:00,7.67,,,,
1727,7/31/20 11:00,7.77,,,,
1728,7/31/20 12:00,7.895,,,,
1729,7/31/20 13:00,8.145,,,,
1730,7/31/20 14:00,8.444,,,,
1731,7/31/20 15:00,8.618,,,,
1732,7/31/20 16:00,8.817,,,,
1733,7/31/20 17:00,8.891,,,,
1734,7/31/20 18:00,9.015,,,,
1735,7/31/20 19:00,9.089,,,,
1736,7/31/20 20:00,9.089,,,,
1737,7/31/20 21:00,9.089,,,,
1738,7/31/20 22:00,9.015,,,,
1739,7/31/20 23:00,8.891,,,,
1740,8/1/20 0:00,8.742,,,,
1741,8/1/20 1:00,8.593,,,,
1742,8/1/20 2:00,8.444,,,,
1743,8/1/20 3:00,8.27,,,,
1744,8/1/20 4:00,8.12,,,,
1745,8/1/20 5:00,7.945,,,,
1746,8/1/20 6:00,7.845,,,,
1747,8/1/20 7:00,7.72,,,,
1748,8/1/20 8:00,7.67,,,,
1749,8/1/20 9:00,7.72,,,,
1750,8/1/20 10:00,7.745,,,,
1751,8/1/20 11:00,7.92,,,,
1752,8/1/20 12:00,8.145,,,,
1753,8/1/20 13:00,8.444,,,,
1754,8/1/20 14:00,8.792,,,,
1755,8/1/20 15:00,8.99,,,,
1756,8/1/20 16:00,9.188,,,,
1757,8/1/20 17:00,9.312,,,,
1758,8/1/20 18:00,9.41,,,,
1759,8/1/20 19:00,9.435,,,,
1760,8/1/20 20:00,9.41,,,,
1761,8/1/20 21:00,9.41,,,,
1762,8/1/20 22:00,9.312,,,,
1763,8/1/20 23:00,9.262,,,,
1764,8/2/20 0:00,9.213,,,,
1765,8/2/20 1:00,9.089,,,,
1766,8/2/20 2:00,8.965,,,,
1767,8/2/20 3:00,8.841,,,,
1768,8/2/20 4:00,8.717,,,,
1769,8/2/20 5:00,8.593,,,,
1770,8/2/20 6:00,8.469,,,,
1771,8/2/20 7:00,8.394,,,,
1772,8/2/20 8:00,8.295,,,,
1773,8/2/20 9:00,8.344,,,,
1774,8/2/20 10:00,8.444,,,,
1775,8/2/20 11:00,8.469,,,,
1776,8/2/20 12:00,8.494,,,,
1777,8/2/20 13:00,8.693,,,,
1778,8/2/20 14:00,8.841,,,,
1779,8/2/20 15:00,9.015,,,,
1780,8/2/20 16:00,9.238,,,,
1781,8/2/20 17:00,9.41,,,,
1782,8/2/20 18:00,9.509,,,,
1783,8/2/20 19:00,9.534,,,,
1784,8/2/20 20:00,9.509,,,,
1785,8/2/20 21:00,9.435,,,,
1786,8/2/20 22:00,9.312,,,,
1787,8/2/20 23:00,9.139,,,,
1788,8/3/20 0:00,8.965,,,,
1789,8/3/20 1:00,8.817,,,,
1790,8/3/20 2:00,8.643,,,,
1791,8/3/20 3:00,8.469,,,,
1792,8/3/20 4:00,8.295,,,,
1793,8/3/20 5:00,8.145,,,,
1794,8/3/20 6:00,7.97,,,,
1795,8/3/20 7:00,7.795,,,,
1796,8/3/20 8:00,7.67,,,,
1797,8/3/20 9:00,7.569,,,,
1798,8/3/20 10:00,7.494,,,,
1799,8/3/20 11:00,7.419,,,,
1800,8/3/20 12:00,7.368,,,,
1801,8/3/20 13:00,7.318,,,,
1802,8/3/20 14:00,7.293,,,,
1803,8/3/20 15:00,7.343,,,,
1804,8/3/20 16:00,7.419,,,,
1805,8/3/20 17:00,7.469,,,,
1806,8/3/20 18:00,7.544,,,,
1807,8/3/20 19:00,7.619,,,,
1808,8/3/20 20:00,7.695,,,,
1809,8/3/20 21:00,7.645,,,,
1810,8/3/20 22:00,7.594,,,,
1811,8/3/20 23:00,7.544,,,,
1812,8/4/20 0:00,7.444,,,,
1813,8/4/20 1:00,7.343,,,,
1814,8/4/20 2:00,7.268,,,,
1815,8/4/20 3:00,7.192,,,,
1816,8/4/20 4:00,7.091,,,,
1817,8/4/20 5:00,7.015,,,,
1818,8/4/20 6:00,6.914,,,,
1819,8/4/20 7:00,6.839,,,,
1820,8/4/20 8:00,6.788,,,,
1821,8/4/20 9:00,6.763,,,,
1822,8/4/20 10:00,6.763,,,,
1823,8/4/20 11:00,6.737,,,,
1824,8/4/20 12:00,6.737,,,,
1825,8/4/20 13:00,6.94,,,,
1826,8/4/20 14:00,7.091,,,,
1827,8/4/20 15:00,7.444,,,,
1828,8/4/20 16:00,7.619,,,,
1829,8/4/20 17:00,7.845,,,,
1830,8/4/20 18:00,7.87,,,,
1831,8/4/20 19:00,7.645,,,,
1832,8/4/20 20:00,7.594,,,,
1833,8/4/20 21:00,7.619,,,,
1834,8/4/20 22:00,7.619,,,,
1835,8/4/20 23:00,7.594,,,,
1836,8/5/20 0:00,7.494,,,,
1837,8/5/20 1:00,7.343,,,,
1838,8/5/20 2:00,7.268,,,,
1839,8/5/20 3:00,7.217,,,,
1840,8/5/20 4:00,7.142,,,,
1841,8/5/20 5:00,7.015,,,,
1842,8/5/20 6:00,6.914,,,,
1843,8/5/20 7:00,6.788,,,,
1844,8/5/20 8:00,6.661,,,,
1845,8/5/20 9:00,6.585,,,,
1846,8/5/20 10:00,6.611,,,,
1847,8/5/20 11:00,6.788,,,,
1848,8/5/20 12:00,7.015,,,,
1849,8/5/20 13:00,7.293,,,,
1850,8/5/20 14:00,7.619,,,,
1851,8/5/20 15:00,7.895,,,,
1852,8/5/20 16:00,8.22,,,,
1853,8/5/20 17:00,8.394,,,,
1854,8/5/20 18:00,8.543,,,,
1855,8/5/20 19:00,8.792,,,,
1856,8/5/20 20:00,8.941,,,,
1857,8/5/20 21:00,9.064,,,,
1858,8/5/20 22:00,9.015,,,,
1859,8/5/20 23:00,8.866,,,,
1860,8/6/20 0:00,8.717,,,,
1861,8/6/20 1:00,8.593,,,,
1862,8/6/20 2:00,8.444,,,,
1863,8/6/20 3:00,8.22,,,,
1864,8/6/20 4:00,7.97,,,,
1865,8/6/20 5:00,7.695,,,,
1866,8/6/20 6:00,7.444,,,,
1867,8/6/20 7:00,7.242,,,,
1868,8/6/20 8:00,7.091,,,,
1869,8/6/20 9:00,7.041,,,,
1870,8/6/20 10:00,7.041,,,,
1871,8/6/20 11:00,7.167,,,,
1872,8/6/20 12:00,7.343,,,,
1873,8/6/20 13:00,7.619,,,,
1874,8/6/20 14:00,7.97,,,,
1875,8/6/20 15:00,8.195,,,,
1876,8/6/20 16:00,8.369,,,,
1877,8/6/20 17:00,8.419,,,,
1878,8/6/20 18:00,8.394,,,,
1879,8/6/20 19:00,8.344,,,,
1880,8/6/20 20:00,8.27,,,,
1881,8/6/20 21:00,8.12,,,,
1882,8/6/20 22:00,8.02,,,,
1883,8/6/20 23:00,7.945,,,,
1884,8/7/20 0:00,7.92,,,,
1885,8/7/20 1:00,7.845,,,,
1886,8/7/20 2:00,7.77,,,,
1887,8/7/20 3:00,7.619,,,,
1888,8/7/20 4:00,7.469,,,,
1889,8/7/20 5:00,7.343,,,,
1890,8/7/20 6:00,7.192,,,,
1891,8/7/20 7:00,7.091,,,,
1892,8/7/20 8:00,6.99,,,,
1893,8/7/20 9:00,6.94,,,,
1894,8/7/20 10:00,7.015,,,,
1895,8/7/20 11:00,7.066,,,,
1896,8/7/20 12:00,7.217,,,,
1897,8/7/20 13:00,7.519,,,,
1898,8/7/20 14:00,7.87,,,,
1899,8/7/20 15:00,8.195,,,,
1900,8/7/20 16:00,8.519,,,,
1901,8/7/20 17:00,8.841,,,,
1902,8/7/20 18:00,9.089,,,,
1903,8/7/20 19:00,9.213,,,,
1904,8/7/20 20:00,9.287,,,,
1905,8/7/20 21:00,9.262,,,,
1906,8/7/20 22:00,9.188,,,,
1907,8/7/20 23:00,9.064,,,,
1908,8/8/20 0:00,8.891,,,,
1909,8/8/20 1:00,8.693,,,,
1910,8/8/20 2:00,8.444,,,,
1911,8/8/20 3:00,8.245,,,,
1912,8/8/20 4:00,8.045,,,,
1913,8/8/20 5:00,7.845,,,,
1914,8/8/20 6:00,7.569,,,,
1915,8/8/20 7:00,7.368,,,,
1916,8/8/20 8:00,7.242,,,,
1917,8/8/20 9:00,7.091,,,,
1918,8/8/20 10:00,7.015,,,,
1919,8/8/20 11:00,7.066,,,,
1920,8/8/20 12:00,7.091,,,,
1921,8/8/20 13:00,7.318,,,,
1922,8/8/20 14:00,7.494,,,,
1923,8/8/20 15:00,7.619,,,,
1924,8/8/20 16:00,8.045,,,,
1925,8/8/20 17:00,8.295,,,,
1926,8/8/20 18:00,8.643,,,,
1927,8/8/20 19:00,8.767,,,,
1928,8/8/20 20:00,8.717,,,,
1929,8/8/20 21:00,8.693,,,,
1930,8/8/20 22:00,8.494,,,,
1931,8/8/20 23:00,8.369,,,,
1932,8/9/20 0:00,8.245,,,,
1933,8/9/20 1:00,8.045,,,,
1934,8/9/20 2:00,7.845,,,,
1935,8/9/20 3:00,7.645,,,,
1936,8/9/20 4:00,7.494,,,,
1937,8/9/20 5:00,7.343,,,,
1938,8/9/20 6:00,7.167,,,,
1939,8/9/20 7:00,6.99,,,,
1940,8/9/20 8:00,6.839,,,,
1941,8/9/20 9:00,6.737,,,,
1942,8/9/20 10:00,6.712,,,,
1943,8/9/20 11:00,6.889,,,,
1944,8/9/20 12:00,6.94,,,,
1945,8/9/20 13:00,7.318,,,,
1946,8/9/20 14:00,7.645,,,,
1947,8/9/20 15:00,7.97,,,,
1948,8/9/20 16:00,8.195,,,,
1949,8/9/20 17:00,8.618,,,,
1950,8/9/20 18:00,8.941,,,,
1951,8/9/20 19:00,8.99,,,,
1952,8/9/20 20:00,8.693,,,,
1953,8/9/20 21:00,8.444,,,,
1954,8/9/20 22:00,8.369,,,,
1955,8/9/20 23:00,8.27,,,,
1956,8/10/20 0:00,8.17,,,,
1957,8/10/20 1:00,8.095,,,,
1958,8/10/20 2:00,8.02,,,,
1959,8/10/20 3:00,7.945,,,,
1960,8/10/20 4:00,7.82,,,,
1961,8/10/20 5:00,7.645,,,,
1962,8/10/20 6:00,7.519,,,,
1963,8/10/20 7:00,7.393,,,,
1964,8/10/20 8:00,7.293,,,,
1965,8/10/20 9:00,7.242,,,,
1966,8/10/20 10:00,7.192,,,,
1967,8/10/20 11:00,7.167,,,,
1968,8/10/20 12:00,7.192,,,,
1969,8/10/20 13:00,7.217,,,,
1970,8/10/20 14:00,7.217,,,,
1971,8/10/20 15:00,7.293,,,,
1972,8/10/20 16:00,7.494,,,,
1973,8/10/20 17:00,7.72,,,,
1974,8/10/20 18:00,7.845,,,,
1975,8/10/20 19:00,7.945,,,,
1976,8/10/20 20:00,7.97,,,,
1977,8/10/20 21:00,7.945,,,,
1978,8/10/20 22:00,7.895,,,,
1979,8/10/20 23:00,7.795,,,,
1980,8/11/20 0:00,7.695,,,,
1981,8/11/20 1:00,7.594,,,,
1982,8/11/20 2:00,7.469,,,,
1983,8/11/20 3:00,7.343,,,,
1984,8/11/20 4:00,7.217,,,,
1985,8/11/20 5:00,7.066,,,,
1986,8/11/20 6:00,6.94,,,,
1987,8/11/20 7:00,6.839,,,,
1988,8/11/20 8:00,6.763,,,,
1989,8/11/20 9:00,6.712,,,,
1990,8/11/20 10:00,6.712,,,,
1991,8/11/20 11:00,6.737,,,,
1992,8/11/20 12:00,6.813,,,,
1993,8/11/20 13:00,6.965,,,,
1994,8/11/20 14:00,7.091,,,,
1995,8/11/20 15:00,7.192,,,,
1996,8/11/20 16:00,7.343,,,,
1997,8/11/20 17:00,7.419,,,,
1998,8/11/20 18:00,7.444,,,,
1999,8/11/20 19:00,7.494,,,,
2000,8/11/20 20:00,7.494,,,,
2001,8/11/20 21:00,7.444,,,,
2002,8/11/20 22:00,7.318,,,,
2003,8/11/20 23:00,7.217,,,,
2004,8/12/20 0:00,7.142,,,,
2005,8/12/20 1:00,7.066,,,,
2006,8/12/20 2:00,6.99,,,,
2007,8/12/20 3:00,6.94,,,,
2008,8/12/20 4:00,6.839,,,,
2009,8/12/20 5:00,6.737,,,,
2010,8/12/20 6:00,6.661,,,,
2011,8/12/20 7:00,6.585,,,,
2012,8/12/20 8:00,6.535,,,,
2013,8/12/20 9:00,6.484,,,,
2014,8/12/20 10:00,6.484,,,,
2015,8/12/20 11:00,6.535,,,,
2016,8/12/20 12:00,6.661,,,,
2017,8/12/20 13:00,6.763,,,,
2018,8/12/20 14:00,6.839,,,,
2019,8/12/20 15:00,7.015,,,,
2020,8/12/20 16:00,7.242,,,,
2021,8/12/20 17:00,7.217,,,,
2022,8/12/20 18:00,7.242,,,,
2023,8/12/20 19:00,7.318,,,,
2024,8/12/20 20:00,7.368,,,,
2025,8/12/20 21:00,7.343,,,,
2026,8/12/20 22:00,7.293,,,,
2027,8/12/20 23:00,7.242,,,,
2028,8/13/20 0:00,7.142,,,,
2029,8/13/20 1:00,7.041,,,,
2030,8/13/20 2:00,6.94,,,,
2031,8/13/20 3:00,6.813,,,,
2032,8/13/20 4:00,6.737,,,,
2033,8/13/20 5:00,6.661,,,,
2034,8/13/20 6:00,6.509,,,,
2035,8/13/20 7:00,6.382,,,,
2036,8/13/20 8:00,6.306,,,,
2037,8/13/20 9:00,6.281,,,,
2038,8/13/20 10:00,6.281,,,,
2039,8/13/20 11:00,6.331,,,,
2040,8/13/20 12:00,6.535,,,,
2041,8/13/20 13:00,6.839,,,,
2042,8/13/20 14:00,7.167,,,,
2043,8/13/20 15:00,7.419,,,,
2044,8/13/20 16:00,7.494,,,,
2045,8/13/20 17:00,7.77,,,,
2046,8/13/20 18:00,7.92,,,,
2047,8/13/20 19:00,7.995,,,,
2048,8/13/20 20:00,8.095,,,,
2049,8/13/20 21:00,8.045,,,,
2050,8/13/20 22:00,7.87,,,,
2051,8/13/20 23:00,7.72,,,,
2052,8/14/20 0:00,7.594,,,,
2053,8/14/20 1:00,7.469,,,,
2054,8/14/20 2:00,7.293,,,,
2055,8/14/20 3:00,7.116,,,,
2056,8/14/20 4:00,6.94,,,,
2057,8/14/20 5:00,6.737,,,,
2058,8/14/20 6:00,6.56,,,,
2059,8/14/20 7:00,6.408,,,,
2060,8/14/20 8:00,6.281,,,,
2061,8/14/20 9:00,6.23,,,,
2062,8/14/20 10:00,6.23,,,,
2063,8/14/20 11:00,6.306,,,,
2064,8/14/20 12:00,6.433,,,,
2065,8/14/20 13:00,6.636,,,,
2066,8/14/20 14:00,6.914,,,,
2067,8/14/20 15:00,7.167,,,,
2068,8/14/20 16:00,7.469,,,,
2069,8/14/20 17:00,7.695,,,,
2070,8/14/20 18:00,7.845,,,,
2071,8/14/20 19:00,7.97,,,,
2072,8/14/20 20:00,8.095,,,,
2073,8/14/20 21:00,8.095,,,,
2074,8/14/20 22:00,7.97,,,,
2075,8/14/20 23:00,7.895,,,,
2076,8/15/20 0:00,7.795,,,,
2077,8/15/20 1:00,7.67,,,,
2078,8/15/20 2:00,7.519,,,,
2079,8/15/20 3:00,7.393,,,,
2080,8/15/20 4:00,7.242,,,,
2081,8/15/20 5:00,7.066,,,,
2082,8/15/20 6:00,6.914,,,,
2083,8/15/20 7:00,6.763,,,,
2084,8/15/20 8:00,6.661,,,,
2085,8/15/20 9:00,6.611,,,,
2086,8/15/20 10:00,6.712,,,,
2087,8/15/20 11:00,6.788,,,,
2088,8/15/20 12:00,6.864,,,,
2089,8/15/20 13:00,6.99,,,,
2090,8/15/20 14:00,7.343,,,,
2091,8/15/20 15:00,7.594,,,,
2092,8/15/20 16:00,7.77,,,,
2093,8/15/20 17:00,7.945,,,,
2094,8/15/20 18:00,8.245,,,,
2095,8/15/20 19:00,8.394,,,,
2096,8/15/20 20:00,8.295,,,,
2097,8/15/20 21:00,8.195,,,,
2098,8/15/20 22:00,8.07,,,,
2099,8/15/20 23:00,8.045,,,,
2100,8/16/20 0:00,7.895,,,,
2101,8/16/20 1:00,7.72,,,,
2102,8/16/20 2:00,7.569,,,,
2103,8/16/20 3:00,7.393,,,,
2104,8/16/20 4:00,7.217,,,,
2105,8/16/20 5:00,7.041,,,,
2106,8/16/20 6:00,6.839,,,,
2107,8/16/20 7:00,6.687,,,,
2108,8/16/20 8:00,6.56,,,,
2109,8/16/20 9:00,6.509,,,,
2110,8/16/20 10:00,6.535,,,,
2111,8/16/20 11:00,6.636,,,,
2112,8/16/20 12:00,6.813,,,,
2113,8/16/20 13:00,7.041,,,,
2114,8/16/20 14:00,7.293,,,,
2115,8/16/20 15:00,7.569,,,,
2116,8/16/20 16:00,7.87,,,,
2117,8/16/20 17:00,8.145,,,,
2118,8/16/20 18:00,8.344,,,,
2119,8/16/20 19:00,8.394,,,,
2120,8/16/20 20:00,8.444,,,,
2121,8/16/20 21:00,8.394,,,,
2122,8/16/20 22:00,8.27,,,,
2123,8/16/20 23:00,8.145,,,,
2124,8/17/20 0:00,7.995,,,,
2125,8/17/20 1:00,7.845,,,,
2126,8/17/20 2:00,7.695,,,,
2127,8/17/20 3:00,7.519,,,,
2128,8/17/20 4:00,7.343,,,,
2129,8/17/20 5:00,7.142,,,,
2130,8/17/20 6:00,6.94,,,,
2131,8/17/20 7:00,6.737,,,,
2132,8/17/20 8:00,6.56,,,,
2133,8/17/20 9:00,6.509,,,,
2134,8/17/20 10:00,6.535,,,,
2135,8/17/20 11:00,6.687,,,,
2136,8/17/20 12:00,6.889,,,,
2137,8/17/20 13:00,7.116,,,,
2138,8/17/20 14:00,7.419,,,,
2139,8/17/20 15:00,7.695,,,,
2140,8/17/20 16:00,7.995,,,,
2141,8/17/20 17:00,8.369,,,,
2142,8/17/20 18:00,8.543,,,,
2143,8/17/20 19:00,8.643,,,,
2144,8/17/20 20:00,8.643,,,,
2145,8/17/20 21:00,8.568,,,,
2146,8/17/20 22:00,8.444,,,,
2147,8/17/20 23:00,8.27,,,,
2148,8/18/20 0:00,8.095,,,,
2149,8/18/20 1:00,7.92,,,,
2150,8/18/20 2:00,7.77,,,,
2151,8/18/20 3:00,7.619,,,,
2152,8/18/20 4:00,7.444,,,,
2153,8/18/20 5:00,7.242,,,,
2154,8/18/20 6:00,7.015,,,,
2155,8/18/20 7:00,6.788,,,,
2156,8/18/20 8:00,6.636,,,,
2157,8/18/20 9:00,6.56,,,,
2158,8/18/20 10:00,6.611,,,,
2159,8/18/20 11:00,6.737,,,,
2160,8/18/20 12:00,6.94,,,,
2161,8/18/20 13:00,7.192,,,,
2162,8/18/20 14:00,7.494,,,,
2163,8/18/20 15:00,7.695,,,,
2164,8/18/20 16:00,7.945,,,,
2165,8/18/20 17:00,8.145,,,,
2166,8/18/20 18:00,8.319,,,,
2167,8/18/20 19:00,8.319,,,,
2168,8/18/20 20:00,8.295,,,,
2169,8/18/20 21:00,8.12,,,,
2170,8/18/20 22:00,7.97,,,,
2171,8/18/20 23:00,7.87,,,,
2172,8/19/20 0:00,7.695,,,,
2173,8/19/20 1:00,7.569,,,,
2174,8/19/20 2:00,7.469,,,,
2175,8/19/20 3:00,7.343,,,,
2176,8/19/20 4:00,7.192,,,,
2177,8/19/20 5:00,7.041,,,,
2178,8/19/20 6:00,6.889,,,,
2179,8/19/20 7:00,6.763,,,,
2180,8/19/20 8:00,6.661,,,,
2181,8/19/20 9:00,6.611,,,,
2182,8/19/20 10:00,6.712,,,,
2183,8/19/20 11:00,6.839,,,,
2184,8/19/20 12:00,7.041,,,,
2185,8/19/20 13:00,7.293,,,,
2186,8/19/20 14:00,7.569,,,,
2187,8/19/20 15:00,7.895,,,,
2188,8/19/20 16:00,8.344,,,,
2189,8/19/20 17:00,8.494,,,,
2190,8/19/20 18:00,8.593,,,,
2191,8/19/20 19:00,8.643,,,,
2192,8/19/20 20:00,8.767,,,,
2193,8/19/20 21:00,8.742,,,,
2194,8/19/20 22:00,8.668,,,,
2195,8/19/20 23:00,8.593,,,,
2196,8/20/20 0:00,8.494,,,,
2197,8/20/20 1:00,8.419,,,,
2198,8/20/20 2:00,8.344,,,,
2199,8/20/20 3:00,8.245,,,,
2200,8/20/20 4:00,8.195,,,,
2201,8/20/20 5:00,8.12,,,,
2202,8/20/20 6:00,7.995,,,,
2203,8/20/20 7:00,7.82,,,,
2204,8/20/20 8:00,7.67,,,,
2205,8/20/20 9:00,7.619,,,,
2206,8/20/20 10:00,7.594,,,,
2207,8/20/20 11:00,7.645,,,,
2208,8/20/20 12:00,7.745,,,,
2209,8/20/20 13:00,8.095,,,,
2210,8/20/20 14:00,8.344,,,,
2211,8/20/20 15:00,8.742,,,,
2212,8/20/20 16:00,8.891,,,,
2213,8/20/20 17:00,8.916,,,,
2214,8/20/20 18:00,8.866,,,,
2215,8/20/20 19:00,8.817,,,,
2216,8/20/20 19:32,,,Logged,,
2217,8/20/20 19:32,,,,Logged,Logged