Plot Title: 10530402,,,,,,
#,"Date Time, GMT-08:00","Temp, °C (LGR S/N: 10530402, SEN S/N: 10530402)",Coupler Detached (LGR S/N: 10530402),Coupler Attached (LGR S/N: 10530402),Stopped (LGR S/N: 10530402),End Of File (LGR S/N: 10530402)
1,7/21/20 12:00,17.011,Logged,,,
2,7/21/20 12:15,16.725,,,,
3,7/21/20 12:30,16.344,,,,
4,7/21/20 12:45,15.986,,,,
5,7/21/20 13:00,15.629,,,,
6,7/21/20 13:15,15.366,,,,
7,7/21/20 13:30,15.008,,,,
8,7/21/20 13:45,13.377,,,,
9,7/21/20 14:00,11.686,,,,
10,7/21/20 14:15,10.883,,,,
11,7/21/20 14:30,10.736,,,,
12,7/21/20 14:45,11.005,,,,
13,7/21/20 15:00,13.81,,,,
14,7/21/20 15:15,13.377,,,,
15,7/21/20 15:30,12.582,,,,
16,7/21/20 15:45,12.534,,,,
17,7/21/20 16:00,12.871,,,,
18,7/21/20 16:15,13.233,,,,
19,7/21/20 16:30,13.522,,,,
20,7/21/20 16:45,13.377,,,,
21,7/21/20 17:00,13.329,,,,
22,7/21/20 17:15,13.353,,,,
23,7/21/20 17:30,13.425,,,,
24,7/21/20 17:45,13.473,,,,
25,7/21/20 18:00,13.329,,,,
26,7/21/20 18:15,13.353,,,,
27,7/21/20 18:30,13.449,,,,
28,7/21/20 18:45,13.425,,,,
29,7/21/20 19:00,13.377,,,,
30,7/21/20 19:15,13.257,,,,
31,7/21/20 19:30,13.185,,,,
32,7/21/20 19:45,13.209,,,,
33,7/21/20 20:00,13.209,,,,
34,7/21/20 20:15,13.233,,,,
35,7/21/20 20:30,13.161,,,,
36,7/21/20 20:45,12.992,,,,
37,7/21/20 21:00,12.751,,,,
38,7/21/20 21:15,12.558,,,,
39,7/21/20 21:30,12.364,,,,
40,7/21/20 21:45,12.171,,,,
41,7/21/20 22:00,12.001,,,,
42,7/21/20 22:15,11.832,,,,
43,7/21/20 22:30,11.686,,,,
44,7/21/20 22:45,11.516,,,,
45,7/21/20 23:00,11.394,,,,
46,7/21/20 23:15,11.297,,,,
47,7/21/20 23:30,11.2,,,,
48,7/21/20 23:45,11.127,,,,
49,7/22/20 0:00,11.053,,,,
50,7/22/20 0:15,10.98,,,,
51,7/22/20 0:30,10.907,,,,
52,7/22/20 0:45,10.834,,,,
53,7/22/20 1:00,10.761,,,,
54,7/22/20 1:15,10.712,,,,
55,7/22/20 1:30,10.663,,,,
56,7/22/20 1:45,10.638,,,,
57,7/22/20 2:00,10.59,,,,
58,7/22/20 2:15,10.565,,,,
59,7/22/20 2:30,10.541,,,,
60,7/22/20 2:45,10.516,,,,
61,7/22/20 3:00,10.492,,,,
62,7/22/20 3:15,10.467,,,,
63,7/22/20 3:30,10.443,,,,
64,7/22/20 3:45,10.418,,,,
65,7/22/20 4:00,10.394,,,,
66,7/22/20 4:15,10.345,,,,
67,7/22/20 4:30,10.32,,,,
68,7/22/20 4:45,10.271,,,,
69,7/22/20 5:00,10.247,,,,
70,7/22/20 5:15,10.222,,,,
71,7/22/20 5:30,10.198,,,,
72,7/22/20 5:45,10.198,,,,
73,7/22/20 6:00,10.222,,,,
74,7/22/20 6:15,10.247,,,,
75,7/22/20 6:30,10.296,,,,
76,7/22/20 6:45,10.345,,,,
77,7/22/20 7:00,10.394,,,,
78,7/22/20 7:15,10.443,,,,
79,7/22/20 7:30,10.516,,,,
80,7/22/20 7:45,10.59,,,,
81,7/22/20 8:00,10.687,,,,
82,7/22/20 8:15,10.81,,,,
83,7/22/20 8:30,10.907,,,,
84,7/22/20 8:45,11.078,,,,
85,7/22/20 9:00,11.297,,,,
86,7/22/20 9:15,11.783,,,,
87,7/22/20 9:30,12.34,,,,
88,7/22/20 9:45,12.847,,,,
89,7/22/20 10:00,13.281,,,,
90,7/22/20 10:15,13.449,,,,
91,7/22/20 10:30,13.978,,,,
92,7/22/20 10:45,14.721,,,,
93,7/22/20 11:00,15.939,,,,
94,7/22/20 11:15,16.606,,,,
95,7/22/20 11:30,17.153,,,,
96,7/22/20 11:45,17.724,,,,
97,7/22/20 12:00,17.867,,,,
98,7/22/20 12:15,17.748,,,,
99,7/22/20 12:30,18.604,,,,
100,7/22/20 12:45,19.318,,,,
101,7/22/20 13:00,20.15,,,,
102,7/22/20 13:15,20.126,,,,
103,7/22/20 13:30,19.912,,,,
104,7/22/20 13:45,20.841,,,,
105,7/22/20 14:00,22.178,,,,
106,7/22/20 14:15,22.417,,,,
107,7/22/20 14:30,21.652,,,,
108,7/22/20 14:45,18.842,,,,
109,7/22/20 15:00,18.557,,,,
110,7/22/20 15:15,18.39,,,,
111,7/22/20 15:30,19.746,,,,
112,7/22/20 15:45,20.388,,,,
113,7/22/20 16:00,20.222,,,,
114,7/22/20 16:15,19.651,,,,
115,7/22/20 16:30,19.746,,,,
116,7/22/20 16:45,20.722,,,,
117,7/22/20 17:00,20.531,,,,
118,7/22/20 17:15,19.722,,,,
119,7/22/20 17:30,19.27,,,,
120,7/22/20 17:45,18.604,,,,
121,7/22/20 18:00,18.105,,,,
122,7/22/20 18:15,17.724,,,,
123,7/22/20 18:30,17.439,,,,
124,7/22/20 18:45,17.106,,,,
125,7/22/20 19:00,16.82,,,,
126,7/22/20 19:15,16.654,,,,
127,7/22/20 19:30,16.582,,,,
128,7/22/20 19:45,16.439,,,,
129,7/22/20 20:00,16.272,,,,
130,7/22/20 20:15,16.129,,,,
131,7/22/20 20:30,16.034,,,,
132,7/22/20 20:45,15.939,,,,
133,7/22/20 21:00,15.843,,,,
134,7/22/20 21:15,15.652,,,,
135,7/22/20 21:30,15.438,,,,
136,7/22/20 21:45,15.247,,,,
137,7/22/20 22:00,15.103,,,,
138,7/22/20 22:15,14.888,,,,
139,7/22/20 22:30,14.697,,,,
140,7/22/20 22:45,14.481,,,,
141,7/22/20 23:00,14.29,,,,
142,7/22/20 23:15,14.05,,,,
143,7/22/20 23:30,13.834,,,,
144,7/22/20 23:45,13.618,,,,
145,7/23/20 0:00,13.377,,,,
146,7/23/20 0:15,13.161,,,,
147,7/23/20 0:30,12.944,,,,
148,7/23/20 0:45,12.775,,,,
149,7/23/20 1:00,12.606,,,,
150,7/23/20 1:15,12.413,,,,
151,7/23/20 1:30,12.195,,,,
152,7/23/20 1:45,11.953,,,,
153,7/23/20 2:00,11.71,,,,
154,7/23/20 2:15,11.516,,,,
155,7/23/20 2:30,11.394,,,,
156,7/23/20 2:45,11.297,,,,
157,7/23/20 3:00,11.248,,,,
158,7/23/20 3:15,11.2,,,,
159,7/23/20 3:30,11.175,,,,
160,7/23/20 3:45,11.175,,,,
161,7/23/20 4:00,11.175,,,,
162,7/23/20 4:15,11.151,,,,
163,7/23/20 4:30,11.127,,,,
164,7/23/20 4:45,11.078,,,,
165,7/23/20 5:00,11.053,,,,
166,7/23/20 5:15,11.029,,,,
167,7/23/20 5:30,11.005,,,,
168,7/23/20 5:45,11.005,,,,
169,7/23/20 6:00,11.005,,,,
170,7/23/20 6:15,11.005,,,,
171,7/23/20 6:30,10.98,,,,
172,7/23/20 6:45,10.98,,,,
173,7/23/20 7:00,11.029,,,,
174,7/23/20 7:15,11.102,,,,
175,7/23/20 7:30,11.2,,,,
176,7/23/20 7:45,11.394,,,,
177,7/23/20 8:00,11.613,,,,
178,7/23/20 8:15,11.856,,,,
179,7/23/20 8:30,12.025,,,,
180,7/23/20 8:45,12.437,,,,
181,7/23/20 9:00,13.233,,,,
182,7/23/20 9:15,13.954,,,,
183,7/23/20 9:30,14.337,,,,
184,7/23/20 9:45,14.529,,,,
185,7/23/20 10:00,14.385,,,,
186,7/23/20 10:15,14.936,,,,
187,7/23/20 10:30,15.342,,,,
188,7/23/20 10:45,15.915,,,,
189,7/23/20 11:00,16.296,,,,
190,7/23/20 11:15,16.487,,,,
191,7/23/20 11:30,16.987,,,,
192,7/23/20 11:45,17.748,,,,
193,7/23/20 12:00,17.605,,,,
194,7/23/20 12:15,18.343,,,,
195,7/23/20 12:30,19.056,,,,
196,7/23/20 12:45,19.127,,,,
197,7/23/20 13:00,20.031,,,,
198,7/23/20 13:15,27.579,,,,
199,7/23/20 13:30,27.776,,,,
200,7/23/20 13:45,26.036,,,,
201,7/23/20 14:00,24.363,,,,
202,7/23/20 14:15,22.968,,,,
203,7/23/20 14:30,22.729,,,,
204,7/23/20 14:45,6.051,,,,
205,7/23/20 15:00,4.869,,,,
206,7/23/20 15:15,4.947,,,,
207,7/23/20 15:30,5.05,,,,
208,7/23/20 15:45,5.154,,,,
209,7/23/20 16:00,5.257,,,,
210,7/23/20 16:15,5.308,,,,
211,7/23/20 16:30,5.411,,,,
212,7/23/20 16:45,5.462,,,,
213,7/23/20 17:00,5.514,,,,
214,7/23/20 17:15,5.591,,,,
215,7/23/20 17:30,5.668,,,,
216,7/23/20 17:45,5.719,,,,
217,7/23/20 18:00,5.745,,,,
218,7/23/20 18:15,5.77,,,,
219,7/23/20 18:30,5.745,,,,
220,7/23/20 18:45,5.77,,,,
221,7/23/20 19:00,5.77,,,,
222,7/23/20 19:15,5.821,,,,
223,7/23/20 19:30,5.821,,,,
224,7/23/20 19:45,5.847,,,,
225,7/23/20 20:00,5.872,,,,
226,7/23/20 20:15,5.872,,,,
227,7/23/20 20:30,5.872,,,,
228,7/23/20 20:45,5.847,,,,
229,7/23/20 21:00,5.847,,,,
230,7/23/20 21:15,5.821,,,,
231,7/23/20 21:30,5.796,,,,
232,7/23/20 21:45,5.745,,,,
233,7/23/20 22:00,5.719,,,,
234,7/23/20 22:15,5.668,,,,
235,7/23/20 22:30,5.616,,,,
236,7/23/20 22:45,5.565,,,,
237,7/23/20 23:00,5.514,,,,
238,7/23/20 23:15,5.437,,,,
239,7/23/20 23:30,5.411,,,,
240,7/23/20 23:45,5.334,,,,
241,7/24/20 0:00,5.257,,,,
242,7/24/20 0:15,5.205,,,,
243,7/24/20 0:30,5.128,,,,
244,7/24/20 0:45,5.076,,,,
245,7/24/20 1:00,4.999,,,,
246,7/24/20 1:15,4.947,,,,
247,7/24/20 1:30,4.869,,,,
248,7/24/20 1:45,4.818,,,,
249,7/24/20 2:00,4.766,,,,
250,7/24/20 2:15,4.714,,,,
251,7/24/20 2:30,4.662,,,,
252,7/24/20 2:45,4.61,,,,
253,7/24/20 3:00,4.558,,,,
254,7/24/20 3:15,4.506,,,,
255,7/24/20 3:30,4.454,,,,
256,7/24/20 3:45,4.402,,,,
257,7/24/20 4:00,4.35,,,,
258,7/24/20 4:15,4.298,,,,
259,7/24/20 4:30,4.246,,,,
260,7/24/20 4:45,4.194,,,,
261,7/24/20 5:00,4.141,,,,
262,7/24/20 5:15,4.089,,,,
263,7/24/20 5:30,4.037,,,,
264,7/24/20 5:45,3.985,,,,
265,7/24/20 6:00,3.958,,,,
266,7/24/20 6:15,3.906,,,,
267,7/24/20 6:30,3.88,,,,
268,7/24/20 6:45,3.854,,,,
269,7/24/20 7:00,3.827,,,,
270,7/24/20 7:15,3.801,,,,
271,7/24/20 7:30,3.801,,,,
272,7/24/20 7:45,3.775,,,,
273,7/24/20 8:00,3.775,,,,
274,7/24/20 8:15,3.775,,,,
275,7/24/20 8:30,3.775,,,,
276,7/24/20 8:45,3.775,,,,
277,7/24/20 9:00,3.801,,,,
278,7/24/20 9:15,3.801,,,,
279,7/24/20 9:30,3.827,,,,
280,7/24/20 9:45,3.854,,,,
281,7/24/20 10:00,3.906,,,,
282,7/24/20 10:15,3.958,,,,
283,7/24/20 10:30,4.011,,,,
284,7/24/20 10:45,4.063,,,,
285,7/24/20 11:00,4.141,,,,
286,7/24/20 11:15,4.194,,,,
287,7/24/20 11:30,4.272,,,,
288,7/24/20 11:45,4.324,,,,
289,7/24/20 12:00,4.428,,,,
290,7/24/20 12:15,4.48,,,,
291,7/24/20 12:30,4.558,,,,
292,7/24/20 12:45,4.61,,,,
293,7/24/20 13:00,4.662,,,,
294,7/24/20 13:15,4.714,,,,
295,7/24/20 13:30,4.74,,,,
296,7/24/20 13:45,4.792,,,,
297,7/24/20 14:00,4.818,,,,
298,7/24/20 14:15,4.844,,,,
299,7/24/20 14:30,4.844,,,,
300,7/24/20 14:45,4.844,,,,
301,7/24/20 15:00,4.844,,,,
302,7/24/20 15:15,4.844,,,,
303,7/24/20 15:30,4.818,,,,
304,7/24/20 15:45,4.818,,,,
305,7/24/20 16:00,4.818,,,,
306,7/24/20 16:15,4.844,,,,
307,7/24/20 16:30,4.844,,,,
308,7/24/20 16:45,4.869,,,,
309,7/24/20 17:00,4.895,,,,
310,7/24/20 17:15,4.921,,,,
311,7/24/20 17:30,4.947,,,,
312,7/24/20 17:45,4.999,,,,
313,7/24/20 18:00,5.05,,,,
314,7/24/20 18:15,5.076,,,,
315,7/24/20 18:30,5.102,,,,
316,7/24/20 18:45,5.102,,,,
317,7/24/20 19:00,5.128,,,,
318,7/24/20 19:15,5.154,,,,
319,7/24/20 19:30,5.179,,,,
320,7/24/20 19:45,5.154,,,,
321,7/24/20 20:00,5.154,,,,
322,7/24/20 20:15,5.154,,,,
323,7/24/20 20:30,5.128,,,,
324,7/24/20 20:45,5.102,,,,
325,7/24/20 21:00,5.05,,,,
326,7/24/20 21:15,5.05,,,,
327,7/24/20 21:30,4.999,,,,
328,7/24/20 21:45,4.973,,,,
329,7/24/20 22:00,4.947,,,,
330,7/24/20 22:15,4.895,,,,
331,7/24/20 22:30,4.869,,,,
332,7/24/20 22:45,4.818,,,,
333,7/24/20 23:00,4.792,,,,
334,7/24/20 23:15,4.74,,,,
335,7/24/20 23:30,4.688,,,,
336,7/24/20 23:45,4.662,,,,
337,7/25/20 0:00,4.61,,,,
338,7/25/20 0:15,4.584,,,,
339,7/25/20 0:30,4.506,,,,
340,7/25/20 0:45,4.48,,,,
341,7/25/20 1:00,4.428,,,,
342,7/25/20 1:15,4.376,,,,
343,7/25/20 1:30,4.324,,,,
344,7/25/20 1:45,4.272,,,,
345,7/25/20 2:00,4.22,,,,
346,7/25/20 2:15,4.194,,,,
347,7/25/20 2:30,4.168,,,,
348,7/25/20 2:45,4.115,,,,
349,7/25/20 3:00,4.063,,,,
350,7/25/20 3:15,4.037,,,,
351,7/25/20 3:30,3.985,,,,
352,7/25/20 3:45,3.958,,,,
353,7/25/20 4:00,3.906,,,,
354,7/25/20 4:15,3.88,,,,
355,7/25/20 4:30,3.854,,,,
356,7/25/20 4:45,3.801,,,,
357,7/25/20 5:00,3.775,,,,
358,7/25/20 5:15,3.749,,,,
359,7/25/20 5:30,3.696,,,,
360,7/25/20 5:45,3.67,,,,
361,7/25/20 6:00,3.643,,,,
362,7/25/20 6:15,3.617,,,,
363,7/25/20 6:30,3.591,,,,
364,7/25/20 6:45,3.591,,,,
365,7/25/20 7:00,3.564,,,,
366,7/25/20 7:15,3.538,,,,
367,7/25/20 7:30,3.538,,,,
368,7/25/20 7:45,3.538,,,,
369,7/25/20 8:00,3.538,,,,
370,7/25/20 8:15,3.512,,,,
371,7/25/20 8:30,3.538,,,,
372,7/25/20 8:45,3.538,,,,
373,7/25/20 9:00,3.538,,,,
374,7/25/20 9:15,3.538,,,,
375,7/25/20 9:30,3.564,,,,
376,7/25/20 9:45,3.591,,,,
377,7/25/20 10:00,3.617,,,,
378,7/25/20 10:15,3.643,,,,
379,7/25/20 10:30,3.696,,,,
380,7/25/20 10:45,3.749,,,,
381,7/25/20 11:00,3.801,,,,
382,7/25/20 11:15,3.854,,,,
383,7/25/20 11:30,3.906,,,,
384,7/25/20 11:45,3.958,,,,
385,7/25/20 12:00,4.037,,,,
386,7/25/20 12:15,4.089,,,,
387,7/25/20 12:30,4.141,,,,
388,7/25/20 12:45,4.194,,,,
389,7/25/20 13:00,4.272,,,,
390,7/25/20 13:15,4.324,,,,
391,7/25/20 13:30,4.376,,,,
392,7/25/20 13:45,4.428,,,,
393,7/25/20 14:00,4.506,,,,
394,7/25/20 14:15,4.532,,,,
395,7/25/20 14:30,4.61,,,,
396,7/25/20 14:45,4.688,,,,
397,7/25/20 15:00,4.74,,,,
398,7/25/20 15:15,4.818,,,,
399,7/25/20 15:30,4.921,,,,
400,7/25/20 15:45,4.999,,,,
401,7/25/20 16:00,5.102,,,,
402,7/25/20 16:15,5.154,,,,
403,7/25/20 16:30,5.231,,,,
404,7/25/20 16:45,5.308,,,,
405,7/25/20 17:00,5.36,,,,
406,7/25/20 17:15,5.411,,,,
407,7/25/20 17:30,5.437,,,,
408,7/25/20 17:45,5.462,,,,
409,7/25/20 18:00,5.462,,,,
410,7/25/20 18:15,5.488,,,,
411,7/25/20 18:30,5.514,,,,
412,7/25/20 18:45,5.514,,,,
413,7/25/20 19:00,5.539,,,,
414,7/25/20 19:15,5.539,,,,
415,7/25/20 19:30,5.565,,,,
416,7/25/20 19:45,5.565,,,,
417,7/25/20 20:00,5.565,,,,
418,7/25/20 20:15,5.565,,,,
419,7/25/20 20:30,5.565,,,,
420,7/25/20 20:45,5.565,,,,
421,7/25/20 21:00,5.565,,,,
422,7/25/20 21:15,5.565,,,,
423,7/25/20 21:30,5.539,,,,
424,7/25/20 21:45,5.514,,,,
425,7/25/20 22:00,5.488,,,,
426,7/25/20 22:15,5.462,,,,
427,7/25/20 22:30,5.411,,,,
428,7/25/20 22:45,5.385,,,,
429,7/25/20 23:00,5.36,,,,
430,7/25/20 23:15,5.308,,,,
431,7/25/20 23:30,5.257,,,,
432,7/25/20 23:45,5.205,,,,
433,7/26/20 0:00,5.128,,,,
434,7/26/20 0:15,5.05,,,,
435,7/26/20 0:30,4.999,,,,
436,7/26/20 0:45,4.947,,,,
437,7/26/20 1:00,4.869,,,,
438,7/26/20 1:15,4.792,,,,
439,7/26/20 1:30,4.714,,,,
440,7/26/20 1:45,4.662,,,,
441,7/26/20 2:00,4.584,,,,
442,7/26/20 2:15,4.506,,,,
443,7/26/20 2:30,4.454,,,,
444,7/26/20 2:45,4.376,,,,
445,7/26/20 3:00,4.324,,,,
446,7/26/20 3:15,4.272,,,,
447,7/26/20 3:30,4.22,,,,
448,7/26/20 3:45,4.168,,,,
449,7/26/20 4:00,4.115,,,,
450,7/26/20 4:15,4.063,,,,
451,7/26/20 4:30,4.011,,,,
452,7/26/20 4:45,3.958,,,,
453,7/26/20 5:00,3.932,,,,
454,7/26/20 5:15,3.88,,,,
455,7/26/20 5:30,3.827,,,,
456,7/26/20 5:45,3.801,,,,
457,7/26/20 6:00,3.749,,,,
458,7/26/20 6:15,3.696,,,,
459,7/26/20 6:30,3.67,,,,
460,7/26/20 6:45,3.643,,,,
461,7/26/20 7:00,3.591,,,,
462,7/26/20 7:15,3.591,,,,
463,7/26/20 7:30,3.564,,,,
464,7/26/20 7:45,3.564,,,,
465,7/26/20 8:00,3.564,,,,
466,7/26/20 8:15,3.591,,,,
467,7/26/20 8:30,3.617,,,,
468,7/26/20 8:45,3.643,,,,
469,7/26/20 9:00,3.696,,,,
470,7/26/20 9:15,3.749,,,,
471,7/26/20 9:30,3.827,,,,
472,7/26/20 9:45,3.88,,,,
473,7/26/20 10:00,3.958,,,,
474,7/26/20 10:15,4.037,,,,
475,7/26/20 10:30,4.115,,,,
476,7/26/20 10:45,4.22,,,,
477,7/26/20 11:00,4.35,,,,
478,7/26/20 11:15,4.48,,,,
479,7/26/20 11:30,4.584,,,,
480,7/26/20 11:45,4.662,,,,
481,7/26/20 12:00,4.792,,,,
482,7/26/20 12:15,4.895,,,,
483,7/26/20 12:30,5.05,,,,
484,7/26/20 12:45,5.205,,,,
485,7/26/20 13:00,5.308,,,,
486,7/26/20 13:15,5.385,,,,
487,7/26/20 13:30,5.462,,,,
488,7/26/20 13:45,5.539,,,,
489,7/26/20 14:00,5.591,,,,
490,7/26/20 14:15,5.616,,,,
491,7/26/20 14:30,5.616,,,,
492,7/26/20 14:45,5.565,,,,
493,7/26/20 15:00,5.539,,,,
494,7/26/20 15:15,5.514,,,,
495,7/26/20 15:30,5.462,,,,
496,7/26/20 15:45,5.437,,,,
497,7/26/20 16:00,5.437,,,,
498,7/26/20 16:15,5.462,,,,
499,7/26/20 16:30,5.514,,,,
500,7/26/20 16:45,5.565,,,,
501,7/26/20 17:00,5.616,,,,
502,7/26/20 17:15,5.693,,,,
503,7/26/20 17:30,5.77,,,,
504,7/26/20 17:45,5.847,,,,
505,7/26/20 18:00,5.949,,,,
506,7/26/20 18:15,6,,,,
507,7/26/20 18:30,6.051,,,,
508,7/26/20 18:45,6.077,,,,
509,7/26/20 19:00,6.128,,,,
510,7/26/20 19:15,6.128,,,,
511,7/26/20 19:30,6.102,,,,
512,7/26/20 19:45,6.102,,,,
513,7/26/20 20:00,6.077,,,,
514,7/26/20 20:15,6.051,,,,
515,7/26/20 20:30,6.026,,,,
516,7/26/20 20:45,5.975,,,,
517,7/26/20 21:00,5.924,,,,
518,7/26/20 21:15,5.872,,,,
519,7/26/20 21:30,5.821,,,,
520,7/26/20 21:45,5.796,,,,
521,7/26/20 22:00,5.745,,,,
522,7/26/20 22:15,5.693,,,,
523,7/26/20 22:30,5.616,,,,
524,7/26/20 22:45,5.565,,,,
525,7/26/20 23:00,5.514,,,,
526,7/26/20 23:15,5.462,,,,
527,7/26/20 23:30,5.411,,,,
528,7/26/20 23:45,5.36,,,,
529,7/27/20 0:00,5.308,,,,
530,7/27/20 0:15,5.257,,,,
531,7/27/20 0:30,5.205,,,,
532,7/27/20 0:45,5.154,,,,
533,7/27/20 1:00,5.102,,,,
534,7/27/20 1:15,5.024,,,,
535,7/27/20 1:30,4.973,,,,
536,7/27/20 1:45,4.921,,,,
537,7/27/20 2:00,4.844,,,,
538,7/27/20 2:15,4.792,,,,
539,7/27/20 2:30,4.74,,,,
540,7/27/20 2:45,4.688,,,,
541,7/27/20 3:00,4.636,,,,
542,7/27/20 3:15,4.584,,,,
543,7/27/20 3:30,4.532,,,,
544,7/27/20 3:45,4.454,,,,
545,7/27/20 4:00,4.428,,,,
546,7/27/20 4:15,4.376,,,,
547,7/27/20 4:30,4.324,,,,
548,7/27/20 4:45,4.298,,,,
549,7/27/20 5:00,4.246,,,,
550,7/27/20 5:15,4.194,,,,
551,7/27/20 5:30,4.168,,,,
552,7/27/20 5:45,4.141,,,,
553,7/27/20 6:00,4.089,,,,
554,7/27/20 6:15,4.063,,,,
555,7/27/20 6:30,4.037,,,,
556,7/27/20 6:45,4.011,,,,
557,7/27/20 7:00,3.985,,,,
558,7/27/20 7:15,3.958,,,,
559,7/27/20 7:30,3.958,,,,
560,7/27/20 7:45,3.932,,,,
561,7/27/20 8:00,3.906,,,,
562,7/27/20 8:15,3.906,,,,
563,7/27/20 8:30,3.906,,,,
564,7/27/20 8:45,3.906,,,,
565,7/27/20 9:00,3.932,,,,
566,7/27/20 9:15,3.958,,,,
567,7/27/20 9:30,3.958,,,,
568,7/27/20 9:45,3.985,,,,
569,7/27/20 10:00,3.985,,,,
570,7/27/20 10:15,4.011,,,,
571,7/27/20 10:30,4.037,,,,
572,7/27/20 10:45,4.063,,,,
573,7/27/20 11:00,4.063,,,,
574,7/27/20 11:15,4.089,,,,
575,7/27/20 11:30,4.115,,,,
576,7/27/20 11:45,4.115,,,,
577,7/27/20 12:00,4.168,,,,
578,7/27/20 12:15,4.168,,,,
579,7/27/20 12:30,4.22,,,,
580,7/27/20 12:45,4.246,,,,
581,7/27/20 13:00,4.272,,,,
582,7/27/20 13:15,4.298,,,,
583,7/27/20 13:30,4.35,,,,
584,7/27/20 13:45,4.376,,,,
585,7/27/20 14:00,4.402,,,,
586,7/27/20 14:15,4.454,,,,
587,7/27/20 14:30,4.48,,,,
588,7/27/20 14:45,4.532,,,,
589,7/27/20 15:00,4.584,,,,
590,7/27/20 15:15,4.61,,,,
591,7/27/20 15:30,4.636,,,,
592,7/27/20 15:45,4.688,,,,
593,7/27/20 16:00,4.714,,,,
594,7/27/20 16:15,4.74,,,,
595,7/27/20 16:30,4.766,,,,
596,7/27/20 16:45,4.792,,,,
597,7/27/20 17:00,4.818,,,,
598,7/27/20 17:15,4.844,,,,
599,7/27/20 17:30,4.844,,,,
600,7/27/20 17:45,4.844,,,,
601,7/27/20 18:00,4.869,,,,
602,7/27/20 18:15,4.869,,,,
603,7/27/20 18:30,4.895,,,,
604,7/27/20 18:45,4.895,,,,
605,7/27/20 19:00,4.895,,,,
606,7/27/20 19:15,4.895,,,,
607,7/27/20 19:30,4.869,,,,
608,7/27/20 19:45,4.869,,,,
609,7/27/20 20:00,4.869,,,,
610,7/27/20 20:15,4.844,,,,
611,7/27/20 20:30,4.818,,,,
612,7/27/20 20:45,4.792,,,,
613,7/27/20 21:00,4.792,,,,
614,7/27/20 21:15,4.766,,,,
615,7/27/20 21:30,4.74,,,,
616,7/27/20 21:45,4.688,,,,
617,7/27/20 22:00,4.688,,,,
618,7/27/20 22:15,4.636,,,,
619,7/27/20 22:30,4.61,,,,
620,7/27/20 22:45,4.584,,,,
621,7/27/20 23:00,4.532,,,,
622,7/27/20 23:15,4.506,,,,
623,7/27/20 23:30,4.48,,,,
624,7/27/20 23:45,4.428,,,,
625,7/28/20 0:00,4.402,,,,
626,7/28/20 0:15,4.376,,,,
627,7/28/20 0:30,4.324,,,,
628,7/28/20 0:45,4.298,,,,
629,7/28/20 1:00,4.246,,,,
630,7/28/20 1:15,4.22,,,,
631,7/28/20 1:30,4.168,,,,
632,7/28/20 1:45,4.141,,,,
633,7/28/20 2:00,4.115,,,,
634,7/28/20 2:15,4.089,,,,
635,7/28/20 2:30,4.063,,,,
636,7/28/20 2:45,4.011,,,,
637,7/28/20 3:00,3.985,,,,
638,7/28/20 3:15,3.958,,,,
639,7/28/20 3:30,3.958,,,,
640,7/28/20 3:45,3.906,,,,
641,7/28/20 4:00,3.88,,,,
642,7/28/20 4:15,3.854,,,,
643,7/28/20 4:30,3.827,,,,
644,7/28/20 4:45,3.801,,,,
645,7/28/20 5:00,3.775,,,,
646,7/28/20 5:15,3.749,,,,
647,7/28/20 5:30,3.749,,,,
648,7/28/20 5:45,3.722,,,,
649,7/28/20 6:00,3.696,,,,
650,7/28/20 6:15,3.67,,,,
651,7/28/20 6:30,3.643,,,,
652,7/28/20 6:45,3.617,,,,
653,7/28/20 7:00,3.591,,,,
654,7/28/20 7:15,3.591,,,,
655,7/28/20 7:30,3.564,,,,
656,7/28/20 7:45,3.564,,,,
657,7/28/20 8:00,3.564,,,,
658,7/28/20 8:15,3.564,,,,
659,7/28/20 8:30,3.564,,,,
660,7/28/20 8:45,3.564,,,,
661,7/28/20 9:00,3.564,,,,
662,7/28/20 9:15,3.564,,,,
663,7/28/20 9:30,3.564,,,,
664,7/28/20 9:45,3.591,,,,
665,7/28/20 10:00,3.591,,,,
666,7/28/20 10:15,3.591,,,,
667,7/28/20 10:30,3.591,,,,
668,7/28/20 10:45,3.591,,,,
669,7/28/20 11:00,3.591,,,,
670,7/28/20 11:15,3.591,,,,
671,7/28/20 11:30,3.617,,,,
672,7/28/20 11:45,3.617,,,,
673,7/28/20 12:00,3.617,,,,
674,7/28/20 12:15,3.643,,,,
675,7/28/20 12:30,3.643,,,,
676,7/28/20 12:45,3.643,,,,
677,7/28/20 13:00,3.67,,,,
678,7/28/20 13:15,3.696,,,,
679,7/28/20 13:30,3.696,,,,
680,7/28/20 13:45,3.722,,,,
681,7/28/20 14:00,3.749,,,,
682,7/28/20 14:15,3.801,,,,
683,7/28/20 14:30,3.854,,,,
684,7/28/20 14:45,3.88,,,,
685,7/28/20 15:00,3.958,,,,
686,7/28/20 15:15,4.011,,,,
687,7/28/20 15:30,4.063,,,,
688,7/28/20 15:45,4.141,,,,
689,7/28/20 16:00,4.194,,,,
690,7/28/20 16:15,4.246,,,,
691,7/28/20 16:30,4.324,,,,
692,7/28/20 16:45,4.376,,,,
693,7/28/20 17:00,4.428,,,,
694,7/28/20 17:15,4.48,,,,
695,7/28/20 17:30,4.532,,,,
696,7/28/20 17:45,4.584,,,,
697,7/28/20 18:00,4.61,,,,
698,7/28/20 18:15,4.662,,,,
699,7/28/20 18:30,4.688,,,,
700,7/28/20 18:45,4.74,,,,
701,7/28/20 19:00,4.792,,,,
702,7/28/20 19:15,4.818,,,,
703,7/28/20 19:30,4.844,,,,
704,7/28/20 19:45,4.895,,,,
705,7/28/20 20:00,4.895,,,,
706,7/28/20 20:15,4.947,,,,
707,7/28/20 20:30,4.947,,,,
708,7/28/20 20:45,4.947,,,,
709,7/28/20 21:00,4.973,,,,
710,7/28/20 21:15,4.973,,,,
711,7/28/20 21:30,4.999,,,,
712,7/28/20 21:45,4.999,,,,
713,7/28/20 22:00,4.999,,,,
714,7/28/20 22:15,4.999,,,,
715,7/28/20 22:30,4.973,,,,
716,7/28/20 22:45,4.973,,,,
717,7/28/20 23:00,4.947,,,,
718,7/28/20 23:15,4.947,,,,
719,7/28/20 23:30,4.947,,,,
720,7/28/20 23:45,4.921,,,,
721,7/29/20 0:00,4.895,,,,
722,7/29/20 0:15,4.895,,,,
723,7/29/20 0:30,4.869,,,,
724,7/29/20 0:45,4.844,,,,
725,7/29/20 1:00,4.844,,,,
726,7/29/20 1:15,4.818,,,,
727,7/29/20 1:30,4.792,,,,
728,7/29/20 1:45,4.766,,,,
729,7/29/20 2:00,4.74,,,,
730,7/29/20 2:15,4.714,,,,
731,7/29/20 2:30,4.688,,,,
732,7/29/20 2:45,4.662,,,,
733,7/29/20 3:00,4.636,,,,
734,7/29/20 3:15,4.584,,,,
735,7/29/20 3:30,4.558,,,,
736,7/29/20 3:45,4.532,,,,
737,7/29/20 4:00,4.48,,,,
738,7/29/20 4:15,4.454,,,,
739,7/29/20 4:30,4.428,,,,
740,7/29/20 4:45,4.402,,,,
741,7/29/20 5:00,4.376,,,,
742,7/29/20 5:15,4.324,,,,
743,7/29/20 5:30,4.298,,,,
744,7/29/20 5:45,4.246,,,,
745,7/29/20 6:00,4.22,,,,
746,7/29/20 6:15,4.194,,,,
747,7/29/20 6:30,4.168,,,,
748,7/29/20 6:45,4.115,,,,
749,7/29/20 7:00,4.089,,,,
750,7/29/20 7:15,4.063,,,,
751,7/29/20 7:30,4.063,,,,
752,7/29/20 7:45,4.037,,,,
753,7/29/20 8:00,4.011,,,,
754,7/29/20 8:15,4.011,,,,
755,7/29/20 8:30,3.985,,,,
756,7/29/20 8:45,3.985,,,,
757,7/29/20 9:00,3.985,,,,
758,7/29/20 9:15,3.985,,,,
759,7/29/20 9:30,3.985,,,,
760,7/29/20 9:45,4.011,,,,
761,7/29/20 10:00,4.011,,,,
762,7/29/20 10:15,4.037,,,,
763,7/29/20 10:30,4.063,,,,
764,7/29/20 10:45,4.089,,,,
765,7/29/20 11:00,4.115,,,,
766,7/29/20 11:15,4.168,,,,
767,7/29/20 11:30,4.22,,,,
768,7/29/20 11:45,4.272,,,,
769,7/29/20 12:00,4.324,,,,
770,7/29/20 12:15,4.402,,,,
771,7/29/20 12:30,4.454,,,,
772,7/29/20 12:45,4.532,,,,
773,7/29/20 13:00,4.636,,,,
774,7/29/20 13:15,4.714,,,,
775,7/29/20 13:30,4.792,,,,
776,7/29/20 13:45,4.895,,,,
777,7/29/20 14:00,4.999,,,,
778,7/29/20 14:15,5.102,,,,
779,7/29/20 14:30,5.205,,,,
780,7/29/20 14:45,5.308,,,,
781,7/29/20 15:00,5.437,,,,
782,7/29/20 15:15,5.539,,,,
783,7/29/20 15:30,5.642,,,,
784,7/29/20 15:45,5.77,,,,
785,7/29/20 16:00,5.872,,,,
786,7/29/20 16:15,5.975,,,,
787,7/29/20 16:30,6.051,,,,
788,7/29/20 16:45,6.153,,,,
789,7/29/20 17:00,6.23,,,,
790,7/29/20 17:15,6.281,,,,
791,7/29/20 17:30,6.357,,,,
792,7/29/20 17:45,6.408,,,,
793,7/29/20 18:00,6.433,,,,
794,7/29/20 18:15,6.484,,,,
795,7/29/20 18:30,6.484,,,,
796,7/29/20 18:45,6.535,,,,
797,7/29/20 19:00,6.535,,,,
798,7/29/20 19:15,6.535,,,,
799,7/29/20 19:30,6.535,,,,
800,7/29/20 19:45,6.509,,,,
801,7/29/20 20:00,6.509,,,,
802,7/29/20 20:15,6.484,,,,
803,7/29/20 20:30,6.458,,,,
804,7/29/20 20:45,6.433,,,,
805,7/29/20 21:00,6.382,,,,
806,7/29/20 21:15,6.331,,,,
807,7/29/20 21:30,6.281,,,,
808,7/29/20 21:45,6.23,,,,
809,7/29/20 22:00,6.179,,,,
810,7/29/20 22:15,6.128,,,,
811,7/29/20 22:30,6.077,,,,
812,7/29/20 22:45,6.026,,,,
813,7/29/20 23:00,5.949,,,,
814,7/29/20 23:15,5.872,,,,
815,7/29/20 23:30,5.796,,,,
816,7/29/20 23:45,5.719,,,,
817,7/30/20 0:00,5.642,,,,
818,7/30/20 0:15,5.565,,,,
819,7/30/20 0:30,5.488,,,,
820,7/30/20 0:45,5.411,,,,
821,7/30/20 1:00,5.334,,,,
822,7/30/20 1:15,5.231,,,,
823,7/30/20 1:30,5.154,,,,
824,7/30/20 1:45,5.076,,,,
825,7/30/20 2:00,4.999,,,,
826,7/30/20 2:15,4.921,,,,
827,7/30/20 2:30,4.844,,,,
828,7/30/20 2:45,4.792,,,,
829,7/30/20 3:00,4.714,,,,
830,7/30/20 3:15,4.636,,,,
831,7/30/20 3:30,4.584,,,,
832,7/30/20 3:45,4.506,,,,
833,7/30/20 4:00,4.428,,,,
834,7/30/20 4:15,4.376,,,,
835,7/30/20 4:30,4.298,,,,
836,7/30/20 4:45,4.246,,,,
837,7/30/20 5:00,4.168,,,,
838,7/30/20 5:15,4.115,,,,
839,7/30/20 5:30,4.063,,,,
840,7/30/20 5:45,4.011,,,,
841,7/30/20 6:00,3.958,,,,
842,7/30/20 6:15,3.906,,,,
843,7/30/20 6:30,3.854,,,,
844,7/30/20 6:45,3.801,,,,
845,7/30/20 7:00,3.775,,,,
846,7/30/20 7:15,3.749,,,,
847,7/30/20 7:30,3.722,,,,
848,7/30/20 7:45,3.696,,,,
849,7/30/20 8:00,3.67,,,,
850,7/30/20 8:15,3.67,,,,
851,7/30/20 8:30,3.643,,,,
852,7/30/20 8:45,3.67,,,,
853,7/30/20 9:00,3.696,,,,
854,7/30/20 9:15,3.696,,,,
855,7/30/20 9:30,3.722,,,,
856,7/30/20 9:45,3.749,,,,
857,7/30/20 10:00,3.801,,,,
858,7/30/20 10:15,3.854,,,,
859,7/30/20 10:30,3.906,,,,
860,7/30/20 10:45,3.958,,,,
861,7/30/20 11:00,4.011,,,,
862,7/30/20 11:15,4.063,,,,
863,7/30/20 11:30,4.115,,,,
864,7/30/20 11:45,4.194,,,,
865,7/30/20 12:00,4.272,,,,
866,7/30/20 12:15,4.324,,,,
867,7/30/20 12:30,4.402,,,,
868,7/30/20 12:45,4.48,,,,
869,7/30/20 13:00,4.558,,,,
870,7/30/20 13:15,4.662,,,,
871,7/30/20 13:30,4.74,,,,
872,7/30/20 13:45,4.869,,,,
873,7/30/20 14:00,4.973,,,,
874,7/30/20 14:15,5.102,,,,
875,7/30/20 14:30,5.231,,,,
876,7/30/20 14:45,5.36,,,,
877,7/30/20 15:00,5.514,,,,
878,7/30/20 15:15,5.642,,,,
879,7/30/20 15:30,5.77,,,,
880,7/30/20 15:45,5.924,,,,
881,7/30/20 16:00,6.026,,,,
882,7/30/20 16:15,6.179,,,,
883,7/30/20 16:30,6.281,,,,
884,7/30/20 16:45,6.382,,,,
885,7/30/20 17:00,6.484,,,,
886,7/30/20 17:15,6.585,,,,
887,7/30/20 17:30,6.661,,,,
888,7/30/20 17:45,6.737,,,,
889,7/30/20 18:00,6.813,,,,
890,7/30/20 18:15,6.864,,,,
891,7/30/20 18:30,6.889,,,,
892,7/30/20 18:45,6.94,,,,
893,7/30/20 19:00,6.965,,,,
894,7/30/20 19:15,6.99,,,,
895,7/30/20 19:30,7.041,,,,
896,7/30/20 19:45,7.041,,,,
897,7/30/20 20:00,7.041,,,,
898,7/30/20 20:15,7.041,,,,
899,7/30/20 20:30,7.041,,,,
900,7/30/20 20:45,7.015,,,,
901,7/30/20 21:00,6.99,,,,
902,7/30/20 21:15,6.965,,,,
903,7/30/20 21:30,6.914,,,,
904,7/30/20 21:45,6.864,,,,
905,7/30/20 22:00,6.839,,,,
906,7/30/20 22:15,6.788,,,,
907,7/30/20 22:30,6.712,,,,
908,7/30/20 22:45,6.661,,,,
909,7/30/20 23:00,6.585,,,,
910,7/30/20 23:15,6.509,,,,
911,7/30/20 23:30,6.433,,,,
912,7/30/20 23:45,6.357,,,,
913,7/31/20 0:00,6.281,,,,
914,7/31/20 0:15,6.179,,,,
915,7/31/20 0:30,6.102,,,,
916,7/31/20 0:45,6.026,,,,
917,7/31/20 1:00,5.924,,,,
918,7/31/20 1:15,5.847,,,,
919,7/31/20 1:30,5.745,,,,
920,7/31/20 1:45,5.668,,,,
921,7/31/20 2:00,5.591,,,,
922,7/31/20 2:15,5.488,,,,
923,7/31/20 2:30,5.411,,,,
924,7/31/20 2:45,5.334,,,,
925,7/31/20 3:00,5.231,,,,
926,7/31/20 3:15,5.154,,,,
927,7/31/20 3:30,5.076,,,,
928,7/31/20 3:45,4.999,,,,
929,7/31/20 4:00,4.895,,,,
930,7/31/20 4:15,4.818,,,,
931,7/31/20 4:30,4.74,,,,
932,7/31/20 4:45,4.662,,,,
933,7/31/20 5:00,4.584,,,,
934,7/31/20 5:15,4.506,,,,
935,7/31/20 5:30,4.428,,,,
936,7/31/20 5:45,4.376,,,,
937,7/31/20 6:00,4.324,,,,
938,7/31/20 6:15,4.246,,,,
939,7/31/20 6:30,4.194,,,,
940,7/31/20 6:45,4.141,,,,
941,7/31/20 7:00,4.089,,,,
942,7/31/20 7:15,4.063,,,,
943,7/31/20 7:30,4.011,,,,
944,7/31/20 7:45,3.985,,,,
945,7/31/20 8:00,3.958,,,,
946,7/31/20 8:15,3.932,,,,
947,7/31/20 8:30,3.906,,,,
948,7/31/20 8:45,3.906,,,,
949,7/31/20 9:00,3.906,,,,
950,7/31/20 9:15,3.932,,,,
951,7/31/20 9:30,3.958,,,,
952,7/31/20 9:45,3.958,,,,
953,7/31/20 10:00,3.985,,,,
954,7/31/20 10:15,4.037,,,,
955,7/31/20 10:30,4.089,,,,
956,7/31/20 10:45,4.168,,,,
957,7/31/20 11:00,4.22,,,,
958,7/31/20 11:15,4.324,,,,
959,7/31/20 11:30,4.402,,,,
960,7/31/20 11:45,4.506,,,,
961,7/31/20 12:00,4.584,,,,
962,7/31/20 12:15,4.688,,,,
963,7/31/20 12:30,4.792,,,,
964,7/31/20 12:45,4.869,,,,
965,7/31/20 13:00,4.973,,,,
966,7/31/20 13:15,5.102,,,,
967,7/31/20 13:30,5.205,,,,
968,7/31/20 13:45,5.308,,,,
969,7/31/20 14:00,5.437,,,,
970,7/31/20 14:15,5.539,,,,
971,7/31/20 14:30,5.642,,,,
972,7/31/20 14:45,5.77,,,,
973,7/31/20 15:00,5.847,,,,
974,7/31/20 15:15,5.924,,,,
975,7/31/20 15:30,6.026,,,,
976,7/31/20 15:45,6.077,,,,
977,7/31/20 16:00,6.128,,,,
978,7/31/20 16:15,6.179,,,,
979,7/31/20 16:30,6.23,,,,
980,7/31/20 16:45,6.255,,,,
981,7/31/20 17:00,6.281,,,,
982,7/31/20 17:15,6.331,,,,
983,7/31/20 17:30,6.382,,,,
984,7/31/20 17:45,6.408,,,,
985,7/31/20 18:00,6.433,,,,
986,7/31/20 18:15,6.484,,,,
987,7/31/20 18:30,6.484,,,,
988,7/31/20 18:45,6.509,,,,
989,7/31/20 19:00,6.535,,,,
990,7/31/20 19:15,6.56,,,,
991,7/31/20 19:30,6.56,,,,
992,7/31/20 19:45,6.585,,,,
993,7/31/20 20:00,6.585,,,,
994,7/31/20 20:15,6.585,,,,
995,7/31/20 20:30,6.585,,,,
996,7/31/20 20:45,6.56,,,,
997,7/31/20 21:00,6.535,,,,
998,7/31/20 21:15,6.484,,,,
999,7/31/20 21:30,6.458,,,,
1000,7/31/20 21:45,6.433,,,,
1001,7/31/20 22:00,6.357,,,,
1002,7/31/20 22:15,6.306,,,,
1003,7/31/20 22:30,6.255,,,,
1004,7/31/20 22:45,6.204,,,,
1005,7/31/20 23:00,6.128,,,,
1006,7/31/20 23:15,6.077,,,,
1007,7/31/20 23:30,6,,,,
1008,7/31/20 23:45,5.924,,,,
1009,8/1/20 0:00,5.847,,,,
1010,8/1/20 0:15,5.77,,,,
1011,8/1/20 0:30,5.693,,,,
1012,8/1/20 0:45,5.616,,,,
1013,8/1/20 1:00,5.539,,,,
1014,8/1/20 1:15,5.462,,,,
1015,8/1/20 1:30,5.411,,,,
1016,8/1/20 1:45,5.334,,,,
1017,8/1/20 2:00,5.257,,,,
1018,8/1/20 2:15,5.205,,,,
1019,8/1/20 2:30,5.128,,,,
1020,8/1/20 2:45,5.05,,,,
1021,8/1/20 3:00,4.999,,,,
1022,8/1/20 3:15,4.921,,,,
1023,8/1/20 3:30,4.869,,,,
1024,8/1/20 3:45,4.792,,,,
1025,8/1/20 4:00,4.714,,,,
1026,8/1/20 4:15,4.662,,,,
1027,8/1/20 4:30,4.584,,,,
1028,8/1/20 4:45,4.532,,,,
1029,8/1/20 5:00,4.48,,,,
1030,8/1/20 5:15,4.402,,,,
1031,8/1/20 5:30,4.35,,,,
1032,8/1/20 5:45,4.298,,,,
1033,8/1/20 6:00,4.246,,,,
1034,8/1/20 6:15,4.194,,,,
1035,8/1/20 6:30,4.141,,,,
1036,8/1/20 6:45,4.115,,,,
1037,8/1/20 7:00,4.063,,,,
1038,8/1/20 7:15,4.037,,,,
1039,8/1/20 7:30,4.011,,,,
1040,8/1/20 7:45,3.985,,,,
1041,8/1/20 8:00,3.985,,,,
1042,8/1/20 8:15,3.985,,,,
1043,8/1/20 8:30,3.985,,,,
1044,8/1/20 8:45,4.011,,,,
1045,8/1/20 9:00,4.011,,,,
1046,8/1/20 9:15,4.063,,,,
1047,8/1/20 9:30,4.063,,,,
1048,8/1/20 9:45,4.115,,,,
1049,8/1/20 10:00,4.168,,,,
1050,8/1/20 10:15,4.22,,,,
1051,8/1/20 10:30,4.298,,,,
1052,8/1/20 10:45,4.376,,,,
1053,8/1/20 11:00,4.454,,,,
1054,8/1/20 11:15,4.532,,,,
1055,8/1/20 11:30,4.61,,,,
1056,8/1/20 11:45,4.688,,,,
1057,8/1/20 12:00,4.792,,,,
1058,8/1/20 12:15,4.895,,,,
1059,8/1/20 12:30,4.999,,,,
1060,8/1/20 12:45,5.128,,,,
1061,8/1/20 13:00,5.257,,,,
1062,8/1/20 13:15,5.411,,,,
1063,8/1/20 13:30,5.539,,,,
1064,8/1/20 13:45,5.668,,,,
1065,8/1/20 14:00,5.796,,,,
1066,8/1/20 14:15,5.924,,,,
1067,8/1/20 14:30,6.077,,,,
1068,8/1/20 14:45,6.179,,,,
1069,8/1/20 15:00,6.281,,,,
1070,8/1/20 15:15,6.382,,,,
1071,8/1/20 15:30,6.458,,,,
1072,8/1/20 15:45,6.535,,,,
1073,8/1/20 16:00,6.585,,,,
1074,8/1/20 16:15,6.636,,,,
1075,8/1/20 16:30,6.687,,,,
1076,8/1/20 16:45,6.712,,,,
1077,8/1/20 17:00,6.737,,,,
1078,8/1/20 17:15,6.737,,,,
1079,8/1/20 17:30,6.763,,,,
1080,8/1/20 17:45,6.763,,,,
1081,8/1/20 18:00,6.788,,,,
1082,8/1/20 18:15,6.788,,,,
1083,8/1/20 18:30,6.788,,,,
1084,8/1/20 18:45,6.788,,,,
1085,8/1/20 19:00,6.763,,,,
1086,8/1/20 19:15,6.763,,,,
1087,8/1/20 19:30,6.737,,,,
1088,8/1/20 19:45,6.737,,,,
1089,8/1/20 20:00,6.737,,,,
1090,8/1/20 20:15,6.687,,,,
1091,8/1/20 20:30,6.687,,,,
1092,8/1/20 20:45,6.661,,,,
1093,8/1/20 21:00,6.636,,,,
1094,8/1/20 21:15,6.585,,,,
1095,8/1/20 21:30,6.56,,,,
1096,8/1/20 21:45,6.509,,,,
1097,8/1/20 22:00,6.484,,,,
1098,8/1/20 22:15,6.433,,,,
1099,8/1/20 22:30,6.433,,,,
1100,8/1/20 22:45,6.408,,,,
1101,8/1/20 23:00,6.382,,,,
1102,8/1/20 23:15,6.357,,,,
1103,8/1/20 23:30,6.331,,,,
1104,8/1/20 23:45,6.306,,,,
1105,8/2/20 0:00,6.281,,,,
1106,8/2/20 0:15,6.23,,,,
1107,8/2/20 0:30,6.179,,,,
1108,8/2/20 0:45,6.128,,,,
1109,8/2/20 1:00,6.051,,,,
1110,8/2/20 1:15,6,,,,
1111,8/2/20 1:30,5.924,,,,
1112,8/2/20 1:45,5.872,,,,
1113,8/2/20 2:00,5.796,,,,
1114,8/2/20 2:15,5.745,,,,
1115,8/2/20 2:30,5.668,,,,
1116,8/2/20 2:45,5.616,,,,
1117,8/2/20 3:00,5.565,,,,
1118,8/2/20 3:15,5.514,,,,
1119,8/2/20 3:30,5.462,,,,
1120,8/2/20 3:45,5.411,,,,
1121,8/2/20 4:00,5.36,,,,
1122,8/2/20 4:15,5.334,,,,
1123,8/2/20 4:30,5.282,,,,
1124,8/2/20 4:45,5.257,,,,
1125,8/2/20 5:00,5.205,,,,
1126,8/2/20 5:15,5.154,,,,
1127,8/2/20 5:30,5.128,,,,
1128,8/2/20 5:45,5.102,,,,
1129,8/2/20 6:00,5.076,,,,
1130,8/2/20 6:15,5.05,,,,
1131,8/2/20 6:30,4.999,,,,
1132,8/2/20 6:45,4.999,,,,
1133,8/2/20 7:00,4.947,,,,
1134,8/2/20 7:15,4.921,,,,
1135,8/2/20 7:30,4.895,,,,
1136,8/2/20 7:45,4.869,,,,
1137,8/2/20 8:00,4.844,,,,
1138,8/2/20 8:15,4.818,,,,
1139,8/2/20 8:30,4.792,,,,
1140,8/2/20 8:45,4.792,,,,
1141,8/2/20 9:00,4.792,,,,
1142,8/2/20 9:15,4.792,,,,
1143,8/2/20 9:30,4.792,,,,
1144,8/2/20 9:45,4.844,,,,
1145,8/2/20 10:00,4.869,,,,
1146,8/2/20 10:15,4.895,,,,
1147,8/2/20 10:30,4.947,,,,
1148,8/2/20 10:45,4.999,,,,
1149,8/2/20 11:00,5.05,,,,
1150,8/2/20 11:15,5.102,,,,
1151,8/2/20 11:30,5.154,,,,
1152,8/2/20 11:45,5.205,,,,
1153,8/2/20 12:00,5.257,,,,
1154,8/2/20 12:15,5.308,,,,
1155,8/2/20 12:30,5.334,,,,
1156,8/2/20 12:45,5.36,,,,
1157,8/2/20 13:00,5.411,,,,
1158,8/2/20 13:15,5.462,,,,
1159,8/2/20 13:30,5.539,,,,
1160,8/2/20 13:45,5.616,,,,
1161,8/2/20 14:00,5.719,,,,
1162,8/2/20 14:15,5.796,,,,
1163,8/2/20 14:30,5.872,,,,
1164,8/2/20 14:45,5.949,,,,
1165,8/2/20 15:00,6.051,,,,
1166,8/2/20 15:15,6.128,,,,
1167,8/2/20 15:30,6.23,,,,
1168,8/2/20 15:45,6.306,,,,
1169,8/2/20 16:00,6.382,,,,
1170,8/2/20 16:15,6.458,,,,
1171,8/2/20 16:30,6.509,,,,
1172,8/2/20 16:45,6.585,,,,
1173,8/2/20 17:00,6.661,,,,
1174,8/2/20 17:15,6.687,,,,
1175,8/2/20 17:30,6.737,,,,
1176,8/2/20 17:45,6.763,,,,
1177,8/2/20 18:00,6.788,,,,
1178,8/2/20 18:15,6.788,,,,
1179,8/2/20 18:30,6.788,,,,
1180,8/2/20 18:45,6.788,,,,
1181,8/2/20 19:00,6.737,,,,
1182,8/2/20 19:15,6.737,,,,
1183,8/2/20 19:30,6.687,,,,
1184,8/2/20 19:45,6.661,,,,
1185,8/2/20 20:00,6.611,,,,
1186,8/2/20 20:15,6.56,,,,
1187,8/2/20 20:30,6.535,,,,
1188,8/2/20 20:45,6.484,,,,
1189,8/2/20 21:00,6.433,,,,
1190,8/2/20 21:15,6.408,,,,
1191,8/2/20 21:30,6.357,,,,
1192,8/2/20 21:45,6.331,,,,
1193,8/2/20 22:00,6.281,,,,
1194,8/2/20 22:15,6.23,,,,
1195,8/2/20 22:30,6.179,,,,
1196,8/2/20 22:45,6.102,,,,
1197,8/2/20 23:00,6.051,,,,
1198,8/2/20 23:15,5.975,,,,
1199,8/2/20 23:30,5.924,,,,
1200,8/2/20 23:45,5.872,,,,
1201,8/3/20 0:00,5.796,,,,
1202,8/3/20 0:15,5.719,,,,
1203,8/3/20 0:30,5.642,,,,
1204,8/3/20 0:45,5.591,,,,
1205,8/3/20 1:00,5.514,,,,
1206,8/3/20 1:15,5.437,,,,
1207,8/3/20 1:30,5.36,,,,
1208,8/3/20 1:45,5.308,,,,
1209,8/3/20 2:00,5.231,,,,
1210,8/3/20 2:15,5.154,,,,
1211,8/3/20 2:30,5.076,,,,
1212,8/3/20 2:45,4.999,,,,
1213,8/3/20 3:00,4.947,,,,
1214,8/3/20 3:15,4.869,,,,
1215,8/3/20 3:30,4.792,,,,
1216,8/3/20 3:45,4.74,,,,
1217,8/3/20 4:00,4.688,,,,
1218,8/3/20 4:15,4.636,,,,
1219,8/3/20 4:30,4.584,,,,
1220,8/3/20 4:45,4.532,,,,
1221,8/3/20 5:00,4.48,,,,
1222,8/3/20 5:15,4.428,,,,
1223,8/3/20 5:30,4.376,,,,
1224,8/3/20 5:45,4.324,,,,
1225,8/3/20 6:00,4.298,,,,
1226,8/3/20 6:15,4.246,,,,
1227,8/3/20 6:30,4.22,,,,
1228,8/3/20 6:45,4.168,,,,
1229,8/3/20 7:00,4.168,,,,
1230,8/3/20 7:15,4.115,,,,
1231,8/3/20 7:30,4.089,,,,
1232,8/3/20 7:45,4.063,,,,
1233,8/3/20 8:00,4.037,,,,
1234,8/3/20 8:15,4.037,,,,
1235,8/3/20 8:30,4.011,,,,
1236,8/3/20 8:45,4.011,,,,
1237,8/3/20 9:00,3.985,,,,
1238,8/3/20 9:15,3.985,,,,
1239,8/3/20 9:30,3.985,,,,
1240,8/3/20 9:45,3.985,,,,
1241,8/3/20 10:00,3.985,,,,
1242,8/3/20 10:15,3.985,,,,
1243,8/3/20 10:30,4.011,,,,
1244,8/3/20 10:45,4.011,,,,
1245,8/3/20 11:00,4.011,,,,
1246,8/3/20 11:15,4.037,,,,
1247,8/3/20 11:30,4.037,,,,
1248,8/3/20 11:45,4.063,,,,
1249,8/3/20 12:00,4.089,,,,
1250,8/3/20 12:15,4.089,,,,
1251,8/3/20 12:30,4.115,,,,
1252,8/3/20 12:45,4.115,,,,
1253,8/3/20 13:00,4.141,,,,
1254,8/3/20 13:15,4.141,,,,
1255,8/3/20 13:30,4.168,,,,
1256,8/3/20 13:45,4.168,,,,
1257,8/3/20 14:00,4.194,,,,
1258,8/3/20 14:15,4.22,,,,
1259,8/3/20 14:30,4.22,,,,
1260,8/3/20 14:45,4.246,,,,
1261,8/3/20 15:00,4.272,,,,
1262,8/3/20 15:15,4.298,,,,
1263,8/3/20 15:30,4.324,,,,
1264,8/3/20 15:45,4.35,,,,
1265,8/3/20 16:00,4.376,,,,
1266,8/3/20 16:15,4.428,,,,
1267,8/3/20 16:30,4.48,,,,
1268,8/3/20 16:45,4.506,,,,
1269,8/3/20 17:00,4.558,,,,
1270,8/3/20 17:15,4.584,,,,
1271,8/3/20 17:30,4.636,,,,
1272,8/3/20 17:45,4.662,,,,
1273,8/3/20 18:00,4.714,,,,
1274,8/3/20 18:15,4.74,,,,
1275,8/3/20 18:30,4.766,,,,
1276,8/3/20 18:45,4.792,,,,
1277,8/3/20 19:00,4.818,,,,
1278,8/3/20 19:15,4.844,,,,
1279,8/3/20 19:30,4.844,,,,
1280,8/3/20 19:45,4.869,,,,
1281,8/3/20 20:00,4.895,,,,
1282,8/3/20 20:15,4.895,,,,
1283,8/3/20 20:30,4.921,,,,
1284,8/3/20 20:45,4.921,,,,
1285,8/3/20 21:00,4.921,,,,
1286,8/3/20 21:15,4.921,,,,
1287,8/3/20 21:30,4.921,,,,
1288,8/3/20 21:45,4.921,,,,
1289,8/3/20 22:00,4.921,,,,
1290,8/3/20 22:15,4.895,,,,
1291,8/3/20 22:30,4.895,,,,
1292,8/3/20 22:45,4.869,,,,
1293,8/3/20 23:00,4.844,,,,
1294,8/3/20 23:15,4.792,,,,
1295,8/3/20 23:30,4.792,,,,
1296,8/3/20 23:45,4.74,,,,
1297,8/4/20 0:00,4.688,,,,
1298,8/4/20 0:15,4.662,,,,
1299,8/4/20 0:30,4.636,,,,
1300,8/4/20 0:45,4.584,,,,
1301,8/4/20 1:00,4.532,,,,
1302,8/4/20 1:15,4.506,,,,
1303,8/4/20 1:30,4.454,,,,
1304,8/4/20 1:45,4.428,,,,
1305,8/4/20 2:00,4.376,,,,
1306,8/4/20 2:15,4.35,,,,
1307,8/4/20 2:30,4.298,,,,
1308,8/4/20 2:45,4.246,,,,
1309,8/4/20 3:00,4.22,,,,
1310,8/4/20 3:15,4.194,,,,
1311,8/4/20 3:30,4.168,,,,
1312,8/4/20 3:45,4.141,,,,
1313,8/4/20 4:00,4.115,,,,
1314,8/4/20 4:15,4.089,,,,
1315,8/4/20 4:30,4.063,,,,
1316,8/4/20 4:45,4.037,,,,
1317,8/4/20 5:00,4.011,,,,
1318,8/4/20 5:15,3.985,,,,
1319,8/4/20 5:30,3.958,,,,
1320,8/4/20 5:45,3.932,,,,
1321,8/4/20 6:00,3.906,,,,
1322,8/4/20 6:15,3.88,,,,
1323,8/4/20 6:30,3.854,,,,
1324,8/4/20 6:45,3.854,,,,
1325,8/4/20 7:00,3.827,,,,
1326,8/4/20 7:15,3.801,,,,
1327,8/4/20 7:30,3.801,,,,
1328,8/4/20 7:45,3.775,,,,
1329,8/4/20 8:00,3.749,,,,
1330,8/4/20 8:15,3.749,,,,
1331,8/4/20 8:30,3.749,,,,
1332,8/4/20 8:45,3.749,,,,
1333,8/4/20 9:00,3.749,,,,
1334,8/4/20 9:15,3.749,,,,
1335,8/4/20 9:30,3.749,,,,
1336,8/4/20 9:45,3.749,,,,
1337,8/4/20 10:00,3.749,,,,
1338,8/4/20 10:15,3.749,,,,
1339,8/4/20 10:30,3.749,,,,
1340,8/4/20 10:45,3.775,,,,
1341,8/4/20 11:00,3.775,,,,
1342,8/4/20 11:15,3.801,,,,
1343,8/4/20 11:30,3.801,,,,
1344,8/4/20 11:45,3.827,,,,
1345,8/4/20 12:00,3.827,,,,
1346,8/4/20 12:15,3.854,,,,
1347,8/4/20 12:30,3.854,,,,
1348,8/4/20 12:45,3.88,,,,
1349,8/4/20 13:00,3.906,,,,
1350,8/4/20 13:15,3.932,,,,
1351,8/4/20 13:30,3.958,,,,
1352,8/4/20 13:45,4.011,,,,
1353,8/4/20 14:00,4.063,,,,
1354,8/4/20 14:15,4.115,,,,
1355,8/4/20 14:30,4.168,,,,
1356,8/4/20 14:45,4.22,,,,
1357,8/4/20 15:00,4.298,,,,
1358,8/4/20 15:15,4.376,,,,
1359,8/4/20 15:30,4.428,,,,
1360,8/4/20 15:45,4.506,,,,
1361,8/4/20 16:00,4.584,,,,
1362,8/4/20 16:15,4.636,,,,
1363,8/4/20 16:30,4.688,,,,
1364,8/4/20 16:45,4.74,,,,
1365,8/4/20 17:00,4.792,,,,
1366,8/4/20 17:15,4.818,,,,
1367,8/4/20 17:30,4.869,,,,
1368,8/4/20 17:45,4.895,,,,
1369,8/4/20 18:00,4.921,,,,
1370,8/4/20 18:15,4.947,,,,
1371,8/4/20 18:30,4.947,,,,
1372,8/4/20 18:45,4.973,,,,
1373,8/4/20 19:00,4.973,,,,
1374,8/4/20 19:15,4.973,,,,
1375,8/4/20 19:30,4.947,,,,
1376,8/4/20 19:45,4.947,,,,
1377,8/4/20 20:00,4.947,,,,
1378,8/4/20 20:15,4.921,,,,
1379,8/4/20 20:30,4.895,,,,
1380,8/4/20 20:45,4.869,,,,
1381,8/4/20 21:00,4.844,,,,
1382,8/4/20 21:15,4.818,,,,
1383,8/4/20 21:30,4.792,,,,
1384,8/4/20 21:45,4.766,,,,
1385,8/4/20 22:00,4.74,,,,
1386,8/4/20 22:15,4.688,,,,
1387,8/4/20 22:30,4.662,,,,
1388,8/4/20 22:45,4.636,,,,
1389,8/4/20 23:00,4.61,,,,
1390,8/4/20 23:15,4.584,,,,
1391,8/4/20 23:30,4.532,,,,
1392,8/4/20 23:45,4.506,,,,
1393,8/5/20 0:00,4.454,,,,
1394,8/5/20 0:15,4.428,,,,
1395,8/5/20 0:30,4.376,,,,
1396,8/5/20 0:45,4.324,,,,
1397,8/5/20 1:00,4.272,,,,
1398,8/5/20 1:15,4.22,,,,
1399,8/5/20 1:30,4.194,,,,
1400,8/5/20 1:45,4.141,,,,
1401,8/5/20 2:00,4.089,,,,
1402,8/5/20 2:15,4.063,,,,
1403,8/5/20 2:30,4.011,,,,
1404,8/5/20 2:45,3.958,,,,
1405,8/5/20 3:00,3.932,,,,
1406,8/5/20 3:15,3.88,,,,
1407,8/5/20 3:30,3.854,,,,
1408,8/5/20 3:45,3.827,,,,
1409,8/5/20 4:00,3.801,,,,
1410,8/5/20 4:15,3.749,,,,
1411,8/5/20 4:30,3.749,,,,
1412,8/5/20 4:45,3.696,,,,
1413,8/5/20 5:00,3.67,,,,
1414,8/5/20 5:15,3.643,,,,
1415,8/5/20 5:30,3.617,,,,
1416,8/5/20 5:45,3.591,,,,
1417,8/5/20 6:00,3.591,,,,
1418,8/5/20 6:15,3.564,,,,
1419,8/5/20 6:30,3.538,,,,
1420,8/5/20 6:45,3.538,,,,
1421,8/5/20 7:00,3.512,,,,
1422,8/5/20 7:15,3.485,,,,
1423,8/5/20 7:30,3.485,,,,
1424,8/5/20 7:45,3.485,,,,
1425,8/5/20 8:00,3.459,,,,
1426,8/5/20 8:15,3.459,,,,
1427,8/5/20 8:30,3.459,,,,
1428,8/5/20 8:45,3.433,,,,
1429,8/5/20 9:00,3.433,,,,
1430,8/5/20 9:15,3.433,,,,
1431,8/5/20 9:30,3.459,,,,
1432,8/5/20 9:45,3.459,,,,
1433,8/5/20 10:00,3.459,,,,
1434,8/5/20 10:15,3.485,,,,
1435,8/5/20 10:30,3.485,,,,
1436,8/5/20 10:45,3.512,,,,
1437,8/5/20 11:00,3.538,,,,
1438,8/5/20 11:15,3.538,,,,
1439,8/5/20 11:30,3.591,,,,
1440,8/5/20 11:45,3.617,,,,
1441,8/5/20 12:00,3.67,,,,
1442,8/5/20 12:15,3.722,,,,
1443,8/5/20 12:30,3.775,,,,
1444,8/5/20 12:45,3.854,,,,
1445,8/5/20 13:00,3.932,,,,
1446,8/5/20 13:15,4.011,,,,
1447,8/5/20 13:30,4.063,,,,
1448,8/5/20 13:45,4.168,,,,
1449,8/5/20 14:00,4.246,,,,
1450,8/5/20 14:15,4.324,,,,
1451,8/5/20 14:30,4.428,,,,
1452,8/5/20 14:45,4.506,,,,
1453,8/5/20 15:00,4.584,,,,
1454,8/5/20 15:15,4.688,,,,
1455,8/5/20 15:30,4.74,,,,
1456,8/5/20 15:45,4.818,,,,
1457,8/5/20 16:00,4.895,,,,
1458,8/5/20 16:15,4.973,,,,
1459,8/5/20 16:30,5.024,,,,
1460,8/5/20 16:45,5.102,,,,
1461,8/5/20 17:00,5.154,,,,
1462,8/5/20 17:15,5.179,,,,
1463,8/5/20 17:30,5.231,,,,
1464,8/5/20 17:45,5.257,,,,
1465,8/5/20 18:00,5.282,,,,
1466,8/5/20 18:15,5.282,,,,
1467,8/5/20 18:30,5.282,,,,
1468,8/5/20 18:45,5.308,,,,
1469,8/5/20 19:00,5.308,,,,
1470,8/5/20 19:15,5.308,,,,
1471,8/5/20 19:30,5.308,,,,
1472,8/5/20 19:45,5.282,,,,
1473,8/5/20 20:00,5.282,,,,
1474,8/5/20 20:15,5.257,,,,
1475,8/5/20 20:30,5.257,,,,
1476,8/5/20 20:45,5.231,,,,
1477,8/5/20 21:00,5.231,,,,
1478,8/5/20 21:15,5.205,,,,
1479,8/5/20 21:30,5.179,,,,
1480,8/5/20 21:45,5.154,,,,
1481,8/5/20 22:00,5.128,,,,
1482,8/5/20 22:15,5.102,,,,
1483,8/5/20 22:30,5.076,,,,
1484,8/5/20 22:45,5.024,,,,
1485,8/5/20 23:00,4.999,,,,
1486,8/5/20 23:15,4.947,,,,
1487,8/5/20 23:30,4.921,,,,
1488,8/5/20 23:45,4.869,,,,
1489,8/6/20 0:00,4.818,,,,
1490,8/6/20 0:15,4.792,,,,
1491,8/6/20 0:30,4.74,,,,
1492,8/6/20 0:45,4.688,,,,
1493,8/6/20 1:00,4.636,,,,
1494,8/6/20 1:15,4.584,,,,
1495,8/6/20 1:30,4.532,,,,
1496,8/6/20 1:45,4.48,,,,
1497,8/6/20 2:00,4.428,,,,
1498,8/6/20 2:15,4.376,,,,
1499,8/6/20 2:30,4.324,,,,
1500,8/6/20 2:45,4.298,,,,
1501,8/6/20 3:00,4.246,,,,
1502,8/6/20 3:15,4.194,,,,
1503,8/6/20 3:30,4.141,,,,
1504,8/6/20 3:45,4.089,,,,
1505,8/6/20 4:00,4.037,,,,
1506,8/6/20 4:15,3.985,,,,
1507,8/6/20 4:30,3.958,,,,
1508,8/6/20 4:45,3.906,,,,
1509,8/6/20 5:00,3.854,,,,
1510,8/6/20 5:15,3.801,,,,
1511,8/6/20 5:30,3.775,,,,
1512,8/6/20 5:45,3.722,,,,
1513,8/6/20 6:00,3.67,,,,
1514,8/6/20 6:15,3.643,,,,
1515,8/6/20 6:30,3.591,,,,
1516,8/6/20 6:45,3.564,,,,
1517,8/6/20 7:00,3.538,,,,
1518,8/6/20 7:15,3.485,,,,
1519,8/6/20 7:30,3.459,,,,
1520,8/6/20 7:45,3.433,,,,
1521,8/6/20 8:00,3.406,,,,
1522,8/6/20 8:15,3.38,,,,
1523,8/6/20 8:30,3.354,,,,
1524,8/6/20 8:45,3.327,,,,
1525,8/6/20 9:00,3.327,,,,
1526,8/6/20 9:15,3.327,,,,
1527,8/6/20 9:30,3.327,,,,
1528,8/6/20 9:45,3.327,,,,
1529,8/6/20 10:00,3.327,,,,
1530,8/6/20 10:15,3.327,,,,
1531,8/6/20 10:30,3.327,,,,
1532,8/6/20 10:45,3.354,,,,
1533,8/6/20 11:00,3.38,,,,
1534,8/6/20 11:15,3.406,,,,
1535,8/6/20 11:30,3.433,,,,
1536,8/6/20 11:45,3.459,,,,
1537,8/6/20 12:00,3.512,,,,
1538,8/6/20 12:15,3.538,,,,
1539,8/6/20 12:30,3.591,,,,
1540,8/6/20 12:45,3.67,,,,
1541,8/6/20 13:00,3.722,,,,
1542,8/6/20 13:15,3.775,,,,
1543,8/6/20 13:30,3.854,,,,
1544,8/6/20 13:45,3.906,,,,
1545,8/6/20 14:00,3.985,,,,
1546,8/6/20 14:15,4.037,,,,
1547,8/6/20 14:30,4.089,,,,
1548,8/6/20 14:45,4.141,,,,
1549,8/6/20 15:00,4.194,,,,
1550,8/6/20 15:15,4.246,,,,
1551,8/6/20 15:30,4.272,,,,
1552,8/6/20 15:45,4.324,,,,
1553,8/6/20 16:00,4.376,,,,
1554,8/6/20 16:15,4.402,,,,
1555,8/6/20 16:30,4.428,,,,
1556,8/6/20 16:45,4.454,,,,
1557,8/6/20 17:00,4.48,,,,
1558,8/6/20 17:15,4.506,,,,
1559,8/6/20 17:30,4.532,,,,
1560,8/6/20 17:45,4.584,,,,
1561,8/6/20 18:00,4.61,,,,
1562,8/6/20 18:15,4.636,,,,
1563,8/6/20 18:30,4.636,,,,
1564,8/6/20 18:45,4.662,,,,
1565,8/6/20 19:00,4.688,,,,
1566,8/6/20 19:15,4.688,,,,
1567,8/6/20 19:30,4.688,,,,
1568,8/6/20 19:45,4.688,,,,
1569,8/6/20 20:00,4.688,,,,
1570,8/6/20 20:15,4.688,,,,
1571,8/6/20 20:30,4.688,,,,
1572,8/6/20 20:45,4.662,,,,
1573,8/6/20 21:00,4.636,,,,
1574,8/6/20 21:15,4.636,,,,
1575,8/6/20 21:30,4.61,,,,
1576,8/6/20 21:45,4.584,,,,
1577,8/6/20 22:00,4.558,,,,
1578,8/6/20 22:15,4.532,,,,
1579,8/6/20 22:30,4.506,,,,
1580,8/6/20 22:45,4.48,,,,
1581,8/6/20 23:00,4.428,,,,
1582,8/6/20 23:15,4.402,,,,
1583,8/6/20 23:30,4.376,,,,
1584,8/6/20 23:45,4.324,,,,
1585,8/7/20 0:00,4.298,,,,
1586,8/7/20 0:15,4.246,,,,
1587,8/7/20 0:30,4.22,,,,
1588,8/7/20 0:45,4.168,,,,
1589,8/7/20 1:00,4.115,,,,
1590,8/7/20 1:15,4.089,,,,
1591,8/7/20 1:30,4.037,,,,
1592,8/7/20 1:45,4.011,,,,
1593,8/7/20 2:00,3.985,,,,
1594,8/7/20 2:15,3.958,,,,
1595,8/7/20 2:30,3.906,,,,
1596,8/7/20 2:45,3.906,,,,
1597,8/7/20 3:00,3.88,,,,
1598,8/7/20 3:15,3.854,,,,
1599,8/7/20 3:30,3.827,,,,
1600,8/7/20 3:45,3.801,,,,
1601,8/7/20 4:00,3.775,,,,
1602,8/7/20 4:15,3.749,,,,
1603,8/7/20 4:30,3.722,,,,
1604,8/7/20 4:45,3.696,,,,
1605,8/7/20 5:00,3.643,,,,
1606,8/7/20 5:15,3.643,,,,
1607,8/7/20 5:30,3.617,,,,
1608,8/7/20 5:45,3.591,,,,
1609,8/7/20 6:00,3.564,,,,
1610,8/7/20 6:15,3.538,,,,
1611,8/7/20 6:30,3.512,,,,
1612,8/7/20 6:45,3.485,,,,
1613,8/7/20 7:00,3.459,,,,
1614,8/7/20 7:15,3.433,,,,
1615,8/7/20 7:30,3.433,,,,
1616,8/7/20 7:45,3.406,,,,
1617,8/7/20 8:00,3.38,,,,
1618,8/7/20 8:15,3.354,,,,
1619,8/7/20 8:30,3.327,,,,
1620,8/7/20 8:45,3.327,,,,
1621,8/7/20 9:00,3.301,,,,
1622,8/7/20 9:15,3.301,,,,
1623,8/7/20 9:30,3.301,,,,
1624,8/7/20 9:45,3.274,,,,
1625,8/7/20 10:00,3.274,,,,
1626,8/7/20 10:15,3.301,,,,
1627,8/7/20 10:30,3.301,,,,
1628,8/7/20 10:45,3.327,,,,
1629,8/7/20 11:00,3.327,,,,
1630,8/7/20 11:15,3.38,,,,
1631,8/7/20 11:30,3.406,,,,
1632,8/7/20 11:45,3.433,,,,
1633,8/7/20 12:00,3.485,,,,
1634,8/7/20 12:15,3.512,,,,
1635,8/7/20 12:30,3.564,,,,
1636,8/7/20 12:45,3.617,,,,
1637,8/7/20 13:00,3.67,,,,
1638,8/7/20 13:15,3.722,,,,
1639,8/7/20 13:30,3.775,,,,
1640,8/7/20 13:45,3.854,,,,
1641,8/7/20 14:00,3.906,,,,
1642,8/7/20 14:15,3.985,,,,
1643,8/7/20 14:30,4.063,,,,
1644,8/7/20 14:45,4.141,,,,
1645,8/7/20 15:00,4.22,,,,
1646,8/7/20 15:15,4.272,,,,
1647,8/7/20 15:30,4.35,,,,
1648,8/7/20 15:45,4.428,,,,
1649,8/7/20 16:00,4.506,,,,
1650,8/7/20 16:15,4.584,,,,
1651,8/7/20 16:30,4.636,,,,
1652,8/7/20 16:45,4.688,,,,
1653,8/7/20 17:00,4.766,,,,
1654,8/7/20 17:15,4.818,,,,
1655,8/7/20 17:30,4.869,,,,
1656,8/7/20 17:45,4.947,,,,
1657,8/7/20 18:00,4.999,,,,
1658,8/7/20 18:15,5.024,,,,
1659,8/7/20 18:30,5.05,,,,
1660,8/7/20 18:45,5.102,,,,
1661,8/7/20 19:00,5.128,,,,
1662,8/7/20 19:15,5.154,,,,
1663,8/7/20 19:30,5.154,,,,
1664,8/7/20 19:45,5.179,,,,
1665,8/7/20 20:00,5.205,,,,
1666,8/7/20 20:15,5.205,,,,
1667,8/7/20 20:30,5.205,,,,
1668,8/7/20 20:45,5.205,,,,
1669,8/7/20 21:00,5.205,,,,
1670,8/7/20 21:15,5.205,,,,
1671,8/7/20 21:30,5.205,,,,
1672,8/7/20 21:45,5.179,,,,
1673,8/7/20 22:00,5.154,,,,
1674,8/7/20 22:15,5.128,,,,
1675,8/7/20 22:30,5.102,,,,
1676,8/7/20 22:45,5.076,,,,
1677,8/7/20 23:00,5.05,,,,
1678,8/7/20 23:15,5.024,,,,
1679,8/7/20 23:30,4.999,,,,
1680,8/7/20 23:45,4.947,,,,
1681,8/8/20 0:00,4.895,,,,
1682,8/8/20 0:15,4.869,,,,
1683,8/8/20 0:30,4.844,,,,
1684,8/8/20 0:45,4.792,,,,
1685,8/8/20 1:00,4.74,,,,
1686,8/8/20 1:15,4.714,,,,
1687,8/8/20 1:30,4.662,,,,
1688,8/8/20 1:45,4.61,,,,
1689,8/8/20 2:00,4.584,,,,
1690,8/8/20 2:15,4.532,,,,
1691,8/8/20 2:30,4.48,,,,
1692,8/8/20 2:45,4.428,,,,
1693,8/8/20 3:00,4.376,,,,
1694,8/8/20 3:15,4.324,,,,
1695,8/8/20 3:30,4.272,,,,
1696,8/8/20 3:45,4.22,,,,
1697,8/8/20 4:00,4.168,,,,
1698,8/8/20 4:15,4.115,,,,
1699,8/8/20 4:30,4.089,,,,
1700,8/8/20 4:45,4.037,,,,
1701,8/8/20 5:00,3.985,,,,
1702,8/8/20 5:15,3.958,,,,
1703,8/8/20 5:30,3.906,,,,
1704,8/8/20 5:45,3.854,,,,
1705,8/8/20 6:00,3.827,,,,
1706,8/8/20 6:15,3.775,,,,
1707,8/8/20 6:30,3.749,,,,
1708,8/8/20 6:45,3.696,,,,
1709,8/8/20 7:00,3.67,,,,
1710,8/8/20 7:15,3.643,,,,
1711,8/8/20 7:30,3.591,,,,
1712,8/8/20 7:45,3.564,,,,
1713,8/8/20 8:00,3.538,,,,
1714,8/8/20 8:15,3.512,,,,
1715,8/8/20 8:30,3.485,,,,
1716,8/8/20 8:45,3.459,,,,
1717,8/8/20 9:00,3.459,,,,
1718,8/8/20 9:15,3.433,,,,
1719,8/8/20 9:30,3.433,,,,
1720,8/8/20 9:45,3.406,,,,
1721,8/8/20 10:00,3.406,,,,
1722,8/8/20 10:15,3.406,,,,
1723,8/8/20 10:30,3.38,,,,
1724,8/8/20 10:45,3.38,,,,
1725,8/8/20 11:00,3.38,,,,
1726,8/8/20 11:15,3.406,,,,
1727,8/8/20 11:30,3.406,,,,
1728,8/8/20 11:45,3.406,,,,
1729,8/8/20 12:00,3.433,,,,
1730,8/8/20 12:15,3.433,,,,
1731,8/8/20 12:30,3.459,,,,
1732,8/8/20 12:45,3.485,,,,
1733,8/8/20 13:00,3.512,,,,
1734,8/8/20 13:15,3.538,,,,
1735,8/8/20 13:30,3.564,,,,
1736,8/8/20 13:45,3.591,,,,
1737,8/8/20 14:00,3.643,,,,
1738,8/8/20 14:15,3.67,,,,
1739,8/8/20 14:30,3.696,,,,
1740,8/8/20 14:45,3.749,,,,
1741,8/8/20 15:00,3.801,,,,
1742,8/8/20 15:15,3.854,,,,
1743,8/8/20 15:30,3.88,,,,
1744,8/8/20 15:45,3.958,,,,
1745,8/8/20 16:00,3.985,,,,
1746,8/8/20 16:15,4.037,,,,
1747,8/8/20 16:30,4.089,,,,
1748,8/8/20 16:45,4.141,,,,
1749,8/8/20 17:00,4.194,,,,
1750,8/8/20 17:15,4.246,,,,
1751,8/8/20 17:30,4.298,,,,
1752,8/8/20 17:45,4.35,,,,
1753,8/8/20 18:00,4.376,,,,
1754,8/8/20 18:15,4.428,,,,
1755,8/8/20 18:30,4.48,,,,
1756,8/8/20 18:45,4.506,,,,
1757,8/8/20 19:00,4.558,,,,
1758,8/8/20 19:15,4.584,,,,
1759,8/8/20 19:30,4.61,,,,
1760,8/8/20 19:45,4.636,,,,
1761,8/8/20 20:00,4.662,,,,
1762,8/8/20 20:15,4.688,,,,
1763,8/8/20 20:30,4.714,,,,
1764,8/8/20 20:45,4.714,,,,
1765,8/8/20 21:00,4.74,,,,
1766,8/8/20 21:15,4.74,,,,
1767,8/8/20 21:30,4.74,,,,
1768,8/8/20 21:45,4.74,,,,
1769,8/8/20 22:00,4.74,,,,
1770,8/8/20 22:15,4.714,,,,
1771,8/8/20 22:30,4.714,,,,
1772,8/8/20 22:45,4.688,,,,
1773,8/8/20 23:00,4.688,,,,
1774,8/8/20 23:15,4.662,,,,
1775,8/8/20 23:30,4.636,,,,
1776,8/8/20 23:45,4.61,,,,
1777,8/9/20 0:00,4.584,,,,
1778,8/9/20 0:15,4.532,,,,
1779,8/9/20 0:30,4.506,,,,
1780,8/9/20 0:45,4.48,,,,
1781,8/9/20 1:00,4.428,,,,
1782,8/9/20 1:15,4.402,,,,
1783,8/9/20 1:30,4.376,,,,
1784,8/9/20 1:45,4.324,,,,
1785,8/9/20 2:00,4.272,,,,
1786,8/9/20 2:15,4.246,,,,
1787,8/9/20 2:30,4.194,,,,
1788,8/9/20 2:45,4.168,,,,
1789,8/9/20 3:00,4.115,,,,
1790,8/9/20 3:15,4.063,,,,
1791,8/9/20 3:30,4.037,,,,
1792,8/9/20 3:45,3.985,,,,
1793,8/9/20 4:00,3.958,,,,
1794,8/9/20 4:15,3.906,,,,
1795,8/9/20 4:30,3.854,,,,
1796,8/9/20 4:45,3.801,,,,
1797,8/9/20 5:00,3.775,,,,
1798,8/9/20 5:15,3.722,,,,
1799,8/9/20 5:30,3.696,,,,
1800,8/9/20 5:45,3.643,,,,
1801,8/9/20 6:00,3.617,,,,
1802,8/9/20 6:15,3.564,,,,
1803,8/9/20 6:30,3.538,,,,
1804,8/9/20 6:45,3.512,,,,
1805,8/9/20 7:00,3.485,,,,
1806,8/9/20 7:15,3.433,,,,
1807,8/9/20 7:30,3.406,,,,
1808,8/9/20 7:45,3.38,,,,
1809,8/9/20 8:00,3.354,,,,
1810,8/9/20 8:15,3.327,,,,
1811,8/9/20 8:30,3.327,,,,
1812,8/9/20 8:45,3.301,,,,
1813,8/9/20 9:00,3.274,,,,
1814,8/9/20 9:15,3.274,,,,
1815,8/9/20 9:30,3.248,,,,
1816,8/9/20 9:45,3.248,,,,
1817,8/9/20 10:00,3.221,,,,
1818,8/9/20 10:15,3.221,,,,
1819,8/9/20 10:30,3.221,,,,
1820,8/9/20 10:45,3.221,,,,
1821,8/9/20 11:00,3.221,,,,
1822,8/9/20 11:15,3.248,,,,
1823,8/9/20 11:30,3.248,,,,
1824,8/9/20 11:45,3.274,,,,
1825,8/9/20 12:00,3.301,,,,
1826,8/9/20 12:15,3.327,,,,
1827,8/9/20 12:30,3.354,,,,
1828,8/9/20 12:45,3.406,,,,
1829,8/9/20 13:00,3.459,,,,
1830,8/9/20 13:15,3.512,,,,
1831,8/9/20 13:30,3.564,,,,
1832,8/9/20 13:45,3.643,,,,
1833,8/9/20 14:00,3.696,,,,
1834,8/9/20 14:15,3.775,,,,
1835,8/9/20 14:30,3.854,,,,
1836,8/9/20 14:45,3.932,,,,
1837,8/9/20 15:00,4.011,,,,
1838,8/9/20 15:15,4.089,,,,
1839,8/9/20 15:30,4.168,,,,
1840,8/9/20 15:45,4.272,,,,
1841,8/9/20 16:00,4.35,,,,
1842,8/9/20 16:15,4.428,,,,
1843,8/9/20 16:30,4.506,,,,
1844,8/9/20 16:45,4.584,,,,
1845,8/9/20 17:00,4.636,,,,
1846,8/9/20 17:15,4.688,,,,
1847,8/9/20 17:30,4.766,,,,
1848,8/9/20 17:45,4.818,,,,
1849,8/9/20 18:00,4.895,,,,
1850,8/9/20 18:15,4.947,,,,
1851,8/9/20 18:30,4.999,,,,
1852,8/9/20 18:45,5.024,,,,
1853,8/9/20 19:00,5.076,,,,
1854,8/9/20 19:15,5.102,,,,
1855,8/9/20 19:30,5.154,,,,
1856,8/9/20 19:45,5.154,,,,
1857,8/9/20 20:00,5.179,,,,
1858,8/9/20 20:15,5.205,,,,
1859,8/9/20 20:30,5.205,,,,
1860,8/9/20 20:45,5.205,,,,
1861,8/9/20 21:00,5.205,,,,
1862,8/9/20 21:15,5.205,,,,
1863,8/9/20 21:30,5.205,,,,
1864,8/9/20 21:45,5.205,,,,
1865,8/9/20 22:00,5.179,,,,
1866,8/9/20 22:15,5.179,,,,
1867,8/9/20 22:30,5.154,,,,
1868,8/9/20 22:45,5.128,,,,
1869,8/9/20 23:00,5.128,,,,
1870,8/9/20 23:15,5.102,,,,
1871,8/9/20 23:30,5.076,,,,
1872,8/9/20 23:45,5.05,,,,
1873,8/10/20 0:00,5.024,,,,
1874,8/10/20 0:15,4.999,,,,
1875,8/10/20 0:30,4.947,,,,
1876,8/10/20 0:45,4.921,,,,
1877,8/10/20 1:00,4.895,,,,
1878,8/10/20 1:15,4.844,,,,
1879,8/10/20 1:30,4.818,,,,
1880,8/10/20 1:45,4.792,,,,
1881,8/10/20 2:00,4.74,,,,
1882,8/10/20 2:15,4.714,,,,
1883,8/10/20 2:30,4.688,,,,
1884,8/10/20 2:45,4.636,,,,
1885,8/10/20 3:00,4.584,,,,
1886,8/10/20 3:15,4.558,,,,
1887,8/10/20 3:30,4.532,,,,
1888,8/10/20 3:45,4.48,,,,
1889,8/10/20 4:00,4.454,,,,
1890,8/10/20 4:15,4.428,,,,
1891,8/10/20 4:30,4.376,,,,
1892,8/10/20 4:45,4.35,,,,
1893,8/10/20 5:00,4.324,,,,
1894,8/10/20 5:15,4.272,,,,
1895,8/10/20 5:30,4.272,,,,
1896,8/10/20 5:45,4.22,,,,
1897,8/10/20 6:00,4.194,,,,
1898,8/10/20 6:15,4.168,,,,
1899,8/10/20 6:30,4.141,,,,
1900,8/10/20 6:45,4.115,,,,
1901,8/10/20 7:00,4.089,,,,
1902,8/10/20 7:15,4.063,,,,
1903,8/10/20 7:30,4.063,,,,
1904,8/10/20 7:45,4.037,,,,
1905,8/10/20 8:00,4.011,,,,
1906,8/10/20 8:15,3.985,,,,
1907,8/10/20 8:30,3.985,,,,
1908,8/10/20 8:45,3.958,,,,
1909,8/10/20 9:00,3.958,,,,
1910,8/10/20 9:15,3.932,,,,
1911,8/10/20 9:30,3.906,,,,
1912,8/10/20 9:45,3.906,,,,
1913,8/10/20 10:00,3.906,,,,
1914,8/10/20 10:15,3.88,,,,
1915,8/10/20 10:30,3.88,,,,
1916,8/10/20 10:45,3.854,,,,
1917,8/10/20 11:00,3.854,,,,
1918,8/10/20 11:15,3.854,,,,
1919,8/10/20 11:30,3.854,,,,
1920,8/10/20 11:45,3.854,,,,
1921,8/10/20 12:00,3.854,,,,
1922,8/10/20 12:15,3.854,,,,
1923,8/10/20 12:30,3.854,,,,
1924,8/10/20 12:45,3.88,,,,
1925,8/10/20 13:00,3.88,,,,
1926,8/10/20 13:15,3.88,,,,
1927,8/10/20 13:30,3.88,,,,
1928,8/10/20 13:45,3.906,,,,
1929,8/10/20 14:00,3.906,,,,
1930,8/10/20 14:15,3.906,,,,
1931,8/10/20 14:30,3.906,,,,
1932,8/10/20 14:45,3.932,,,,
1933,8/10/20 15:00,3.932,,,,
1934,8/10/20 15:15,3.958,,,,
1935,8/10/20 15:30,3.958,,,,
1936,8/10/20 15:45,3.958,,,,
1937,8/10/20 16:00,3.985,,,,
1938,8/10/20 16:15,4.011,,,,
1939,8/10/20 16:30,4.011,,,,
1940,8/10/20 16:45,4.037,,,,
1941,8/10/20 17:00,4.063,,,,
1942,8/10/20 17:15,4.089,,,,
1943,8/10/20 17:30,4.115,,,,
1944,8/10/20 17:45,4.141,,,,
1945,8/10/20 18:00,4.168,,,,
1946,8/10/20 18:15,4.168,,,,
1947,8/10/20 18:30,4.194,,,,
1948,8/10/20 18:45,4.22,,,,
1949,8/10/20 19:00,4.246,,,,
1950,8/10/20 19:15,4.246,,,,
1951,8/10/20 19:30,4.272,,,,
1952,8/10/20 19:45,4.272,,,,
1953,8/10/20 20:00,4.272,,,,
1954,8/10/20 20:15,4.298,,,,
1955,8/10/20 20:30,4.298,,,,
1956,8/10/20 20:45,4.298,,,,
1957,8/10/20 21:00,4.298,,,,
1958,8/10/20 21:15,4.298,,,,
1959,8/10/20 21:30,4.298,,,,
1960,8/10/20 21:45,4.298,,,,
1961,8/10/20 22:00,4.298,,,,
1962,8/10/20 22:15,4.272,,,,
1963,8/10/20 22:30,4.272,,,,
1964,8/10/20 22:45,4.272,,,,
1965,8/10/20 23:00,4.246,,,,
1966,8/10/20 23:15,4.246,,,,
1967,8/10/20 23:30,4.22,,,,
1968,8/10/20 23:45,4.22,,,,
1969,8/11/20 0:00,4.194,,,,
1970,8/11/20 0:15,4.168,,,,
1971,8/11/20 0:30,4.168,,,,
1972,8/11/20 0:45,4.141,,,,
1973,8/11/20 1:00,4.115,,,,
1974,8/11/20 1:15,4.115,,,,
1975,8/11/20 1:30,4.089,,,,
1976,8/11/20 1:45,4.063,,,,
1977,8/11/20 2:00,4.063,,,,
1978,8/11/20 2:15,4.037,,,,
1979,8/11/20 2:30,4.011,,,,
1980,8/11/20 2:45,3.985,,,,
1981,8/11/20 3:00,3.958,,,,
1982,8/11/20 3:15,3.958,,,,
1983,8/11/20 3:30,3.932,,,,
1984,8/11/20 3:45,3.906,,,,
1985,8/11/20 4:00,3.88,,,,
1986,8/11/20 4:15,3.854,,,,
1987,8/11/20 4:30,3.854,,,,
1988,8/11/20 4:45,3.827,,,,
1989,8/11/20 5:00,3.801,,,,
1990,8/11/20 5:15,3.775,,,,
1991,8/11/20 5:30,3.749,,,,
1992,8/11/20 5:45,3.722,,,,
1993,8/11/20 6:00,3.696,,,,
1994,8/11/20 6:15,3.696,,,,
1995,8/11/20 6:30,3.643,,,,
1996,8/11/20 6:45,3.643,,,,
1997,8/11/20 7:00,3.617,,,,
1998,8/11/20 7:15,3.591,,,,
1999,8/11/20 7:30,3.564,,,,
2000,8/11/20 7:45,3.538,,,,
2001,8/11/20 8:00,3.538,,,,
2002,8/11/20 8:15,3.512,,,,
2003,8/11/20 8:30,3.485,,,,
2004,8/11/20 8:45,3.485,,,,
2005,8/11/20 9:00,3.485,,,,
2006,8/11/20 9:15,3.459,,,,
2007,8/11/20 9:30,3.459,,,,
2008,8/11/20 9:45,3.433,,,,
2009,8/11/20 10:00,3.433,,,,
2010,8/11/20 10:15,3.433,,,,
2011,8/11/20 10:30,3.433,,,,
2012,8/11/20 10:45,3.433,,,,
2013,8/11/20 11:00,3.433,,,,
2014,8/11/20 11:15,3.433,,,,
2015,8/11/20 11:30,3.406,,,,
2016,8/11/20 11:45,3.433,,,,
2017,8/11/20 12:00,3.433,,,,
2018,8/11/20 12:15,3.433,,,,
2019,8/11/20 12:30,3.433,,,,
2020,8/11/20 12:45,3.433,,,,
2021,8/11/20 13:00,3.459,,,,
2022,8/11/20 13:15,3.459,,,,
2023,8/11/20 13:30,3.485,,,,
2024,8/11/20 13:45,3.485,,,,
2025,8/11/20 14:00,3.512,,,,
2026,8/11/20 14:15,3.538,,,,
2027,8/11/20 14:30,3.538,,,,
2028,8/11/20 14:45,3.564,,,,
2029,8/11/20 15:00,3.591,,,,
2030,8/11/20 15:15,3.591,,,,
2031,8/11/20 15:30,3.617,,,,
2032,8/11/20 15:45,3.643,,,,
2033,8/11/20 16:00,3.67,,,,
2034,8/11/20 16:15,3.67,,,,
2035,8/11/20 16:30,3.696,,,,
2036,8/11/20 16:45,3.722,,,,
2037,8/11/20 17:00,3.749,,,,
2038,8/11/20 17:15,3.749,,,,
2039,8/11/20 17:30,3.775,,,,
2040,8/11/20 17:45,3.801,,,,
2041,8/11/20 18:00,3.827,,,,
2042,8/11/20 18:15,3.854,,,,
2043,8/11/20 18:30,3.88,,,,
2044,8/11/20 18:45,3.88,,,,
2045,8/11/20 19:00,3.906,,,,
2046,8/11/20 19:15,3.932,,,,
2047,8/11/20 19:30,3.958,,,,
2048,8/11/20 19:45,3.958,,,,
2049,8/11/20 20:00,3.985,,,,
2050,8/11/20 20:15,3.985,,,,
2051,8/11/20 20:30,4.011,,,,
2052,8/11/20 20:45,4.011,,,,
2053,8/11/20 21:00,4.011,,,,
2054,8/11/20 21:15,4.011,,,,
2055,8/11/20 21:30,4.011,,,,
2056,8/11/20 21:45,4.011,,,,
2057,8/11/20 22:00,4.011,,,,
2058,8/11/20 22:15,4.011,,,,
2059,8/11/20 22:30,4.011,,,,
2060,8/11/20 22:45,4.011,,,,
2061,8/11/20 23:00,3.985,,,,
2062,8/11/20 23:15,3.958,,,,
2063,8/11/20 23:30,3.958,,,,
2064,8/11/20 23:45,3.958,,,,
2065,8/12/20 0:00,3.932,,,,
2066,8/12/20 0:15,3.906,,,,
2067,8/12/20 0:30,3.906,,,,
2068,8/12/20 0:45,3.88,,,,
2069,8/12/20 1:00,3.854,,,,
2070,8/12/20 1:15,3.854,,,,
2071,8/12/20 1:30,3.827,,,,
2072,8/12/20 1:45,3.801,,,,
2073,8/12/20 2:00,3.801,,,,
2074,8/12/20 2:15,3.775,,,,
2075,8/12/20 2:30,3.749,,,,
2076,8/12/20 2:45,3.749,,,,
2077,8/12/20 3:00,3.722,,,,
2078,8/12/20 3:15,3.696,,,,
2079,8/12/20 3:30,3.67,,,,
2080,8/12/20 3:45,3.643,,,,
2081,8/12/20 4:00,3.643,,,,
2082,8/12/20 4:15,3.617,,,,
2083,8/12/20 4:30,3.591,,,,
2084,8/12/20 4:45,3.591,,,,
2085,8/12/20 5:00,3.564,,,,
2086,8/12/20 5:15,3.538,,,,
2087,8/12/20 5:30,3.538,,,,
2088,8/12/20 5:45,3.512,,,,
2089,8/12/20 6:00,3.485,,,,
2090,8/12/20 6:15,3.485,,,,
2091,8/12/20 6:30,3.459,,,,
2092,8/12/20 6:45,3.459,,,,
2093,8/12/20 7:00,3.433,,,,
2094,8/12/20 7:15,3.433,,,,
2095,8/12/20 7:30,3.406,,,,
2096,8/12/20 7:45,3.38,,,,
2097,8/12/20 8:00,3.38,,,,
2098,8/12/20 8:15,3.38,,,,
2099,8/12/20 8:30,3.354,,,,
2100,8/12/20 8:45,3.354,,,,
2101,8/12/20 9:00,3.354,,,,
2102,8/12/20 9:15,3.327,,,,
2103,8/12/20 9:30,3.327,,,,
2104,8/12/20 9:45,3.327,,,,
2105,8/12/20 10:00,3.327,,,,
2106,8/12/20 10:15,3.327,,,,
2107,8/12/20 10:30,3.327,,,,
2108,8/12/20 10:45,3.327,,,,
2109,8/12/20 11:00,3.327,,,,
2110,8/12/20 11:15,3.327,,,,
2111,8/12/20 11:30,3.354,,,,
2112,8/12/20 11:45,3.354,,,,
2113,8/12/20 12:00,3.354,,,,
2114,8/12/20 12:15,3.38,,,,
2115,8/12/20 12:30,3.38,,,,
2116,8/12/20 12:45,3.406,,,,
2117,8/12/20 13:00,3.433,,,,
2118,8/12/20 13:15,3.459,,,,
2119,8/12/20 13:30,3.485,,,,
2120,8/12/20 13:45,3.485,,,,
2121,8/12/20 14:00,3.538,,,,
2122,8/12/20 14:15,3.538,,,,
2123,8/12/20 14:30,3.564,,,,
2124,8/12/20 14:45,3.591,,,,
2125,8/12/20 15:00,3.617,,,,
2126,8/12/20 15:15,3.643,,,,
2127,8/12/20 15:30,3.67,,,,
2128,8/12/20 15:45,3.696,,,,
2129,8/12/20 16:00,3.722,,,,
2130,8/12/20 16:15,3.749,,,,
2131,8/12/20 16:30,3.749,,,,
2132,8/12/20 16:45,3.775,,,,
2133,8/12/20 17:00,3.801,,,,
2134,8/12/20 17:15,3.827,,,,
2135,8/12/20 17:30,3.854,,,,
2136,8/12/20 17:45,3.854,,,,
2137,8/12/20 18:00,3.88,,,,
2138,8/12/20 18:15,3.88,,,,
2139,8/12/20 18:30,3.906,,,,
2140,8/12/20 18:45,3.906,,,,
2141,8/12/20 19:00,3.906,,,,
2142,8/12/20 19:15,3.932,,,,
2143,8/12/20 19:30,3.932,,,,
2144,8/12/20 19:45,3.958,,,,
2145,8/12/20 20:00,3.958,,,,
2146,8/12/20 20:15,3.958,,,,
2147,8/12/20 20:30,3.958,,,,
2148,8/12/20 20:45,3.958,,,,
2149,8/12/20 21:00,3.958,,,,
2150,8/12/20 21:15,3.958,,,,
2151,8/12/20 21:30,3.958,,,,
2152,8/12/20 21:45,3.958,,,,
2153,8/12/20 22:00,3.958,,,,
2154,8/12/20 22:15,3.932,,,,
2155,8/12/20 22:30,3.906,,,,
2156,8/12/20 22:45,3.906,,,,
2157,8/12/20 23:00,3.88,,,,
2158,8/12/20 23:15,3.88,,,,
2159,8/12/20 23:30,3.854,,,,
2160,8/12/20 23:45,3.854,,,,
2161,8/13/20 0:00,3.827,,,,
2162,8/13/20 0:15,3.801,,,,
2163,8/13/20 0:30,3.801,,,,
2164,8/13/20 0:45,3.775,,,,
2165,8/13/20 1:00,3.775,,,,
2166,8/13/20 1:15,3.749,,,,
2167,8/13/20 1:30,3.749,,,,
2168,8/13/20 1:45,3.722,,,,
2169,8/13/20 2:00,3.696,,,,
2170,8/13/20 2:15,3.67,,,,
2171,8/13/20 2:30,3.643,,,,
2172,8/13/20 2:45,3.643,,,,
2173,8/13/20 3:00,3.617,,,,
2174,8/13/20 3:15,3.591,,,,
2175,8/13/20 3:30,3.564,,,,
2176,8/13/20 3:45,3.538,,,,
2177,8/13/20 4:00,3.538,,,,
2178,8/13/20 4:15,3.512,,,,
2179,8/13/20 4:30,3.485,,,,
2180,8/13/20 4:45,3.459,,,,
2181,8/13/20 5:00,3.433,,,,
2182,8/13/20 5:15,3.433,,,,
2183,8/13/20 5:30,3.406,,,,
2184,8/13/20 5:45,3.38,,,,
2185,8/13/20 6:00,3.38,,,,
2186,8/13/20 6:15,3.354,,,,
2187,8/13/20 6:30,3.354,,,,
2188,8/13/20 6:45,3.327,,,,
2189,8/13/20 7:00,3.327,,,,
2190,8/13/20 7:15,3.301,,,,
2191,8/13/20 7:30,3.301,,,,
2192,8/13/20 7:45,3.274,,,,
2193,8/13/20 8:00,3.274,,,,
2194,8/13/20 8:15,3.274,,,,
2195,8/13/20 8:30,3.248,,,,
2196,8/13/20 8:45,3.248,,,,
2197,8/13/20 9:00,3.248,,,,
2198,8/13/20 9:15,3.221,,,,
2199,8/13/20 9:30,3.221,,,,
2200,8/13/20 9:45,3.221,,,,
2201,8/13/20 10:00,3.221,,,,
2202,8/13/20 10:15,3.221,,,,
2203,8/13/20 10:30,3.221,,,,
2204,8/13/20 10:45,3.221,,,,
2205,8/13/20 11:00,3.221,,,,
2206,8/13/20 11:15,3.221,,,,
2207,8/13/20 11:30,3.221,,,,
2208,8/13/20 11:45,3.221,,,,
2209,8/13/20 12:00,3.248,,,,
2210,8/13/20 12:15,3.248,,,,
2211,8/13/20 12:30,3.248,,,,
2212,8/13/20 12:45,3.274,,,,
2213,8/13/20 13:00,3.274,,,,
2214,8/13/20 13:15,3.301,,,,
2215,8/13/20 13:30,3.327,,,,
2216,8/13/20 13:45,3.354,,,,
2217,8/13/20 14:00,3.38,,,,
2218,8/13/20 14:15,3.406,,,,
2219,8/13/20 14:30,3.433,,,,
2220,8/13/20 14:45,3.485,,,,
2221,8/13/20 15:00,3.538,,,,
2222,8/13/20 15:15,3.564,,,,
2223,8/13/20 15:30,3.617,,,,
2224,8/13/20 15:45,3.643,,,,
2225,8/13/20 16:00,3.696,,,,
2226,8/13/20 16:15,3.749,,,,
2227,8/13/20 16:30,3.775,,,,
2228,8/13/20 16:45,3.801,,,,
2229,8/13/20 17:00,3.827,,,,
2230,8/13/20 17:15,3.854,,,,
2231,8/13/20 17:30,3.88,,,,
2232,8/13/20 17:45,3.906,,,,
2233,8/13/20 18:00,3.932,,,,
2234,8/13/20 18:15,3.958,,,,
2235,8/13/20 18:30,3.958,,,,
2236,8/13/20 18:45,3.985,,,,
2237,8/13/20 19:00,4.011,,,,
2238,8/13/20 19:15,4.037,,,,
2239,8/13/20 19:30,4.063,,,,
2240,8/13/20 19:45,4.063,,,,
2241,8/13/20 20:00,4.089,,,,
2242,8/13/20 20:15,4.115,,,,
2243,8/13/20 20:30,4.115,,,,
2244,8/13/20 20:45,4.115,,,,
2245,8/13/20 21:00,4.115,,,,
2246,8/13/20 21:15,4.115,,,,
2247,8/13/20 21:30,4.115,,,,
2248,8/13/20 21:45,4.115,,,,
2249,8/13/20 22:00,4.115,,,,
2250,8/13/20 22:15,4.115,,,,
2251,8/13/20 22:30,4.089,,,,
2252,8/13/20 22:45,4.089,,,,
2253,8/13/20 23:00,4.063,,,,
2254,8/13/20 23:15,4.063,,,,
2255,8/13/20 23:30,4.037,,,,
2256,8/13/20 23:45,4.011,,,,
2257,8/14/20 0:00,3.985,,,,
2258,8/14/20 0:15,3.958,,,,
2259,8/14/20 0:30,3.958,,,,
2260,8/14/20 0:45,3.906,,,,
2261,8/14/20 1:00,3.906,,,,
2262,8/14/20 1:15,3.854,,,,
2263,8/14/20 1:30,3.827,,,,
2264,8/14/20 1:45,3.801,,,,
2265,8/14/20 2:00,3.775,,,,
2266,8/14/20 2:15,3.749,,,,
2267,8/14/20 2:30,3.722,,,,
2268,8/14/20 2:45,3.67,,,,
2269,8/14/20 3:00,3.643,,,,
2270,8/14/20 3:15,3.617,,,,
2271,8/14/20 3:30,3.591,,,,
2272,8/14/20 3:45,3.538,,,,
2273,8/14/20 4:00,3.538,,,,
2274,8/14/20 4:15,3.485,,,,
2275,8/14/20 4:30,3.459,,,,
2276,8/14/20 4:45,3.433,,,,
2277,8/14/20 5:00,3.38,,,,
2278,8/14/20 5:15,3.354,,,,
2279,8/14/20 5:30,3.327,,,,
2280,8/14/20 5:45,3.301,,,,
2281,8/14/20 6:00,3.274,,,,
2282,8/14/20 6:15,3.248,,,,
2283,8/14/20 6:30,3.221,,,,
2284,8/14/20 6:45,3.168,,,,
2285,8/14/20 7:00,3.142,,,,
2286,8/14/20 7:15,3.116,,,,
2287,8/14/20 7:30,3.116,,,,
2288,8/14/20 7:45,3.063,,,,
2289,8/14/20 8:00,3.036,,,,
2290,8/14/20 8:15,3.009,,,,
2291,8/14/20 8:30,3.009,,,,
2292,8/14/20 8:45,2.983,,,,
2293,8/14/20 9:00,2.956,,,,
2294,8/14/20 9:15,2.93,,,,
2295,8/14/20 9:30,2.93,,,,
2296,8/14/20 9:45,2.903,,,,
2297,8/14/20 10:00,2.903,,,,
2298,8/14/20 10:15,2.903,,,,
2299,8/14/20 10:30,2.903,,,,
2300,8/14/20 10:45,2.877,,,,
2301,8/14/20 11:00,2.877,,,,
2302,8/14/20 11:15,2.903,,,,
2303,8/14/20 11:30,2.903,,,,
2304,8/14/20 11:45,2.903,,,,
2305,8/14/20 12:00,2.903,,,,
2306,8/14/20 12:15,2.93,,,,
2307,8/14/20 12:30,2.93,,,,
2308,8/14/20 12:45,2.956,,,,
2309,8/14/20 13:00,2.983,,,,
2310,8/14/20 13:15,3.009,,,,
2311,8/14/20 13:30,3.036,,,,
2312,8/14/20 13:45,3.063,,,,
2313,8/14/20 14:00,3.116,,,,
2314,8/14/20 14:15,3.142,,,,
2315,8/14/20 14:30,3.168,,,,
2316,8/14/20 14:45,3.221,,,,
2317,8/14/20 15:00,3.248,,,,
2318,8/14/20 15:15,3.301,,,,
2319,8/14/20 15:30,3.354,,,,
2320,8/14/20 15:45,3.406,,,,
2321,8/14/20 16:00,3.433,,,,
2322,8/14/20 16:15,3.485,,,,
2323,8/14/20 16:30,3.538,,,,
2324,8/14/20 16:45,3.591,,,,
2325,8/14/20 17:00,3.643,,,,
2326,8/14/20 17:15,3.696,,,,
2327,8/14/20 17:30,3.749,,,,
2328,8/14/20 17:45,3.775,,,,
2329,8/14/20 18:00,3.827,,,,
2330,8/14/20 18:15,3.854,,,,
2331,8/14/20 18:30,3.906,,,,
2332,8/14/20 18:45,3.932,,,,
2333,8/14/20 19:00,3.958,,,,
2334,8/14/20 19:15,3.985,,,,
2335,8/14/20 19:30,4.011,,,,
2336,8/14/20 19:45,4.037,,,,
2337,8/14/20 20:00,4.063,,,,
2338,8/14/20 20:15,4.089,,,,
2339,8/14/20 20:30,4.089,,,,
2340,8/14/20 20:45,4.115,,,,
2341,8/14/20 21:00,4.115,,,,
2342,8/14/20 21:15,4.141,,,,
2343,8/14/20 21:30,4.141,,,,
2344,8/14/20 21:45,4.141,,,,
2345,8/14/20 22:00,4.141,,,,
2346,8/14/20 22:15,4.115,,,,
2347,8/14/20 22:30,4.115,,,,
2348,8/14/20 22:45,4.115,,,,
2349,8/14/20 23:00,4.115,,,,
2350,8/14/20 23:15,4.089,,,,
2351,8/14/20 23:30,4.063,,,,
2352,8/14/20 23:45,4.063,,,,
2353,8/15/20 0:00,4.037,,,,
2354,8/15/20 0:15,4.037,,,,
2355,8/15/20 0:30,4.011,,,,
2356,8/15/20 0:45,3.985,,,,
2357,8/15/20 1:00,3.958,,,,
2358,8/15/20 1:15,3.958,,,,
2359,8/15/20 1:30,3.906,,,,
2360,8/15/20 1:45,3.906,,,,
2361,8/15/20 2:00,3.854,,,,
2362,8/15/20 2:15,3.854,,,,
2363,8/15/20 2:30,3.801,,,,
2364,8/15/20 2:45,3.775,,,,
2365,8/15/20 3:00,3.749,,,,
2366,8/15/20 3:15,3.722,,,,
2367,8/15/20 3:30,3.696,,,,
2368,8/15/20 3:45,3.67,,,,
2369,8/15/20 4:00,3.643,,,,
2370,8/15/20 4:15,3.591,,,,
2371,8/15/20 4:30,3.564,,,,
2372,8/15/20 4:45,3.538,,,,
2373,8/15/20 5:00,3.512,,,,
2374,8/15/20 5:15,3.485,,,,
2375,8/15/20 5:30,3.459,,,,
2376,8/15/20 5:45,3.433,,,,
2377,8/15/20 6:00,3.406,,,,
2378,8/15/20 6:15,3.38,,,,
2379,8/15/20 6:30,3.354,,,,
2380,8/15/20 6:45,3.327,,,,
2381,8/15/20 7:00,3.301,,,,
2382,8/15/20 7:15,3.274,,,,
2383,8/15/20 7:30,3.248,,,,
2384,8/15/20 7:45,3.221,,,,
2385,8/15/20 8:00,3.221,,,,
2386,8/15/20 8:15,3.195,,,,
2387,8/15/20 8:30,3.168,,,,
2388,8/15/20 8:45,3.168,,,,
2389,8/15/20 9:00,3.142,,,,
2390,8/15/20 9:15,3.116,,,,
2391,8/15/20 9:30,3.116,,,,
2392,8/15/20 9:45,3.116,,,,
2393,8/15/20 10:00,3.116,,,,
2394,8/15/20 10:15,3.089,,,,
2395,8/15/20 10:30,3.089,,,,
2396,8/15/20 10:45,3.089,,,,
2397,8/15/20 11:00,3.089,,,,
2398,8/15/20 11:15,3.116,,,,
2399,8/15/20 11:30,3.116,,,,
2400,8/15/20 11:45,3.116,,,,
2401,8/15/20 12:00,3.116,,,,
2402,8/15/20 12:15,3.116,,,,
2403,8/15/20 12:30,3.142,,,,
2404,8/15/20 12:45,3.168,,,,
2405,8/15/20 13:00,3.168,,,,
2406,8/15/20 13:15,3.195,,,,
2407,8/15/20 13:30,3.221,,,,
2408,8/15/20 13:45,3.248,,,,
2409,8/15/20 14:00,3.274,,,,
2410,8/15/20 14:15,3.301,,,,
2411,8/15/20 14:30,3.327,,,,
2412,8/15/20 14:45,3.38,,,,
2413,8/15/20 15:00,3.406,,,,
2414,8/15/20 15:15,3.459,,,,
2415,8/15/20 15:30,3.485,,,,
2416,8/15/20 15:45,3.538,,,,
2417,8/15/20 16:00,3.564,,,,
2418,8/15/20 16:15,3.617,,,,
2419,8/15/20 16:30,3.67,,,,
2420,8/15/20 16:45,3.696,,,,
2421,8/15/20 17:00,3.749,,,,
2422,8/15/20 17:15,3.775,,,,
2423,8/15/20 17:30,3.827,,,,
2424,8/15/20 17:45,3.854,,,,
2425,8/15/20 18:00,3.906,,,,
2426,8/15/20 18:15,3.958,,,,
2427,8/15/20 18:30,3.985,,,,
2428,8/15/20 18:45,4.011,,,,
2429,8/15/20 19:00,4.063,,,,
2430,8/15/20 19:15,4.089,,,,
2431,8/15/20 19:30,4.115,,,,
2432,8/15/20 19:45,4.168,,,,
2433,8/15/20 20:00,4.194,,,,
2434,8/15/20 20:15,4.22,,,,
2435,8/15/20 20:30,4.22,,,,
2436,8/15/20 20:45,4.246,,,,
2437,8/15/20 21:00,4.272,,,,
2438,8/15/20 21:15,4.272,,,,
2439,8/15/20 21:30,4.298,,,,
2440,8/15/20 21:45,4.298,,,,
2441,8/15/20 22:00,4.298,,,,
2442,8/15/20 22:15,4.298,,,,
2443,8/15/20 22:30,4.298,,,,
2444,8/15/20 22:45,4.298,,,,
2445,8/15/20 23:00,4.272,,,,
2446,8/15/20 23:15,4.272,,,,
2447,8/15/20 23:30,4.272,,,,
2448,8/15/20 23:45,4.246,,,,
2449,8/16/20 0:00,4.22,,,,
2450,8/16/20 0:15,4.194,,,,
2451,8/16/20 0:30,4.168,,,,
2452,8/16/20 0:45,4.168,,,,
2453,8/16/20 1:00,4.141,,,,
2454,8/16/20 1:15,4.115,,,,
2455,8/16/20 1:30,4.063,,,,
2456,8/16/20 1:45,4.063,,,,
2457,8/16/20 2:00,4.011,,,,
2458,8/16/20 2:15,3.985,,,,
2459,8/16/20 2:30,3.958,,,,
2460,8/16/20 2:45,3.932,,,,
2461,8/16/20 3:00,3.906,,,,
2462,8/16/20 3:15,3.854,,,,
2463,8/16/20 3:30,3.827,,,,
2464,8/16/20 3:45,3.801,,,,
2465,8/16/20 4:00,3.749,,,,
2466,8/16/20 4:15,3.722,,,,
2467,8/16/20 4:30,3.696,,,,
2468,8/16/20 4:45,3.67,,,,
2469,8/16/20 5:00,3.617,,,,
2470,8/16/20 5:15,3.591,,,,
2471,8/16/20 5:30,3.564,,,,
2472,8/16/20 5:45,3.538,,,,
2473,8/16/20 6:00,3.485,,,,
2474,8/16/20 6:15,3.459,,,,
2475,8/16/20 6:30,3.433,,,,
2476,8/16/20 6:45,3.406,,,,
2477,8/16/20 7:00,3.38,,,,
2478,8/16/20 7:15,3.327,,,,
2479,8/16/20 7:30,3.301,,,,
2480,8/16/20 7:45,3.274,,,,
2481,8/16/20 8:00,3.248,,,,
2482,8/16/20 8:15,3.221,,,,
2483,8/16/20 8:30,3.195,,,,
2484,8/16/20 8:45,3.168,,,,
2485,8/16/20 9:00,3.142,,,,
2486,8/16/20 9:15,3.116,,,,
2487,8/16/20 9:30,3.116,,,,
2488,8/16/20 9:45,3.089,,,,
2489,8/16/20 10:00,3.063,,,,
2490,8/16/20 10:15,3.063,,,,
2491,8/16/20 10:30,3.036,,,,
2492,8/16/20 10:45,3.036,,,,
2493,8/16/20 11:00,3.036,,,,
2494,8/16/20 11:15,3.036,,,,
2495,8/16/20 11:30,3.036,,,,
2496,8/16/20 11:45,3.036,,,,
2497,8/16/20 12:00,3.036,,,,
2498,8/16/20 12:15,3.036,,,,
2499,8/16/20 12:30,3.063,,,,
2500,8/16/20 12:45,3.063,,,,
2501,8/16/20 13:00,3.116,,,,
2502,8/16/20 13:15,3.116,,,,
2503,8/16/20 13:30,3.142,,,,
2504,8/16/20 13:45,3.168,,,,
2505,8/16/20 14:00,3.195,,,,
2506,8/16/20 14:15,3.221,,,,
2507,8/16/20 14:30,3.274,,,,
2508,8/16/20 14:45,3.327,,,,
2509,8/16/20 15:00,3.354,,,,
2510,8/16/20 15:15,3.38,,,,
2511,8/16/20 15:30,3.433,,,,
2512,8/16/20 15:45,3.485,,,,
2513,8/16/20 16:00,3.538,,,,
2514,8/16/20 16:15,3.564,,,,
2515,8/16/20 16:30,3.617,,,,
2516,8/16/20 16:45,3.67,,,,
2517,8/16/20 17:00,3.722,,,,
2518,8/16/20 17:15,3.775,,,,
2519,8/16/20 17:30,3.801,,,,
2520,8/16/20 17:45,3.854,,,,
2521,8/16/20 18:00,3.906,,,,
2522,8/16/20 18:15,3.958,,,,
2523,8/16/20 18:30,3.985,,,,
2524,8/16/20 18:45,4.011,,,,
2525,8/16/20 19:00,4.063,,,,
2526,8/16/20 19:15,4.089,,,,
2527,8/16/20 19:30,4.115,,,,
2528,8/16/20 19:45,4.141,,,,
2529,8/16/20 20:00,4.168,,,,
2530,8/16/20 20:15,4.194,,,,
2531,8/16/20 20:30,4.194,,,,
2532,8/16/20 20:45,4.22,,,,
2533,8/16/20 21:00,4.22,,,,
2534,8/16/20 21:15,4.246,,,,
2535,8/16/20 21:30,4.246,,,,
2536,8/16/20 21:45,4.272,,,,
2537,8/16/20 22:00,4.272,,,,
2538,8/16/20 22:15,4.272,,,,
2539,8/16/20 22:30,4.272,,,,
2540,8/16/20 22:45,4.272,,,,
2541,8/16/20 23:00,4.246,,,,
2542,8/16/20 23:15,4.246,,,,
2543,8/16/20 23:30,4.246,,,,
2544,8/16/20 23:45,4.22,,,,
2545,8/17/20 0:00,4.22,,,,
2546,8/17/20 0:15,4.194,,,,
2547,8/17/20 0:30,4.194,,,,
2548,8/17/20 0:45,4.168,,,,
2549,8/17/20 1:00,4.141,,,,
2550,8/17/20 1:15,4.115,,,,
2551,8/17/20 1:30,4.089,,,,
2552,8/17/20 1:45,4.063,,,,
2553,8/17/20 2:00,4.063,,,,
2554,8/17/20 2:15,4.011,,,,
2555,8/17/20 2:30,3.985,,,,
2556,8/17/20 2:45,3.958,,,,
2557,8/17/20 3:00,3.958,,,,
2558,8/17/20 3:15,3.906,,,,
2559,8/17/20 3:30,3.88,,,,
2560,8/17/20 3:45,3.854,,,,
2561,8/17/20 4:00,3.827,,,,
2562,8/17/20 4:15,3.801,,,,
2563,8/17/20 4:30,3.749,,,,
2564,8/17/20 4:45,3.722,,,,
2565,8/17/20 5:00,3.696,,,,
2566,8/17/20 5:15,3.67,,,,
2567,8/17/20 5:30,3.643,,,,
2568,8/17/20 5:45,3.617,,,,
2569,8/17/20 6:00,3.564,,,,
2570,8/17/20 6:15,3.538,,,,
2571,8/17/20 6:30,3.512,,,,
2572,8/17/20 6:45,3.485,,,,
2573,8/17/20 7:00,3.459,,,,
2574,8/17/20 7:15,3.433,,,,
2575,8/17/20 7:30,3.406,,,,
2576,8/17/20 7:45,3.38,,,,
2577,8/17/20 8:00,3.327,,,,
2578,8/17/20 8:15,3.301,,,,
2579,8/17/20 8:30,3.274,,,,
2580,8/17/20 8:45,3.248,,,,
2581,8/17/20 9:00,3.221,,,,
2582,8/17/20 9:15,3.195,,,,
2583,8/17/20 9:30,3.168,,,,
2584,8/17/20 9:45,3.168,,,,
2585,8/17/20 10:00,3.142,,,,
2586,8/17/20 10:15,3.116,,,,
2587,8/17/20 10:30,3.116,,,,
2588,8/17/20 10:45,3.089,,,,
2589,8/17/20 11:00,3.089,,,,
2590,8/17/20 11:15,3.063,,,,
2591,8/17/20 11:30,3.063,,,,
2592,8/17/20 11:45,3.063,,,,
2593,8/17/20 12:00,3.063,,,,
2594,8/17/20 12:15,3.063,,,,
2595,8/17/20 12:30,3.063,,,,
2596,8/17/20 12:45,3.089,,,,
2597,8/17/20 13:00,3.116,,,,
2598,8/17/20 13:15,3.116,,,,
2599,8/17/20 13:30,3.142,,,,
2600,8/17/20 13:45,3.168,,,,
2601,8/17/20 14:00,3.195,,,,
2602,8/17/20 14:15,3.221,,,,
2603,8/17/20 14:30,3.274,,,,
2604,8/17/20 14:45,3.301,,,,
2605,8/17/20 15:00,3.354,,,,
2606,8/17/20 15:15,3.38,,,,
2607,8/17/20 15:30,3.433,,,,
2608,8/17/20 15:45,3.459,,,,
2609,8/17/20 16:00,3.512,,,,
2610,8/17/20 16:15,3.538,,,,
2611,8/17/20 16:30,3.591,,,,
2612,8/17/20 16:45,3.617,,,,
2613,8/17/20 17:00,3.67,,,,
2614,8/17/20 17:15,3.696,,,,
2615,8/17/20 17:30,3.749,,,,
2616,8/17/20 17:45,3.775,,,,
2617,8/17/20 18:00,3.827,,,,
2618,8/17/20 18:15,3.88,,,,
2619,8/17/20 18:30,3.906,,,,
2620,8/17/20 18:45,3.958,,,,
2621,8/17/20 19:00,3.985,,,,
2622,8/17/20 19:15,4.011,,,,
2623,8/17/20 19:30,4.063,,,,
2624,8/17/20 19:45,4.089,,,,
2625,8/17/20 20:00,4.115,,,,
2626,8/17/20 20:15,4.141,,,,
2627,8/17/20 20:30,4.168,,,,
2628,8/17/20 20:45,4.194,,,,
2629,8/17/20 21:00,4.22,,,,
2630,8/17/20 21:15,4.22,,,,
2631,8/17/20 21:30,4.246,,,,
2632,8/17/20 21:45,4.272,,,,
2633,8/17/20 22:00,4.272,,,,
2634,8/17/20 22:15,4.272,,,,
2635,8/17/20 22:30,4.272,,,,
2636,8/17/20 22:45,4.298,,,,
2637,8/17/20 23:00,4.298,,,,
2638,8/17/20 23:15,4.298,,,,
2639,8/17/20 23:30,4.298,,,,
2640,8/17/20 23:45,4.272,,,,
2641,8/18/20 0:00,4.272,,,,
2642,8/18/20 0:15,4.272,,,,
2643,8/18/20 0:30,4.272,,,,
2644,8/18/20 0:45,4.246,,,,
2645,8/18/20 1:00,4.22,,,,
2646,8/18/20 1:15,4.22,,,,
2647,8/18/20 1:30,4.194,,,,
2648,8/18/20 1:45,4.168,,,,
2649,8/18/20 2:00,4.168,,,,
2650,8/18/20 2:15,4.141,,,,
2651,8/18/20 2:30,4.115,,,,
2652,8/18/20 2:45,4.089,,,,
2653,8/18/20 3:00,4.063,,,,
2654,8/18/20 3:15,4.037,,,,
2655,8/18/20 3:30,4.011,,,,
2656,8/18/20 3:45,3.985,,,,
2657,8/18/20 4:00,3.958,,,,
2658,8/18/20 4:15,3.906,,,,
2659,8/18/20 4:30,3.88,,,,
2660,8/18/20 4:45,3.854,,,,
2661,8/18/20 5:00,3.827,,,,
2662,8/18/20 5:15,3.801,,,,
2663,8/18/20 5:30,3.749,,,,
2664,8/18/20 5:45,3.722,,,,
2665,8/18/20 6:00,3.696,,,,
2666,8/18/20 6:15,3.67,,,,
2667,8/18/20 6:30,3.643,,,,
2668,8/18/20 6:45,3.591,,,,
2669,8/18/20 7:00,3.564,,,,
2670,8/18/20 7:15,3.538,,,,
2671,8/18/20 7:30,3.512,,,,
2672,8/18/20 7:45,3.485,,,,
2673,8/18/20 8:00,3.433,,,,
2674,8/18/20 8:15,3.406,,,,
2675,8/18/20 8:30,3.38,,,,
2676,8/18/20 8:45,3.354,,,,
2677,8/18/20 9:00,3.327,,,,
2678,8/18/20 9:15,3.301,,,,
2679,8/18/20 9:30,3.274,,,,
2680,8/18/20 9:45,3.274,,,,
2681,8/18/20 10:00,3.248,,,,
2682,8/18/20 10:15,3.221,,,,
2683,8/18/20 10:30,3.195,,,,
2684,8/18/20 10:45,3.195,,,,
2685,8/18/20 11:00,3.168,,,,
2686,8/18/20 11:15,3.168,,,,
2687,8/18/20 11:30,3.168,,,,
2688,8/18/20 11:45,3.168,,,,
2689,8/18/20 12:00,3.168,,,,
2690,8/18/20 12:15,3.168,,,,
2691,8/18/20 12:30,3.168,,,,
2692,8/18/20 12:45,3.168,,,,
2693,8/18/20 13:00,3.195,,,,
2694,8/18/20 13:15,3.221,,,,
2695,8/18/20 13:30,3.221,,,,
2696,8/18/20 13:45,3.248,,,,
2697,8/18/20 14:00,3.274,,,,
2698,8/18/20 14:15,3.327,,,,
2699,8/18/20 14:30,4.818,,,,
2700,8/18/20 14:45,4.947,,,,
2701,8/18/20 15:00,5.05,,,,
2702,8/18/20 15:15,5.154,,,,
2703,8/18/20 15:30,5.231,,,,
2704,8/18/20 15:45,5.334,,,,
2705,8/18/20 16:00,5.437,,,,
2706,8/18/20 16:15,5.539,,,,
2707,8/18/20 16:30,5.616,,,,
2708,8/18/20 16:45,5.719,,,,
2709,8/18/20 17:00,5.796,,,,
2710,8/18/20 17:15,5.898,,,,
2711,8/18/20 17:30,5.949,,,,
2712,8/18/20 17:45,6,,,,
2713,8/18/20 18:00,6.051,,,,
2714,8/18/20 18:15,6.102,,,,
2715,8/18/20 18:30,6.128,,,,
2716,8/18/20 18:45,6.153,,,,
2717,8/18/20 19:00,6.179,,,,
2718,8/18/20 19:15,6.179,,,,
2719,8/18/20 19:30,6.153,,,,
2720,8/18/20 19:45,6.153,,,,
2721,8/18/20 20:00,6.128,,,,
2722,8/18/20 20:15,6.102,,,,
2723,8/18/20 20:30,6.077,,,,
2724,8/18/20 20:45,6.051,,,,
2725,8/18/20 21:00,6.026,,,,
2726,8/18/20 21:15,5.975,,,,
2727,8/18/20 21:30,5.924,,,,
2728,8/18/20 21:45,5.872,,,,
2729,8/18/20 22:00,5.821,,,,
2730,8/18/20 22:15,5.77,,,,
2731,8/18/20 22:30,5.719,,,,
2732,8/18/20 22:45,5.642,,,,
2733,8/18/20 23:00,5.565,,,,
2734,8/18/20 23:15,5.488,,,,
2735,8/18/20 23:30,5.411,,,,
2736,8/18/20 23:45,5.36,,,,
2737,8/19/20 0:00,5.282,,,,
2738,8/19/20 0:15,5.205,,,,
2739,8/19/20 0:30,5.128,,,,
2740,8/19/20 0:45,5.05,,,,
2741,8/19/20 1:00,4.973,,,,
2742,8/19/20 1:15,4.895,,,,
2743,8/19/20 1:30,4.818,,,,
2744,8/19/20 1:45,4.74,,,,
2745,8/19/20 2:00,4.688,,,,
2746,8/19/20 2:15,4.61,,,,
2747,8/19/20 2:30,4.532,,,,
2748,8/19/20 2:45,4.48,,,,
2749,8/19/20 3:00,4.402,,,,
2750,8/19/20 3:15,4.35,,,,
2751,8/19/20 3:30,4.272,,,,
2752,8/19/20 3:45,4.22,,,,
2753,8/19/20 4:00,4.168,,,,
2754,8/19/20 4:15,4.115,,,,
2755,8/19/20 4:30,4.063,,,,
2756,8/19/20 4:45,4.011,,,,
2757,8/19/20 5:00,3.958,,,,
2758,8/19/20 5:15,3.88,,,,
2759,8/19/20 5:30,3.827,,,,
2760,8/19/20 5:45,3.775,,,,
2761,8/19/20 6:00,3.749,,,,
2762,8/19/20 6:15,3.696,,,,
2763,8/19/20 6:30,3.67,,,,
2764,8/19/20 6:45,3.617,,,,
2765,8/19/20 7:00,3.591,,,,
2766,8/19/20 7:15,3.564,,,,
2767,8/19/20 7:30,3.538,,,,
2768,8/19/20 7:45,3.512,,,,
2769,8/19/20 8:00,3.512,,,,
2770,8/19/20 8:15,3.485,,,,
2771,8/19/20 8:30,3.485,,,,
2772,8/19/20 8:45,3.459,,,,
2773,8/19/20 9:00,3.459,,,,
2774,8/19/20 9:15,3.485,,,,
2775,8/19/20 9:30,3.485,,,,
2776,8/19/20 9:45,3.485,,,,
2777,8/19/20 10:00,3.538,,,,
2778,8/19/20 10:15,3.564,,,,
2779,8/19/20 10:30,3.591,,,,
2780,8/19/20 10:45,3.643,,,,
2781,8/19/20 11:00,3.722,,,,
2782,8/19/20 11:15,3.775,,,,
2783,8/19/20 11:30,3.854,,,,
2784,8/19/20 11:45,3.958,,,,
2785,8/19/20 12:00,4.037,,,,
2786,8/19/20 12:15,4.141,,,,
2787,8/19/20 12:30,4.272,,,,
2788,8/19/20 12:45,4.376,,,,
2789,8/19/20 13:00,4.506,,,,
2790,8/19/20 13:15,4.636,,,,
2791,8/19/20 13:30,4.74,,,,
2792,8/19/20 13:45,4.895,,,,
2793,8/19/20 14:00,5.024,,,,
2794,8/19/20 14:15,5.154,,,,
2795,8/19/20 14:23,,,Logged,,
2796,8/19/20 14:23,,,,Logged,Logged