Plot Title: 10537875,,,,,,
#,"Date Time, GMT-08:00","Temp, °C (LGR S/N: 10537875, SEN S/N: 10537875)",Coupler Detached (LGR S/N: 10537875),Coupler Attached (LGR S/N: 10537875),Stopped (LGR S/N: 10537875),End Of File (LGR S/N: 10537875)
1,8/20/20 19:00,9.41,Logged,,,
2,8/20/20 20:00,8.742,,,,
3,8/20/20 21:00,8.593,,,,
4,8/20/20 22:00,8.444,,,,
5,8/20/20 23:00,8.27,,,,
6,8/21/20 0:00,8.12,,,,
7,8/21/20 1:00,7.995,,,,
8,8/21/20 2:00,7.845,,,,
9,8/21/20 3:00,7.72,,,,
10,8/21/20 4:00,7.544,,,,
11,8/21/20 5:00,7.368,,,,
12,8/21/20 6:00,7.242,,,,
13,8/21/20 7:00,7.116,,,,
14,8/21/20 8:00,7.015,,,,
15,8/21/20 9:00,6.99,,,,
16,8/21/20 10:00,6.965,,,,
17,8/21/20 11:00,7.066,,,,
18,8/21/20 12:00,7.167,,,,
19,8/21/20 13:00,7.419,,,,
20,8/21/20 14:00,7.72,,,,
21,8/21/20 15:00,8.12,,,,
22,8/21/20 16:00,8.419,,,,
23,8/21/20 17:00,8.593,,,,
24,8/21/20 18:00,8.767,,,,
25,8/21/20 19:00,8.891,,,,
26,8/21/20 20:00,8.916,,,,
27,8/21/20 21:00,8.817,,,,
28,8/21/20 22:00,8.717,,,,
29,8/21/20 23:00,8.593,,,,
30,8/22/20 0:00,8.469,,,,
31,8/22/20 1:00,8.369,,,,
32,8/22/20 2:00,8.22,,,,
33,8/22/20 3:00,8.12,,,,
34,8/22/20 4:00,7.97,,,,
35,8/22/20 5:00,7.845,,,,
36,8/22/20 6:00,7.72,,,,
37,8/22/20 7:00,7.594,,,,
38,8/22/20 8:00,7.519,,,,
39,8/22/20 9:00,7.544,,,,
40,8/22/20 10:00,7.645,,,,
41,8/22/20 11:00,7.845,,,,
42,8/22/20 12:00,8.07,,,,
43,8/22/20 13:00,8.344,,,,
44,8/22/20 14:00,8.494,,,,
45,8/22/20 15:00,8.742,,,,
46,8/22/20 16:00,8.965,,,,
47,8/22/20 17:00,9.213,,,,
48,8/22/20 18:00,9.238,,,,
49,8/22/20 19:00,9.213,,,,
50,8/22/20 20:00,9.213,,,,
51,8/22/20 21:00,9.139,,,,
52,8/22/20 22:00,9.064,,,,
53,8/22/20 23:00,8.965,,,,
54,8/23/20 0:00,8.841,,,,
55,8/23/20 1:00,8.717,,,,
56,8/23/20 2:00,8.543,,,,
57,8/23/20 3:00,8.419,,,,
58,8/23/20 4:00,8.295,,,,
59,8/23/20 5:00,8.12,,,,
60,8/23/20 6:00,7.945,,,,
61,8/23/20 7:00,7.845,,,,
62,8/23/20 8:00,7.77,,,,
63,8/23/20 9:00,7.745,,,,
64,8/23/20 10:00,7.795,,,,
65,8/23/20 11:00,7.92,,,,
66,8/23/20 12:00,7.97,,,,
67,8/23/20 13:00,8.045,,,,
68,8/23/20 14:00,8.145,,,,
69,8/23/20 15:00,8.394,,,,
70,8/23/20 16:00,8.618,,,,
71,8/23/20 17:00,8.817,,,,
72,8/23/20 18:00,8.841,,,,
73,8/23/20 19:00,8.841,,,,
74,8/23/20 20:00,8.866,,,,
75,8/23/20 21:00,8.841,,,,
76,8/23/20 22:00,8.817,,,,
77,8/23/20 23:00,8.742,,,,
78,8/24/20 0:00,8.618,,,,
79,8/24/20 1:00,8.494,,,,
80,8/24/20 2:00,8.419,,,,
81,8/24/20 3:00,8.344,,,,
82,8/24/20 4:00,8.245,,,,
83,8/24/20 5:00,8.12,,,,
84,8/24/20 6:00,7.995,,,,
85,8/24/20 7:00,7.87,,,,
86,8/24/20 8:00,7.745,,,,
87,8/24/20 9:00,7.67,,,,
88,8/24/20 10:00,7.619,,,,
89,8/24/20 11:00,7.695,,,,
90,8/24/20 12:00,7.795,,,,
91,8/24/20 13:00,7.945,,,,
92,8/24/20 14:00,8.12,,,,
93,8/24/20 15:00,8.319,,,,
94,8/24/20 16:00,8.519,,,,
95,8/24/20 17:00,8.668,,,,
96,8/24/20 18:00,8.866,,,,
97,8/24/20 19:00,8.965,,,,
98,8/24/20 20:00,8.941,,,,
99,8/24/20 21:00,8.916,,,,
100,8/24/20 22:00,8.841,,,,
101,8/24/20 23:00,8.643,,,,
102,8/25/20 0:00,8.419,,,,
103,8/25/20 1:00,8.195,,,,
104,8/25/20 2:00,8.045,,,,
105,8/25/20 3:00,7.92,,,,
106,8/25/20 4:00,7.795,,,,
107,8/25/20 5:00,7.695,,,,
108,8/25/20 6:00,7.594,,,,
109,8/25/20 7:00,7.444,,,,
110,8/25/20 8:00,7.343,,,,
111,8/25/20 9:00,7.293,,,,
112,8/25/20 10:00,7.318,,,,
113,8/25/20 11:00,7.444,,,,
114,8/25/20 12:00,7.544,,,,
115,8/25/20 13:00,7.745,,,,
116,8/25/20 14:00,8.12,,,,
117,8/25/20 15:00,8.319,,,,
118,8/25/20 16:00,8.568,,,,
119,8/25/20 17:00,8.817,,,,
120,8/25/20 18:00,8.767,,,,
121,8/25/20 19:00,8.643,,,,
122,8/25/20 20:00,8.394,,,,
123,8/25/20 21:00,8.22,,,,
124,8/25/20 22:00,8.145,,,,
125,8/25/20 23:00,8.12,,,,
126,8/26/20 0:00,8.07,,,,
127,8/26/20 1:00,7.945,,,,
128,8/26/20 2:00,7.845,,,,
129,8/26/20 3:00,7.745,,,,
130,8/26/20 4:00,7.645,,,,
131,8/26/20 5:00,7.544,,,,
132,8/26/20 6:00,7.393,,,,
133,8/26/20 7:00,7.268,,,,
134,8/26/20 8:00,7.167,,,,
135,8/26/20 9:00,7.116,,,,
136,8/26/20 10:00,7.142,,,,
137,8/26/20 11:00,7.268,,,,
138,8/26/20 12:00,7.393,,,,
139,8/26/20 13:00,7.519,,,,
140,8/26/20 14:00,7.645,,,,
141,8/26/20 15:00,7.845,,,,
142,8/26/20 16:00,8.045,,,,
143,8/26/20 17:00,8.02,,,,
144,8/26/20 18:00,8.045,,,,
145,8/26/20 19:00,8.07,,,,
146,8/26/20 20:00,8.02,,,,
147,8/26/20 21:00,7.945,,,,
148,8/26/20 22:00,7.87,,,,
149,8/26/20 23:00,7.795,,,,
150,8/27/20 0:00,7.695,,,,
151,8/27/20 1:00,7.569,,,,
152,8/27/20 2:00,7.444,,,,
153,8/27/20 3:00,7.318,,,,
154,8/27/20 4:00,7.192,,,,
155,8/27/20 5:00,7.041,,,,
156,8/27/20 6:00,6.889,,,,
157,8/27/20 7:00,6.737,,,,
158,8/27/20 8:00,6.661,,,,
159,8/27/20 9:00,6.56,,,,
160,8/27/20 10:00,6.56,,,,
161,8/27/20 11:00,6.687,,,,
162,8/27/20 12:00,6.788,,,,
163,8/27/20 13:00,6.94,,,,
164,8/27/20 14:00,7.091,,,,
165,8/27/20 15:00,7.268,,,,
166,8/27/20 16:00,7.293,,,,
167,8/27/20 17:00,7.469,,,,
168,8/27/20 18:00,7.519,,,,
169,8/27/20 19:00,7.695,,,,
170,8/27/20 20:00,7.619,,,,
171,8/27/20 21:00,7.469,,,,
172,8/27/20 22:00,7.393,,,,
173,8/27/20 23:00,7.293,,,,
174,8/28/20 0:00,7.192,,,,
175,8/28/20 1:00,7.142,,,,
176,8/28/20 2:00,7.091,,,,
177,8/28/20 3:00,7.041,,,,
178,8/28/20 4:00,6.94,,,,
179,8/28/20 5:00,6.813,,,,
180,8/28/20 6:00,6.687,,,,
181,8/28/20 7:00,6.585,,,,
182,8/28/20 8:00,6.484,,,,
183,8/28/20 9:00,6.484,,,,
184,8/28/20 10:00,6.535,,,,
185,8/28/20 11:00,6.636,,,,
186,8/28/20 12:00,6.839,,,,
187,8/28/20 13:00,7.066,,,,
188,8/28/20 14:00,7.142,,,,
189,8/28/20 15:00,7.242,,,,
190,8/28/20 16:00,7.544,,,,
191,8/28/20 17:00,7.594,,,,
192,8/28/20 18:00,7.594,,,,
193,8/28/20 19:00,7.645,,,,
194,8/28/20 20:00,7.569,,,,
195,8/28/20 21:00,7.419,,,,
196,8/28/20 22:00,7.368,,,,
197,8/28/20 23:00,7.318,,,,
198,8/29/20 0:00,7.242,,,,
199,8/29/20 1:00,7.142,,,,
200,8/29/20 2:00,7.041,,,,
201,8/29/20 3:00,6.94,,,,
202,8/29/20 4:00,6.839,,,,
203,8/29/20 5:00,6.712,,,,
204,8/29/20 6:00,6.585,,,,
205,8/29/20 7:00,6.484,,,,
206,8/29/20 8:00,6.408,,,,
207,8/29/20 9:00,6.382,,,,
208,8/29/20 10:00,6.408,,,,
209,8/29/20 11:00,6.458,,,,
210,8/29/20 12:00,6.636,,,,
211,8/29/20 13:00,6.889,,,,
212,8/29/20 14:00,7.167,,,,
213,8/29/20 15:00,7.419,,,,
214,8/29/20 16:00,7.594,,,,
215,8/29/20 17:00,7.745,,,,
216,8/29/20 18:00,7.895,,,,
217,8/29/20 19:00,7.92,,,,
218,8/29/20 20:00,7.845,,,,
219,8/29/20 21:00,7.745,,,,
220,8/29/20 22:00,7.67,,,,
221,8/29/20 23:00,7.544,,,,
222,8/30/20 0:00,7.419,,,,
223,8/30/20 1:00,7.268,,,,
224,8/30/20 2:00,7.116,,,,
225,8/30/20 3:00,6.99,,,,
226,8/30/20 4:00,6.864,,,,
227,8/30/20 5:00,6.687,,,,
228,8/30/20 6:00,6.484,,,,
229,8/30/20 7:00,6.306,,,,
230,8/30/20 8:00,6.179,,,,
231,8/30/20 9:00,6.179,,,,
232,8/30/20 10:00,6.23,,,,
233,8/30/20 11:00,6.331,,,,
234,8/30/20 12:00,6.535,,,,
235,8/30/20 13:00,6.788,,,,
236,8/30/20 14:00,7.041,,,,
237,8/30/20 15:00,7.293,,,,
238,8/30/20 16:00,7.544,,,,
239,8/30/20 17:00,7.745,,,,
240,8/30/20 18:00,7.795,,,,
241,8/30/20 19:00,7.72,,,,
242,8/30/20 20:00,7.594,,,,
243,8/30/20 21:00,7.519,,,,
244,8/30/20 22:00,7.444,,,,
245,8/30/20 23:00,7.368,,,,
246,8/31/20 0:00,7.343,,,,
247,8/31/20 1:00,7.293,,,,
248,8/31/20 2:00,7.268,,,,
249,8/31/20 3:00,7.242,,,,
250,8/31/20 4:00,7.192,,,,
251,8/31/20 5:00,7.116,,,,
252,8/31/20 6:00,7.015,,,,
253,8/31/20 7:00,6.94,,,,
254,8/31/20 8:00,6.864,,,,
255,8/31/20 9:00,6.839,,,,
256,8/31/20 10:00,6.889,,,,
257,8/31/20 11:00,7.041,,,,
258,8/31/20 12:00,7.091,,,,
259,8/31/20 13:00,7.167,,,,
260,8/31/20 14:00,7.268,,,,
261,8/31/20 15:00,7.444,,,,
262,8/31/20 16:00,7.594,,,,
263,8/31/20 17:00,7.695,,,,
264,8/31/20 18:00,7.745,,,,
265,8/31/20 19:00,7.745,,,,
266,8/31/20 20:00,7.72,,,,
267,8/31/20 21:00,7.695,,,,
268,8/31/20 22:00,7.67,,,,
269,8/31/20 23:00,7.619,,,,
270,9/1/20 0:00,7.494,,,,
271,9/1/20 1:00,7.368,,,,
272,9/1/20 2:00,7.268,,,,
273,9/1/20 3:00,7.142,,,,
274,9/1/20 4:00,7.015,,,,
275,9/1/20 5:00,6.864,,,,
276,9/1/20 6:00,6.737,,,,
277,9/1/20 7:00,6.636,,,,
278,9/1/20 8:00,6.56,,,,
279,9/1/20 9:00,6.56,,,,
280,9/1/20 10:00,6.636,,,,
281,9/1/20 11:00,6.737,,,,
282,9/1/20 12:00,6.839,,,,
283,9/1/20 13:00,7.041,,,,
284,9/1/20 14:00,7.142,,,,
285,9/1/20 15:00,7.293,,,,
286,9/1/20 16:00,7.494,,,,
287,9/1/20 17:00,7.645,,,,
288,9/1/20 18:00,7.72,,,,
289,9/1/20 19:00,7.77,,,,
290,9/1/20 20:00,7.695,,,,
291,9/1/20 21:00,7.645,,,,
292,9/1/20 22:00,7.569,,,,
293,9/1/20 23:00,7.544,,,,
294,9/2/20 0:00,7.419,,,,
295,9/2/20 1:00,7.343,,,,
296,9/2/20 2:00,7.268,,,,
297,9/2/20 3:00,7.192,,,,
298,9/2/20 4:00,7.167,,,,
299,9/2/20 5:00,7.116,,,,
300,9/2/20 6:00,7.066,,,,
301,9/2/20 7:00,7.015,,,,
302,9/2/20 8:00,6.965,,,,
303,9/2/20 9:00,6.914,,,,
304,9/2/20 10:00,6.914,,,,
305,9/2/20 11:00,6.965,,,,
306,9/2/20 12:00,6.99,,,,
307,9/2/20 13:00,7.041,,,,
308,9/2/20 14:00,7.242,,,,
309,9/2/20 15:00,7.444,,,,
310,9/2/20 16:00,7.519,,,,
311,9/2/20 17:00,7.645,,,,
312,9/2/20 18:00,7.72,,,,
313,9/2/20 19:00,7.645,,,,
314,9/2/20 20:00,7.544,,,,
315,9/2/20 21:00,7.393,,,,
316,9/2/20 22:00,7.318,,,,
317,9/2/20 23:00,7.192,,,,
318,9/3/20 0:00,7.041,,,,
319,9/3/20 1:00,6.94,,,,
320,9/3/20 2:00,6.839,,,,
321,9/3/20 3:00,6.712,,,,
322,9/3/20 4:00,6.535,,,,
323,9/3/20 5:00,6.382,,,,
324,9/3/20 6:00,6.23,,,,
325,9/3/20 7:00,6.128,,,,
326,9/3/20 8:00,6,,,,
327,9/3/20 9:00,5.924,,,,
328,9/3/20 10:00,5.975,,,,
329,9/3/20 11:00,6.102,,,,
330,9/3/20 12:00,6.179,,,,
331,9/3/20 13:00,6.306,,,,
332,9/3/20 14:00,6.382,,,,
333,9/3/20 15:00,6.509,,,,
334,9/3/20 16:00,6.509,,,,
335,9/3/20 17:00,6.458,,,,
336,9/3/20 18:00,6.484,,,,
337,9/3/20 19:00,6.56,,,,
338,9/3/20 20:00,6.535,,,,
339,9/3/20 21:00,6.509,,,,
340,9/3/20 22:00,6.535,,,,
341,9/3/20 23:00,6.535,,,,
342,9/4/20 0:00,6.535,,,,
343,9/4/20 1:00,6.535,,,,
344,9/4/20 2:00,6.535,,,,
345,9/4/20 3:00,6.509,,,,
346,9/4/20 4:00,6.433,,,,
347,9/4/20 5:00,6.331,,,,
348,9/4/20 6:00,6.23,,,,
349,9/4/20 7:00,6.179,,,,
350,9/4/20 8:00,6.128,,,,
351,9/4/20 9:00,6.128,,,,
352,9/4/20 10:00,6.153,,,,
353,9/4/20 11:00,6.179,,,,
354,9/4/20 12:00,6.23,,,,
355,9/4/20 13:00,6.281,,,,
356,9/4/20 14:00,6.357,,,,
357,9/4/20 15:00,6.509,,,,
358,9/4/20 16:00,6.56,,,,
359,9/4/20 17:00,6.611,,,,
360,9/4/20 18:00,6.636,,,,
361,9/4/20 19:00,6.687,,,,
362,9/4/20 20:00,6.687,,,,
363,9/4/20 21:00,6.661,,,,
364,9/4/20 22:00,6.611,,,,
365,9/4/20 23:00,6.56,,,,
366,9/5/20 0:00,6.484,,,,
367,9/5/20 1:00,6.382,,,,
368,9/5/20 2:00,6.306,,,,
369,9/5/20 3:00,6.23,,,,
370,9/5/20 4:00,6.153,,,,
371,9/5/20 5:00,6.077,,,,
372,9/5/20 6:00,6,,,,
373,9/5/20 7:00,5.924,,,,
374,9/5/20 8:00,5.847,,,,
375,9/5/20 9:00,5.821,,,,
376,9/5/20 10:00,5.821,,,,
377,9/5/20 11:00,5.821,,,,
378,9/5/20 12:00,5.898,,,,
379,9/5/20 13:00,5.949,,,,
380,9/5/20 14:00,6.128,,,,
381,9/5/20 15:00,6.23,,,,
382,9/5/20 16:00,6.382,,,,
383,9/5/20 17:00,6.458,,,,
384,9/5/20 18:00,6.535,,,,
385,9/5/20 19:00,6.56,,,,
386,9/5/20 20:00,6.509,,,,
387,9/5/20 21:00,6.433,,,,
388,9/5/20 22:00,6.306,,,,
389,9/5/20 23:00,6.153,,,,
390,9/6/20 0:00,6.026,,,,
391,9/6/20 1:00,5.872,,,,
392,9/6/20 2:00,5.719,,,,
393,9/6/20 3:00,5.616,,,,
394,9/6/20 4:00,5.488,,,,
395,9/6/20 5:00,5.36,,,,
396,9/6/20 6:00,5.205,,,,
397,9/6/20 7:00,5.05,,,,
398,9/6/20 8:00,4.895,,,,
399,9/6/20 9:00,4.818,,,,
400,9/6/20 10:00,4.818,,,,
401,9/6/20 11:00,4.921,,,,
402,9/6/20 12:00,5.076,,,,
403,9/6/20 13:00,5.308,,,,
404,9/6/20 14:00,5.539,,,,
405,9/6/20 15:00,5.77,,,,
406,9/6/20 16:00,5.975,,,,
407,9/6/20 17:00,6.128,,,,
408,9/6/20 18:00,6.204,,,,
409,9/6/20 19:00,6.204,,,,
410,9/6/20 20:00,6.153,,,,
411,9/6/20 21:00,6.102,,,,
412,9/6/20 22:00,6.077,,,,
413,9/6/20 23:00,6.026,,,,
414,9/7/20 0:00,6.026,,,,
415,9/7/20 1:00,6,,,,
416,9/7/20 2:00,5.975,,,,
417,9/7/20 3:00,5.975,,,,
418,9/7/20 4:00,5.975,,,,
419,9/7/20 5:00,5.949,,,,
420,9/7/20 6:00,5.898,,,,
421,9/7/20 7:00,5.847,,,,
422,9/7/20 8:00,5.796,,,,
423,9/7/20 9:00,5.821,,,,
424,9/7/20 10:00,5.924,,,,
425,9/7/20 11:00,6.026,,,,
426,9/7/20 12:00,6.128,,,,
427,9/7/20 13:00,6.433,,,,
428,9/7/20 14:00,6.712,,,,
429,9/7/20 15:00,6.813,,,,
430,9/7/20 16:00,6.864,,,,
431,9/7/20 17:00,6.914,,,,
432,9/7/20 18:00,6.965,,,,
433,9/7/20 19:00,6.99,,,,
434,9/7/20 20:00,6.965,,,,
435,9/7/20 21:00,6.914,,,,
436,9/7/20 22:00,6.839,,,,
437,9/7/20 23:00,6.788,,,,
438,9/8/20 0:00,6.788,,,,
439,9/8/20 1:00,6.788,,,,
440,9/8/20 2:00,6.712,,,,
441,9/8/20 3:00,6.636,,,,
442,9/8/20 4:00,6.56,,,,
443,9/8/20 5:00,6.458,,,,
444,9/8/20 6:00,6.382,,,,
445,9/8/20 7:00,6.331,,,,
446,9/8/20 8:00,6.255,,,,
447,9/8/20 9:00,6.23,,,,
448,9/8/20 10:00,6.23,,,,
449,9/8/20 11:00,6.255,,,,
450,9/8/20 12:00,6.281,,,,
451,9/8/20 13:00,6.281,,,,
452,9/8/20 14:00,6.331,,,,
453,9/8/20 15:00,6.408,,,,
454,9/8/20 16:00,6.484,,,,
455,9/8/20 17:00,6.56,,,,
456,9/8/20 18:00,6.585,,,,
457,9/8/20 19:00,6.585,,,,
458,9/8/20 20:00,6.585,,,,
459,9/8/20 21:00,6.585,,,,
460,9/8/20 22:00,6.56,,,,
461,9/8/20 23:00,6.433,,,,
462,9/9/20 0:00,6.331,,,,
463,9/9/20 1:00,6.23,,,,
464,9/9/20 2:00,6.128,,,,
465,9/9/20 3:00,6.026,,,,
466,9/9/20 4:00,5.949,,,,
467,9/9/20 5:00,5.847,,,,
468,9/9/20 6:00,5.745,,,,
469,9/9/20 7:00,5.668,,,,
470,9/9/20 8:00,5.616,,,,
471,9/9/20 9:00,5.565,,,,
472,9/9/20 10:00,5.514,,,,
473,9/9/20 11:00,5.514,,,,
474,9/9/20 12:00,5.539,,,,
475,9/9/20 13:00,5.616,,,,
476,9/9/20 14:00,5.719,,,,
477,9/9/20 15:00,5.821,,,,
478,9/9/20 16:00,5.821,,,,
479,9/9/20 17:00,5.821,,,,
480,9/9/20 18:00,5.847,,,,
481,9/9/20 19:00,5.821,,,,
482,9/9/20 20:00,5.821,,,,
483,9/9/20 21:00,5.77,,,,
484,9/9/20 22:00,5.745,,,,
485,9/9/20 23:00,5.693,,,,
486,9/10/20 0:00,5.642,,,,
487,9/10/20 1:00,5.591,,,,
488,9/10/20 2:00,5.539,,,,
489,9/10/20 3:00,5.462,,,,
490,9/10/20 4:00,5.385,,,,
491,9/10/20 5:00,5.282,,,,
492,9/10/20 6:00,5.205,,,,
493,9/10/20 7:00,5.102,,,,
494,9/10/20 8:00,5.024,,,,
495,9/10/20 9:00,4.973,,,,
496,9/10/20 10:00,4.973,,,,
497,9/10/20 11:00,4.999,,,,
498,9/10/20 12:00,5.05,,,,
499,9/10/20 13:00,5.179,,,,
500,9/10/20 14:00,5.154,,,,
501,9/10/20 15:00,5.128,,,,
502,9/10/20 16:00,5.205,,,,
503,9/10/20 17:00,5.231,,,,
504,9/10/20 18:00,5.257,,,,
505,9/10/20 19:00,5.257,,,,
506,9/10/20 20:00,5.205,,,,
507,9/10/20 21:00,5.154,,,,
508,9/10/20 22:00,5.102,,,,
509,9/10/20 23:00,5.05,,,,
510,9/11/20 0:00,4.973,,,,
511,9/11/20 1:00,4.921,,,,
512,9/11/20 2:00,4.895,,,,
513,9/11/20 3:00,4.844,,,,
514,9/11/20 4:00,4.818,,,,
515,9/11/20 5:00,4.792,,,,
516,9/11/20 6:00,4.74,,,,
517,9/11/20 7:00,4.662,,,,
518,9/11/20 8:00,4.61,,,,
519,9/11/20 9:00,4.584,,,,
520,9/11/20 10:00,4.558,,,,
521,9/11/20 11:00,4.584,,,,
522,9/11/20 12:00,4.584,,,,
523,9/11/20 13:00,4.636,,,,
524,9/11/20 14:00,4.688,,,,
525,9/11/20 15:00,4.714,,,,
526,9/11/20 16:00,4.74,,,,
527,9/11/20 17:00,4.766,,,,
528,9/11/20 18:00,4.792,,,,
529,9/11/20 19:00,4.792,,,,
530,9/11/20 20:00,4.766,,,,
531,9/11/20 21:00,4.74,,,,
532,9/11/20 22:00,4.714,,,,
533,9/11/20 23:00,4.662,,,,
534,9/12/20 0:00,4.636,,,,
535,9/12/20 1:00,4.636,,,,
536,9/12/20 2:00,4.61,,,,
537,9/12/20 3:00,4.532,,,,
538,9/12/20 4:00,4.506,,,,
539,9/12/20 5:00,4.48,,,,
540,9/12/20 6:00,4.48,,,,
541,9/12/20 7:00,4.454,,,,
542,9/12/20 8:00,4.428,,,,
543,9/12/20 9:00,4.428,,,,
544,9/12/20 10:00,4.532,,,,
545,9/12/20 11:00,4.662,,,,
546,9/12/20 12:00,4.792,,,,
547,9/12/20 13:00,4.973,,,,
548,9/12/20 14:00,5.154,,,,
549,9/12/20 15:00,5.308,,,,
550,9/12/20 16:00,5.282,,,,
551,9/12/20 17:00,5.282,,,,
552,9/12/20 18:00,5.437,,,,
553,9/12/20 19:00,5.591,,,,
554,9/12/20 20:00,5.539,,,,
555,9/12/20 21:00,5.385,,,,
556,9/12/20 22:00,5.154,,,,
557,9/12/20 23:00,4.999,,,,
558,9/13/20 0:00,4.869,,,,
559,9/13/20 1:00,4.74,,,,
560,9/13/20 2:00,4.61,,,,
561,9/13/20 3:00,4.48,,,,
562,9/13/20 4:00,4.324,,,,
563,9/13/20 5:00,4.168,,,,
564,9/13/20 6:00,4.011,,,,
565,9/13/20 7:00,3.854,,,,
566,9/13/20 8:00,3.696,,,,
567,9/13/20 9:00,3.617,,,,
568,9/13/20 10:00,3.591,,,,
569,9/13/20 11:00,3.643,,,,
570,9/13/20 12:00,3.749,,,,
571,9/13/20 13:00,3.906,,,,
572,9/13/20 14:00,4.089,,,,
573,9/13/20 15:00,4.272,,,,
574,9/13/20 16:00,4.428,,,,
575,9/13/20 17:00,4.558,,,,
576,9/13/20 18:00,4.61,,,,
577,9/13/20 19:00,4.61,,,,
578,9/13/20 20:00,4.558,,,,
579,9/13/20 21:00,4.48,,,,
580,9/13/20 22:00,4.376,,,,
581,9/13/20 23:00,4.298,,,,
582,9/14/20 0:00,4.22,,,,
583,9/14/20 1:00,4.168,,,,
584,9/14/20 2:00,4.141,,,,
585,9/14/20 3:00,4.089,,,,
586,9/14/20 4:00,4.037,,,,
587,9/14/20 5:00,3.958,,,,
588,9/14/20 6:00,3.906,,,,
589,9/14/20 7:00,3.827,,,,
590,9/14/20 8:00,3.801,,,,
591,9/14/20 9:00,3.827,,,,
592,9/14/20 10:00,3.88,,,,
593,9/14/20 11:00,4.011,,,,
594,9/14/20 12:00,4.168,,,,
595,9/14/20 13:00,4.298,,,,
596,9/14/20 14:00,4.428,,,,
597,9/14/20 15:00,4.532,,,,
598,9/14/20 16:00,4.636,,,,
599,9/14/20 17:00,4.714,,,,
600,9/14/20 18:00,4.766,,,,
601,9/14/20 19:00,4.792,,,,
602,9/14/20 20:00,4.818,,,,
603,9/14/20 21:00,4.844,,,,
604,9/14/20 22:00,4.844,,,,
605,9/14/20 23:00,4.869,,,,
606,9/15/20 0:00,4.869,,,,
607,9/15/20 1:00,4.869,,,,
608,9/15/20 2:00,4.844,,,,
609,9/15/20 3:00,4.818,,,,
610,9/15/20 4:00,4.792,,,,
611,9/15/20 5:00,4.766,,,,
612,9/15/20 6:00,4.714,,,,
613,9/15/20 7:00,4.688,,,,
614,9/15/20 8:00,4.688,,,,
615,9/15/20 9:00,4.688,,,,
616,9/15/20 10:00,4.688,,,,
617,9/15/20 11:00,4.74,,,,
618,9/15/20 12:00,4.818,,,,
619,9/15/20 13:00,4.947,,,,
620,9/15/20 14:00,5.076,,,,
621,9/15/20 15:00,5.231,,,,
622,9/15/20 16:00,5.411,,,,
623,9/15/20 17:00,5.539,,,,
624,9/15/20 18:00,5.565,,,,
625,9/15/20 19:00,5.591,,,,
626,9/15/20 20:00,5.591,,,,
627,9/15/20 21:00,5.591,,,,
628,9/15/20 22:00,5.591,,,,
629,9/15/20 23:00,5.539,,,,
630,9/16/20 0:00,5.514,,,,
631,9/16/20 1:00,5.514,,,,
632,9/16/20 2:00,5.488,,,,
633,9/16/20 3:00,5.462,,,,
634,9/16/20 4:00,5.437,,,,
635,9/16/20 5:00,5.411,,,,
636,9/16/20 6:00,5.36,,,,
637,9/16/20 7:00,5.308,,,,
638,9/16/20 8:00,5.282,,,,
639,9/16/20 9:00,5.282,,,,
640,9/16/20 10:00,5.308,,,,
641,9/16/20 11:00,5.36,,,,
642,9/16/20 12:00,5.514,,,,
643,9/16/20 13:00,5.693,,,,
644,9/16/20 14:00,5.77,,,,
645,9/16/20 15:00,5.949,,,,
646,9/16/20 16:00,6.051,,,,
647,9/16/20 17:00,6.128,,,,
648,9/16/20 18:00,6.153,,,,
649,9/16/20 19:00,6.179,,,,
650,9/16/20 20:00,6.153,,,,
651,9/16/20 21:00,6.102,,,,
652,9/16/20 22:00,6.026,,,,
653,9/16/20 23:00,5.949,,,,
654,9/17/20 0:00,5.898,,,,
655,9/17/20 1:00,5.821,,,,
656,9/17/20 2:00,5.719,,,,
657,9/17/20 3:00,5.616,,,,
658,9/17/20 4:00,5.514,,,,
659,9/17/20 5:00,5.411,,,,
660,9/17/20 6:00,5.308,,,,
661,9/17/20 7:00,5.179,,,,
662,9/17/20 8:00,5.102,,,,
663,9/17/20 9:00,5.076,,,,
664,9/17/20 10:00,5.102,,,,
665,9/17/20 11:00,5.128,,,,
666,9/17/20 12:00,5.154,,,,
667,9/17/20 13:00,5.308,,,,
668,9/17/20 14:00,5.437,,,,
669,9/17/20 15:00,5.565,,,,
670,9/17/20 16:00,5.591,,,,
671,9/17/20 17:00,5.642,,,,
672,9/17/20 18:00,5.745,,,,
673,9/17/20 19:00,5.77,,,,
674,9/17/20 20:00,5.719,,,,
675,9/17/20 21:00,5.693,,,,
676,9/17/20 22:00,5.719,,,,
677,9/17/20 23:00,5.745,,,,
678,9/18/20 0:00,5.719,,,,
679,9/18/20 1:00,5.693,,,,
680,9/18/20 2:00,5.668,,,,
681,9/18/20 3:00,5.565,,,,
682,9/18/20 4:00,5.514,,,,
683,9/18/20 5:00,5.411,,,,
684,9/18/20 6:00,5.308,,,,
685,9/18/20 7:00,5.205,,,,
686,9/18/20 8:00,5.076,,,,
687,9/18/20 9:00,4.999,,,,
688,9/18/20 10:00,4.947,,,,
689,9/18/20 11:00,4.973,,,,
690,9/18/20 12:00,5.05,,,,
691,9/18/20 13:00,5.154,,,,
692,9/18/20 14:00,5.282,,,,
693,9/18/20 15:00,5.411,,,,
694,9/18/20 16:00,5.539,,,,
695,9/18/20 17:00,5.642,,,,
696,9/18/20 18:00,5.693,,,,
697,9/18/20 19:00,5.719,,,,
698,9/18/20 20:00,5.77,,,,
699,9/18/20 21:00,5.745,,,,
700,9/18/20 22:00,5.719,,,,
701,9/18/20 23:00,5.642,,,,
702,9/19/20 0:00,5.591,,,,
703,9/19/20 1:00,5.539,,,,
704,9/19/20 2:00,5.488,,,,
705,9/19/20 3:00,5.411,,,,
706,9/19/20 4:00,5.334,,,,
707,9/19/20 5:00,5.257,,,,
708,9/19/20 6:00,5.205,,,,
709,9/19/20 7:00,5.128,,,,
710,9/19/20 8:00,5.05,,,,
711,9/19/20 9:00,5.024,,,,
712,9/19/20 10:00,4.999,,,,
713,9/19/20 11:00,5.076,,,,
714,9/19/20 12:00,5.128,,,,
715,9/19/20 13:00,5.205,,,,
716,9/19/20 14:00,5.282,,,,
717,9/19/20 15:00,5.385,,,,
718,9/19/20 16:00,5.437,,,,
719,9/19/20 17:00,5.514,,,,
720,9/19/20 18:00,5.565,,,,
721,9/19/20 19:00,5.565,,,,
722,9/19/20 20:00,5.488,,,,
723,9/19/20 21:00,5.437,,,,
724,9/19/20 22:00,5.411,,,,
725,9/19/20 23:00,5.36,,,,
726,9/20/20 0:00,5.308,,,,
727,9/20/20 1:00,5.205,,,,
728,9/20/20 2:00,5.102,,,,
729,9/20/20 3:00,4.999,,,,
730,9/20/20 4:00,4.921,,,,
731,9/20/20 5:00,4.792,,,,
732,9/20/20 6:00,4.714,,,,
733,9/20/20 7:00,4.636,,,,
734,9/20/20 8:00,4.558,,,,
735,9/20/20 9:00,4.506,,,,
736,9/20/20 10:00,4.48,,,,
737,9/20/20 11:00,4.558,,,,
738,9/20/20 12:00,4.714,,,,
739,9/20/20 13:00,4.792,,,,
740,9/20/20 14:00,4.999,,,,
741,9/20/20 15:00,5.154,,,,
742,9/20/20 16:00,5.282,,,,
743,9/20/20 17:00,5.334,,,,
744,9/20/20 18:00,5.308,,,,
745,9/20/20 19:00,5.257,,,,
746,9/20/20 20:00,5.128,,,,
747,9/20/20 21:00,5.024,,,,
748,9/20/20 22:00,4.869,,,,
749,9/20/20 23:00,4.766,,,,
750,9/21/20 0:00,4.662,,,,
751,9/21/20 1:00,4.584,,,,
752,9/21/20 2:00,4.506,,,,
753,9/21/20 3:00,4.454,,,,
754,9/21/20 4:00,4.402,,,,
755,9/21/20 5:00,4.324,,,,
756,9/21/20 6:00,4.22,,,,
757,9/21/20 7:00,4.089,,,,
758,9/21/20 8:00,3.958,,,,
759,9/21/20 9:00,3.88,,,,
760,9/21/20 10:00,3.906,,,,
761,9/21/20 11:00,3.985,,,,
762,9/21/20 12:00,4.115,,,,
763,9/21/20 13:00,4.272,,,,
764,9/21/20 14:00,4.48,,,,
765,9/21/20 15:00,4.688,,,,
766,9/21/20 16:00,4.844,,,,
767,9/21/20 17:00,4.947,,,,
768,9/21/20 18:00,4.973,,,,
769,9/21/20 19:00,4.947,,,,
770,9/21/20 20:00,4.869,,,,
771,9/21/20 21:00,4.74,,,,
772,9/21/20 22:00,4.61,,,,
773,9/21/20 23:00,4.48,,,,
774,9/22/20 0:00,4.298,,,,
775,9/22/20 1:00,4.168,,,,
776,9/22/20 2:00,4.037,,,,
777,9/22/20 3:00,3.958,,,,
778,9/22/20 4:00,3.854,,,,
779,9/22/20 5:00,3.749,,,,
780,9/22/20 6:00,3.643,,,,
781,9/22/20 7:00,3.512,,,,
782,9/22/20 8:00,3.38,,,,
783,9/22/20 9:00,3.274,,,,
784,9/22/20 10:00,3.221,,,,
785,9/22/20 11:00,3.301,,,,
786,9/22/20 12:00,3.38,,,,
787,9/22/20 13:00,3.512,,,,
788,9/22/20 14:00,3.67,,,,
789,9/22/20 15:00,3.854,,,,
790,9/22/20 16:00,4.011,,,,
791,9/22/20 17:00,4.089,,,,
792,9/22/20 18:00,4.115,,,,
793,9/22/20 19:00,4.089,,,,
794,9/22/20 20:00,4.037,,,,
795,9/22/20 21:00,3.958,,,,
796,9/22/20 22:00,3.88,,,,
797,9/22/20 23:00,3.775,,,,
798,9/23/20 0:00,3.722,,,,
799,9/23/20 1:00,3.696,,,,
800,9/23/20 2:00,3.67,,,,
801,9/23/20 3:00,3.67,,,,
802,9/23/20 4:00,3.643,,,,
803,9/23/20 5:00,3.643,,,,
804,9/23/20 6:00,3.643,,,,
805,9/23/20 7:00,3.617,,,,
806,9/23/20 8:00,3.591,,,,
807,9/23/20 9:00,3.617,,,,
808,9/23/20 10:00,3.67,,,,
809,9/23/20 11:00,3.775,,,,
810,9/23/20 12:00,3.88,,,,
811,9/23/20 13:00,3.958,,,,
812,9/23/20 14:00,4.063,,,,
813,9/23/20 15:00,4.22,,,,
814,9/23/20 16:00,4.324,,,,
815,9/23/20 17:00,4.402,,,,
816,9/23/20 18:00,4.48,,,,
817,9/23/20 19:00,4.532,,,,
818,9/23/20 20:00,4.532,,,,
819,9/23/20 21:00,4.558,,,,
820,9/23/20 22:00,4.558,,,,
821,9/23/20 23:00,4.532,,,,
822,9/24/20 0:00,4.532,,,,
823,9/24/20 1:00,4.532,,,,
824,9/24/20 2:00,4.532,,,,
825,9/24/20 3:00,4.532,,,,
826,9/24/20 4:00,4.506,,,,
827,9/24/20 5:00,4.48,,,,
828,9/24/20 6:00,4.454,,,,
829,9/24/20 7:00,4.428,,,,
830,9/24/20 8:00,4.402,,,,
831,9/24/20 9:00,4.376,,,,
832,9/24/20 10:00,4.402,,,,
833,9/24/20 11:00,4.428,,,,
834,9/24/20 12:00,4.506,,,,
835,9/24/20 13:00,4.558,,,,
836,9/24/20 14:00,4.61,,,,
837,9/24/20 15:00,4.636,,,,
838,9/24/20 16:00,4.688,,,,
839,9/24/20 17:00,4.74,,,,
840,9/24/20 18:00,4.792,,,,
841,9/24/20 19:00,4.792,,,,
842,9/24/20 20:00,4.766,,,,
843,9/24/20 21:00,4.74,,,,
844,9/24/20 22:00,4.688,,,,
845,9/24/20 23:00,4.636,,,,
846,9/25/20 0:00,4.584,,,,
847,9/25/20 1:00,4.558,,,,
848,9/25/20 2:00,4.506,,,,
849,9/25/20 3:00,4.454,,,,
850,9/25/20 4:00,4.428,,,,
851,9/25/20 5:00,4.376,,,,
852,9/25/20 6:00,4.324,,,,
853,9/25/20 7:00,4.272,,,,
854,9/25/20 8:00,4.22,,,,
855,9/25/20 9:00,4.22,,,,
856,9/25/20 10:00,4.246,,,,
857,9/25/20 11:00,4.272,,,,
858,9/25/20 12:00,4.35,,,,
859,9/25/20 13:00,4.454,,,,
860,9/25/20 14:00,4.584,,,,
861,9/25/20 15:00,4.662,,,,
862,9/25/20 16:00,4.74,,,,
863,9/25/20 17:00,4.766,,,,
864,9/25/20 18:00,4.766,,,,
865,9/25/20 19:00,4.74,,,,
866,9/25/20 20:00,4.714,,,,
867,9/25/20 21:00,4.662,,,,
868,9/25/20 22:00,4.636,,,,
869,9/25/20 23:00,4.584,,,,
870,9/26/20 0:00,4.532,,,,
871,9/26/20 1:00,4.506,,,,
872,9/26/20 2:00,4.48,,,,
873,9/26/20 3:00,4.402,,,,
874,9/26/20 4:00,4.324,,,,
875,9/26/20 5:00,4.22,,,,
876,9/26/20 6:00,4.141,,,,
877,9/26/20 7:00,4.063,,,,
878,9/26/20 8:00,3.958,,,,
879,9/26/20 9:00,3.906,,,,
880,9/26/20 10:00,3.906,,,,
881,9/26/20 11:00,3.906,,,,
882,9/26/20 12:00,3.932,,,,
883,9/26/20 13:00,4.115,,,,
884,9/26/20 14:00,4.272,,,,
885,9/26/20 15:00,4.428,,,,
886,9/26/20 16:00,4.506,,,,
887,9/26/20 17:00,4.61,,,,
888,9/26/20 18:00,4.636,,,,
889,9/26/20 19:00,4.636,,,,
890,9/26/20 20:00,4.584,,,,
891,9/26/20 21:00,4.506,,,,
892,9/26/20 22:00,4.428,,,,
893,9/26/20 23:00,4.298,,,,
894,9/27/20 0:00,4.22,,,,
895,9/27/20 1:00,4.115,,,,
896,9/27/20 2:00,4.037,,,,
897,9/27/20 3:00,3.958,,,,
898,9/27/20 4:00,3.854,,,,
899,9/27/20 5:00,3.749,,,,
900,9/27/20 6:00,3.643,,,,
901,9/27/20 7:00,3.512,,,,
902,9/27/20 8:00,3.406,,,,
903,9/27/20 9:00,3.327,,,,
904,9/27/20 10:00,3.354,,,,
905,9/27/20 11:00,3.433,,,,
906,9/27/20 12:00,3.538,,,,
907,9/27/20 13:00,3.696,,,,
908,9/27/20 14:00,3.854,,,,
909,9/27/20 15:00,3.985,,,,
910,9/27/20 16:00,4.115,,,,
911,9/27/20 17:00,4.168,,,,
912,9/27/20 18:00,4.194,,,,
913,9/27/20 19:00,4.168,,,,
914,9/27/20 20:00,4.115,,,,
915,9/27/20 21:00,4.037,,,,
916,9/27/20 22:00,3.958,,,,
917,9/27/20 23:00,3.854,,,,
918,9/28/20 0:00,3.775,,,,
919,9/28/20 1:00,3.722,,,,
920,9/28/20 2:00,3.617,,,,
921,9/28/20 3:00,3.564,,,,
922,9/28/20 4:00,3.538,,,,
923,9/28/20 5:00,3.485,,,,
924,9/28/20 6:00,3.406,,,,
925,9/28/20 7:00,3.327,,,,
926,9/28/20 8:00,3.248,,,,
927,9/28/20 9:00,3.195,,,,
928,9/28/20 10:00,3.168,,,,
929,9/28/20 11:00,3.248,,,,
930,9/28/20 12:00,3.38,,,,
931,9/28/20 13:00,3.538,,,,
932,9/28/20 14:00,3.722,,,,
933,9/28/20 15:00,3.854,,,,
934,9/28/20 16:00,3.88,,,,
935,9/28/20 17:00,3.985,,,,
936,9/28/20 18:00,4.089,,,,
937,9/28/20 19:00,4.168,,,,
938,9/28/20 20:00,4.168,,,,
939,9/28/20 21:00,4.168,,,,
940,9/28/20 22:00,4.141,,,,
941,9/28/20 23:00,4.115,,,,
942,9/29/20 0:00,4.063,,,,
943,9/29/20 1:00,4.037,,,,
944,9/29/20 2:00,4.011,,,,
945,9/29/20 3:00,4.011,,,,
946,9/29/20 4:00,4.011,,,,
947,9/29/20 5:00,3.958,,,,
948,9/29/20 6:00,3.906,,,,
949,9/29/20 7:00,3.854,,,,
950,9/29/20 8:00,3.775,,,,
951,9/29/20 9:00,3.696,,,,
952,9/29/20 10:00,3.696,,,,
953,9/29/20 11:00,3.722,,,,
954,9/29/20 12:00,3.801,,,,
955,9/29/20 13:00,3.958,,,,
956,9/29/20 14:00,4.089,,,,
957,9/29/20 15:00,4.22,,,,
958,9/29/20 16:00,4.298,,,,
959,9/29/20 17:00,4.376,,,,
960,9/29/20 18:00,4.402,,,,
961,9/29/20 19:00,4.376,,,,
962,9/29/20 20:00,4.324,,,,
963,9/29/20 21:00,4.22,,,,
964,9/29/20 22:00,4.141,,,,
965,9/29/20 23:00,4.037,,,,
966,9/30/20 0:00,3.932,,,,
967,9/30/20 1:00,3.854,,,,
968,9/30/20 2:00,3.775,,,,
969,9/30/20 3:00,3.722,,,,
970,9/30/20 4:00,3.696,,,,
971,9/30/20 5:00,3.67,,,,
972,9/30/20 6:00,3.67,,,,
973,9/30/20 7:00,3.67,,,,
974,9/30/20 8:00,3.643,,,,
975,9/30/20 9:00,3.643,,,,
976,9/30/20 10:00,3.67,,,,
977,9/30/20 11:00,3.801,,,,
978,9/30/20 12:00,3.906,,,,
979,9/30/20 13:00,3.985,,,,
980,9/30/20 14:00,4.063,,,,
981,9/30/20 15:00,4.115,,,,
982,9/30/20 16:00,4.194,,,,
983,9/30/20 17:00,4.272,,,,
984,9/30/20 18:00,4.35,,,,
985,9/30/20 19:00,4.376,,,,
986,9/30/20 20:00,4.35,,,,
987,9/30/20 21:00,4.324,,,,
988,9/30/20 22:00,4.324,,,,
989,9/30/20 23:00,4.35,,,,
990,10/1/20 0:00,4.35,,,,
991,10/1/20 1:00,4.35,,,,
992,10/1/20 2:00,4.324,,,,
993,10/1/20 3:00,4.324,,,,
994,10/1/20 4:00,4.298,,,,
995,10/1/20 5:00,4.246,,,,
996,10/1/20 6:00,4.194,,,,
997,10/1/20 7:00,4.115,,,,
998,10/1/20 8:00,4.011,,,,
999,10/1/20 9:00,3.932,,,,
1000,10/1/20 10:00,3.932,,,,
1001,10/1/20 11:00,3.985,,,,
1002,10/1/20 12:00,4.089,,,,
1003,10/1/20 13:00,4.246,,,,
1004,10/1/20 14:00,4.402,,,,
1005,10/1/20 15:00,4.584,,,,
1006,10/1/20 16:00,4.714,,,,
1007,10/1/20 17:00,4.792,,,,
1008,10/1/20 18:00,4.818,,,,
1009,10/1/20 19:00,4.818,,,,
1010,10/1/20 20:00,4.792,,,,
1011,10/1/20 21:00,4.714,,,,
1012,10/1/20 22:00,4.636,,,,
1013,10/1/20 23:00,4.558,,,,
1014,10/2/20 0:00,4.506,,,,
1015,10/2/20 1:00,4.454,,,,
1016,10/2/20 2:00,4.402,,,,
1017,10/2/20 3:00,4.35,,,,
1018,10/2/20 4:00,4.298,,,,
1019,10/2/20 5:00,4.272,,,,
1020,10/2/20 6:00,4.246,,,,
1021,10/2/20 7:00,4.22,,,,
1022,10/2/20 8:00,4.168,,,,
1023,10/2/20 9:00,4.115,,,,
1024,10/2/20 10:00,4.089,,,,
1025,10/2/20 11:00,4.194,,,,
1026,10/2/20 12:00,4.376,,,,
1027,10/2/20 13:00,4.532,,,,
1028,10/2/20 14:00,4.636,,,,
1029,10/2/20 15:00,4.688,,,,
1030,10/2/20 16:00,4.792,,,,
1031,10/2/20 17:00,4.947,,,,
1032,10/2/20 18:00,5.05,,,,
1033,10/2/20 19:00,5.128,,,,
1034,10/2/20 20:00,5.102,,,,
1035,10/2/20 21:00,5.102,,,,
1036,10/2/20 22:00,5.076,,,,
1037,10/2/20 23:00,5.024,,,,
1038,10/3/20 0:00,4.999,,,,
1039,10/3/20 1:00,4.999,,,,
1040,10/3/20 2:00,4.999,,,,
1041,10/3/20 3:00,4.999,,,,
1042,10/3/20 4:00,4.947,,,,
1043,10/3/20 5:00,4.895,,,,
1044,10/3/20 6:00,4.818,,,,
1045,10/3/20 7:00,4.74,,,,
1046,10/3/20 8:00,4.662,,,,
1047,10/3/20 9:00,4.636,,,,
1048,10/3/20 10:00,4.61,,,,
1049,10/3/20 11:00,4.662,,,,
1050,10/3/20 12:00,4.714,,,,
1051,10/3/20 13:00,4.74,,,,
1052,10/3/20 14:00,4.844,,,,
1053,10/3/20 15:00,4.921,,,,
1054,10/3/20 16:00,4.947,,,,
1055,10/3/20 17:00,4.973,,,,
1056,10/3/20 18:00,4.973,,,,
1057,10/3/20 19:00,4.947,,,,
1058,10/3/20 20:00,4.869,,,,
1059,10/3/20 21:00,4.792,,,,
1060,10/3/20 22:00,4.74,,,,
1061,10/3/20 23:00,4.662,,,,
1062,10/4/20 0:00,4.584,,,,
1063,10/4/20 1:00,4.454,,,,
1064,10/4/20 2:00,4.35,,,,
1065,10/4/20 3:00,4.22,,,,
1066,10/4/20 4:00,4.115,,,,
1067,10/4/20 5:00,3.958,,,,
1068,10/4/20 6:00,3.801,,,,
1069,10/4/20 7:00,3.643,,,,
1070,10/4/20 8:00,3.512,,,,
1071,10/4/20 9:00,3.406,,,,
1072,10/4/20 10:00,3.327,,,,
1073,10/4/20 11:00,3.327,,,,
1074,10/4/20 12:00,3.38,,,,
1075,10/4/20 13:00,3.459,,,,
1076,10/4/20 14:00,3.591,,,,
1077,10/4/20 15:00,3.643,,,,
1078,10/4/20 16:00,3.696,,,,
1079,10/4/20 17:00,3.749,,,,
1080,10/4/20 18:00,3.801,,,,
1081,10/4/20 19:00,3.801,,,,
1082,10/4/20 20:00,3.775,,,,
1083,10/4/20 21:00,3.749,,,,
1084,10/4/20 22:00,3.67,,,,
1085,10/4/20 23:00,3.617,,,,
1086,10/5/20 0:00,3.512,,,,
1087,10/5/20 1:00,3.433,,,,
1088,10/5/20 2:00,3.354,,,,
1089,10/5/20 3:00,3.327,,,,
1090,10/5/20 4:00,3.301,,,,
1091,10/5/20 5:00,3.274,,,,
1092,10/5/20 6:00,3.248,,,,
1093,10/5/20 7:00,3.195,,,,
1094,10/5/20 8:00,3.142,,,,
1095,10/5/20 9:00,3.116,,,,
1096,10/5/20 10:00,3.116,,,,
1097,10/5/20 11:00,3.116,,,,
1098,10/5/20 12:00,3.221,,,,
1099,10/5/20 13:00,3.301,,,,
1100,10/5/20 14:00,3.406,,,,
1101,10/5/20 15:00,3.512,,,,
1102,10/5/20 16:00,3.617,,,,
1103,10/5/20 17:00,3.643,,,,
1104,10/5/20 18:00,3.643,,,,
1105,10/5/20 19:00,3.617,,,,
1106,10/5/20 20:00,3.538,,,,
1107,10/5/20 21:00,3.459,,,,
1108,10/5/20 22:00,3.354,,,,
1109,10/5/20 23:00,3.274,,,,
1110,10/6/20 0:00,3.168,,,,
1111,10/6/20 1:00,3.089,,,,
1112,10/6/20 2:00,2.983,,,,
1113,10/6/20 3:00,2.903,,,,
1114,10/6/20 4:00,2.77,,,,
1115,10/6/20 5:00,2.664,,,,
1116,10/6/20 6:00,2.584,,,,
1117,10/6/20 7:00,2.53,,,,
1118,10/6/20 8:00,2.477,,,,
1119,10/6/20 9:00,2.396,,,,
1120,10/6/20 10:00,2.37,,,,
1121,10/6/20 11:00,2.396,,,,
1122,10/6/20 12:00,2.45,,,,
1123,10/6/20 13:00,2.477,,,,
1124,10/6/20 14:00,2.53,,,,
1125,10/6/20 15:00,2.61,,,,
1126,10/6/20 16:00,2.69,,,,
1127,10/6/20 17:00,2.77,,,,
1128,10/6/20 18:00,2.823,,,,
1129,10/6/20 19:00,2.877,,,,
1130,10/6/20 20:00,2.93,,,,
1131,10/6/20 21:00,2.956,,,,
1132,10/6/20 22:00,3.009,,,,
1133,10/6/20 23:00,3.036,,,,
1134,10/7/20 0:00,3.089,,,,
1135,10/7/20 1:00,3.142,,,,
1136,10/7/20 2:00,3.168,,,,
1137,10/7/20 3:00,3.195,,,,
1138,10/7/20 4:00,3.221,,,,
1139,10/7/20 5:00,3.221,,,,
1140,10/7/20 6:00,3.248,,,,
1141,10/7/20 7:00,3.221,,,,
1142,10/7/20 8:00,3.168,,,,
1143,10/7/20 9:00,3.116,,,,
1144,10/7/20 10:00,3.063,,,,
1145,10/7/20 11:00,3.063,,,,
1146,10/7/20 12:00,3.168,,,,
1147,10/7/20 13:00,3.248,,,,
1148,10/7/20 14:00,3.406,,,,
1149,10/7/20 15:00,3.538,,,,
1150,10/7/20 16:00,3.591,,,,
1151,10/7/20 17:00,3.643,,,,
1152,10/7/20 18:00,3.67,,,,
1153,10/7/20 19:00,3.617,,,,
1154,10/7/20 20:00,3.564,,,,
1155,10/7/20 21:00,3.485,,,,
1156,10/7/20 22:00,3.38,,,,
1157,10/7/20 23:00,3.248,,,,
1158,10/8/20 0:00,3.116,,,,
1159,10/8/20 1:00,3.009,,,,
1160,10/8/20 2:00,2.877,,,,
1161,10/8/20 3:00,2.744,,,,
1162,10/8/20 4:00,2.637,,,,
1163,10/8/20 5:00,2.53,,,,
1164,10/8/20 6:00,2.423,,,,
1165,10/8/20 7:00,2.316,,,,
1166,10/8/20 8:00,2.182,,,,
1167,10/8/20 9:00,2.074,,,,
1168,10/8/20 10:00,2.021,,,,
1169,10/8/20 11:00,2.021,,,,
1170,10/8/20 12:00,2.074,,,,
1171,10/8/20 13:00,2.182,,,,
1172,10/8/20 14:00,2.262,,,,
1173,10/8/20 15:00,,,Logged,,
1174,10/8/20 16:00,,,,Logged,Logged