Plot Title: 10718925,,,,,,
#,"Date Time, GMT-08:00","Temp, °C (LGR S/N: 10718925, SEN S/N: 10718925)",Coupler Detached (LGR S/N: 10718925),Coupler Attached (LGR S/N: 10718925),Stopped (LGR S/N: 10718925),End Of File (LGR S/N: 10718925)
1,5/20/20 13:00,19.175,Logged,,,
2,5/20/20 14:00,19.222,,,,
3,5/20/20 15:00,20.269,,,,
4,5/20/20 16:00,24.05,,,,
5,5/20/20 17:00,26.451,,,,
6,5/20/20 18:00,26.867,,,,
7,5/20/20 19:00,21.127,,,,
8,5/20/20 20:00,20.079,,,,
9,5/20/20 21:00,19.627,,,,
10,5/20/20 22:00,19.318,,,,
11,5/20/20 23:00,19.056,,,,
12,5/21/20 0:00,18.842,,,,
13,5/21/20 1:00,18.652,,,,
14,5/21/20 2:00,18.485,,,,
15,5/21/20 3:00,18.319,,,,
16,5/21/20 4:00,18.152,,,,
17,5/21/20 5:00,17.986,,,,
18,5/21/20 6:00,17.843,,,,
19,5/21/20 7:00,17.653,,,,
20,5/21/20 8:00,16.939,,,,
21,5/21/20 9:00,17.415,,,,
22,5/21/20 10:00,20.365,,,,
23,5/21/20 11:00,21.557,,,,
24,5/21/20 12:00,21.891,,,,
25,5/21/20 13:00,23.208,,,,
26,5/21/20 14:00,24.581,,,,
27,5/21/20 15:00,24.992,,,,
28,5/21/20 16:00,24.798,,,,
29,5/21/20 17:00,24.243,,,,
30,5/21/20 18:00,22.968,,,,
31,5/21/20 19:00,21.533,,,,
32,5/21/20 20:00,22.011,,,,
33,5/21/20 21:00,22.202,,,,
34,5/21/20 22:00,20.865,,,,
35,5/21/20 23:00,19.175,,,,
36,5/22/20 0:00,17.272,,,,
37,5/22/20 1:00,15.008,,,,
38,5/22/20 2:00,13.04,,,,
39,5/22/20 3:00,12.05,,,,
40,5/22/20 4:00,11.394,,,,
41,5/22/20 5:00,10.932,,,,
42,5/22/20 6:00,10.59,,,,
43,5/22/20 7:00,10.541,,,,
44,5/22/20 8:00,10.956,,,,
45,5/22/20 9:00,11.832,,,,
46,5/22/20 10:00,13.209,,,,
47,5/22/20 11:00,14.816,,,,
48,5/22/20 12:00,17.368,,,,
49,5/22/20 13:00,21.079,,,,
50,5/22/20 14:00,22.8,,,,
51,5/22/20 15:00,22.465,,,,
52,5/22/20 16:00,22.058,,,,
53,5/22/20 17:00,21.724,,,,
54,5/22/20 18:00,20.65,,,,
55,5/22/20 19:00,21.652,,,,
56,5/22/20 20:00,19.246,,,,
57,5/22/20 21:00,17.51,,,,
58,5/22/20 22:00,15.843,,,,
59,5/22/20 23:00,15.008,,,,
60,5/23/20 0:00,14.745,,,,
61,5/23/20 1:00,14.625,,,,
62,5/23/20 2:00,14.505,,,,
63,5/23/20 3:00,14.409,,,,
64,5/23/20 4:00,14.29,,,,
65,5/23/20 5:00,14.194,,,,
66,5/23/20 6:00,14.074,,,,
67,5/23/20 7:00,13.954,,,,
68,5/23/20 8:00,13.858,,,,
69,5/23/20 9:00,13.93,,,,
70,5/23/20 10:00,14.002,,,,
71,5/23/20 11:00,14.026,,,,
72,5/23/20 12:00,14.194,,,,
73,5/23/20 13:00,14.457,,,,
74,5/23/20 14:00,14.936,,,,
75,5/23/20 15:00,15.151,,,,
76,5/23/20 16:00,15.103,,,,
77,5/23/20 17:00,15.079,,,,
78,5/23/20 18:00,15.079,,,,
79,5/23/20 19:00,15.031,,,,
80,5/23/20 20:00,15.008,,,,
81,5/23/20 21:00,15.008,,,,
82,5/23/20 22:00,15.031,,,,
83,5/23/20 23:00,15.031,,,,
84,5/24/20 0:00,15.008,,,,
85,5/24/20 1:00,14.96,,,,
86,5/24/20 2:00,14.912,,,,
87,5/24/20 3:00,14.816,,,,
88,5/24/20 4:00,14.745,,,,
89,5/24/20 5:00,14.649,,,,
90,5/24/20 6:00,14.577,,,,
91,5/24/20 7:00,14.481,,,,
92,5/24/20 8:00,14.409,,,,
93,5/24/20 9:00,14.337,,,,
94,5/24/20 10:00,14.29,,,,
95,5/24/20 11:00,14.218,,,,
96,5/24/20 12:00,14.194,,,,
97,5/24/20 13:00,14.17,,,,
98,5/24/20 14:00,14.146,,,,
99,5/24/20 15:00,14.17,,,,
100,5/24/20 16:00,14.314,,,,
101,5/24/20 17:00,14.433,,,,
102,5/24/20 18:00,14.577,,,,
103,5/24/20 19:00,14.649,,,,
104,5/24/20 20:00,14.649,,,,
105,5/24/20 21:00,14.649,,,,
106,5/24/20 22:00,14.625,,,,
107,5/24/20 23:00,14.625,,,,
108,5/25/20 0:00,14.625,,,,
109,5/25/20 1:00,14.601,,,,
110,5/25/20 2:00,14.553,,,,
111,5/25/20 3:00,14.505,,,,
112,5/25/20 4:00,14.433,,,,
113,5/25/20 5:00,14.409,,,,
114,5/25/20 6:00,14.433,,,,
115,5/25/20 7:00,14.505,,,,
116,5/25/20 8:00,14.505,,,,
117,5/25/20 9:00,14.505,,,,
118,5/25/20 10:00,14.529,,,,
119,5/25/20 11:00,14.577,,,,
120,5/25/20 12:00,14.673,,,,
121,5/25/20 13:00,14.768,,,,
122,5/25/20 14:00,14.792,,,,
123,5/25/20 15:00,14.864,,,,
124,5/25/20 16:00,14.888,,,,
125,5/25/20 17:00,14.888,,,,
126,5/25/20 18:00,14.84,,,,
127,5/25/20 19:00,14.792,,,,
128,5/25/20 20:00,14.768,,,,
129,5/25/20 21:00,14.864,,,,
130,5/25/20 22:00,14.912,,,,
131,5/25/20 23:00,14.888,,,,
132,5/26/20 0:00,14.84,,,,
133,5/26/20 1:00,14.768,,,,
134,5/26/20 2:00,14.721,,,,
135,5/26/20 3:00,14.697,,,,
136,5/26/20 4:00,14.697,,,,
137,5/26/20 5:00,14.697,,,,
138,5/26/20 6:00,14.721,,,,
139,5/26/20 7:00,14.673,,,,
140,5/26/20 8:00,14.673,,,,
141,5/26/20 9:00,14.673,,,,
142,5/26/20 10:00,14.745,,,,
143,5/26/20 11:00,14.816,,,,
144,5/26/20 12:00,14.816,,,,
145,5/26/20 13:00,14.816,,,,
146,5/26/20 14:00,14.792,,,,
147,5/26/20 15:00,14.768,,,,
148,5/26/20 16:00,14.84,,,,
149,5/26/20 17:00,14.912,,,,
150,5/26/20 18:00,14.984,,,,
151,5/26/20 19:00,15.079,,,,
152,5/26/20 20:00,15.127,,,,
153,5/26/20 21:00,15.127,,,,
154,5/26/20 22:00,15.103,,,,
155,5/26/20 23:00,15.031,,,,
156,5/27/20 0:00,14.96,,,,
157,5/27/20 1:00,14.864,,,,
158,5/27/20 2:00,14.745,,,,
159,5/27/20 3:00,14.625,,,,
160,5/27/20 4:00,14.505,,,,
161,5/27/20 5:00,14.433,,,,
162,5/27/20 6:00,14.409,,,,
163,5/27/20 7:00,14.385,,,,
164,5/27/20 8:00,14.409,,,,
165,5/27/20 9:00,14.433,,,,
166,5/27/20 10:00,14.481,,,,
167,5/27/20 11:00,13.834,,,,
168,5/27/20 12:00,13.618,,,,
169,5/27/20 13:00,13.714,,,,
170,5/27/20 14:00,13.858,,,,
171,5/27/20 15:00,14.481,,,,
172,5/27/20 16:00,14.816,,,,
173,5/27/20 17:00,16.939,,,,
174,5/27/20 18:00,18.747,,,,
175,5/27/20 19:00,18.985,,,,
176,5/27/20 20:00,18.747,,,,
177,5/27/20 21:00,18.699,,,,
178,5/27/20 22:00,18.152,,,,
179,5/27/20 23:00,16.915,,,,
180,5/28/20 0:00,15.223,,,,
181,5/28/20 1:00,13.714,,,,
182,5/28/20 2:00,12.413,,,,
183,5/28/20 3:00,11.297,,,,
184,5/28/20 4:00,10.418,,,,
185,5/28/20 5:00,9.706,,,,
186,5/28/20 6:00,9.336,,,,
187,5/28/20 7:00,9.386,,,,
188,5/28/20 8:00,10.026,,,,
189,5/28/20 9:00,11.273,,,,
190,5/28/20 10:00,14.098,,,,
191,5/28/20 11:00,18.033,,,,
192,5/28/20 12:00,20.246,,,,
193,5/28/20 13:00,22.034,,,,
194,5/28/20 14:00,22.633,,,,
195,5/28/20 15:00,24.944,,,,
196,5/28/20 16:00,26.182,,,,
197,5/28/20 17:00,23.28,,,,
198,5/28/20 18:00,23.04,,,,
199,5/28/20 19:00,22.393,,,,
200,5/28/20 20:00,20.603,,,,
201,5/28/20 21:00,17.796,,,,
202,5/28/20 22:00,15.843,,,,
203,5/28/20 23:00,14.601,,,,
204,5/29/20 0:00,13.666,,,,
205,5/29/20 1:00,12.727,,,,
206,5/29/20 2:00,11.832,,,,
207,5/29/20 3:00,11.102,,,,
208,5/29/20 4:00,10.516,,,,
209,5/29/20 5:00,10.075,,,,
210,5/29/20 6:00,9.78,,,,
211,5/29/20 7:00,9.632,,,,
212,5/29/20 8:00,10.1,,,,
213,5/29/20 9:00,12.871,,,,
214,5/29/20 10:00,19.08,,,,
215,5/29/20 11:00,22.681,,,,
216,5/29/20 12:00,6.585,,,,
217,5/29/20 13:00,6.687,,,,
218,5/29/20 14:00,6.763,,,,
219,5/29/20 15:00,7.142,,,,
220,5/29/20 16:00,7.444,,,,
221,5/29/20 17:00,7.494,,,,
222,5/29/20 18:00,7.444,,,,
223,5/29/20 19:00,7.444,,,,
224,5/29/20 20:00,7.469,,,,
225,5/29/20 21:00,7.519,,,,
226,5/29/20 22:00,7.594,,,,
227,5/29/20 23:00,7.645,,,,
228,5/30/20 0:00,7.745,,,,
229,5/30/20 1:00,7.795,,,,
230,5/30/20 2:00,7.745,,,,
231,5/30/20 3:00,7.619,,,,
232,5/30/20 4:00,7.494,,,,
233,5/30/20 5:00,7.343,,,,
234,5/30/20 6:00,7.217,,,,
235,5/30/20 7:00,7.116,,,,
236,5/30/20 8:00,7.041,,,,
237,5/30/20 9:00,6.914,,,,
238,5/30/20 10:00,7.041,,,,
239,5/30/20 11:00,7.116,,,,
240,5/30/20 12:00,7.192,,,,
241,5/30/20 13:00,7.393,,,,
242,5/30/20 14:00,7.594,,,,
243,5/30/20 15:00,7.645,,,,
244,5/30/20 16:00,7.795,,,,
245,5/30/20 17:00,8.02,,,,
246,5/30/20 18:00,7.995,,,,
247,5/30/20 19:00,8.12,,,,
248,5/30/20 20:00,8.195,,,,
249,5/30/20 21:00,8.145,,,,
250,5/30/20 22:00,8.07,,,,
251,5/30/20 23:00,7.945,,,,
252,5/31/20 0:00,7.82,,,,
253,5/31/20 1:00,7.695,,,,
254,5/31/20 2:00,7.594,,,,
255,5/31/20 3:00,7.519,,,,
256,5/31/20 4:00,7.393,,,,
257,5/31/20 5:00,7.268,,,,
258,5/31/20 6:00,7.167,,,,
259,5/31/20 7:00,7.091,,,,
260,5/31/20 8:00,7.041,,,,
261,5/31/20 9:00,7.091,,,,
262,5/31/20 10:00,7.192,,,,
263,5/31/20 11:00,7.419,,,,
264,5/31/20 12:00,7.67,,,,
265,5/31/20 13:00,7.945,,,,
266,5/31/20 14:00,8.045,,,,
267,5/31/20 15:00,8.444,,,,
268,5/31/20 16:00,8.593,,,,
269,5/31/20 17:00,8.841,,,,
270,5/31/20 18:00,9.114,,,,
271,5/31/20 19:00,9.287,,,,
272,5/31/20 20:00,9.312,,,,
273,5/31/20 21:00,9.188,,,,
274,5/31/20 22:00,9.064,,,,
275,5/31/20 23:00,8.941,,,,
276,6/1/20 0:00,8.841,,,,
277,6/1/20 1:00,8.717,,,,
278,6/1/20 2:00,8.593,,,,
279,6/1/20 3:00,8.444,,,,
280,6/1/20 4:00,8.245,,,,
281,6/1/20 5:00,8.045,,,,
282,6/1/20 6:00,7.82,,,,
283,6/1/20 7:00,7.67,,,,
284,6/1/20 8:00,7.645,,,,
285,6/1/20 9:00,7.645,,,,
286,6/1/20 10:00,7.72,,,,
287,6/1/20 11:00,7.92,,,,
288,6/1/20 12:00,8.045,,,,
289,6/1/20 13:00,8.145,,,,
290,6/1/20 14:00,8.469,,,,
291,6/1/20 15:00,8.519,,,,
292,6/1/20 16:00,8.543,,,,
293,6/1/20 17:00,8.742,,,,
294,6/1/20 18:00,8.817,,,,
295,6/1/20 19:00,8.767,,,,
296,6/1/20 20:00,8.618,,,,
297,6/1/20 21:00,8.519,,,,
298,6/1/20 22:00,8.245,,,,
299,6/1/20 23:00,7.945,,,,
300,6/2/20 0:00,7.745,,,,
301,6/2/20 1:00,7.67,,,,
302,6/2/20 2:00,7.645,,,,
303,6/2/20 3:00,7.594,,,,
304,6/2/20 4:00,7.444,,,,
305,6/2/20 5:00,7.242,,,,
306,6/2/20 6:00,7.041,,,,
307,6/2/20 7:00,6.864,,,,
308,6/2/20 8:00,6.788,,,,
309,6/2/20 9:00,6.763,,,,
310,6/2/20 10:00,6.864,,,,
311,6/2/20 11:00,6.864,,,,
312,6/2/20 12:00,6.99,,,,
313,6/2/20 13:00,6.965,,,,
314,6/2/20 14:00,7.091,,,,
315,6/2/20 15:00,7.066,,,,
316,6/2/20 16:00,7.015,,,,
317,6/2/20 17:00,7.142,,,,
318,6/2/20 18:00,7.268,,,,
319,6/2/20 19:00,7.293,,,,
320,6/2/20 20:00,7.268,,,,
321,6/2/20 21:00,7.217,,,,
322,6/2/20 22:00,7.167,,,,
323,6/2/20 23:00,7.167,,,,
324,6/3/20 0:00,7.142,,,,
325,6/3/20 1:00,7.142,,,,
326,6/3/20 2:00,7.091,,,,
327,6/3/20 3:00,7.015,,,,
328,6/3/20 4:00,6.864,,,,
329,6/3/20 5:00,6.712,,,,
330,6/3/20 6:00,6.585,,,,
331,6/3/20 7:00,6.484,,,,
332,6/3/20 8:00,6.433,,,,
333,6/3/20 9:00,6.458,,,,
334,6/3/20 10:00,6.484,,,,
335,6/3/20 11:00,6.433,,,,
336,6/3/20 12:00,6.357,,,,
337,6/3/20 13:00,6.433,,,,
338,6/3/20 14:00,6.585,,,,
339,6/3/20 15:00,6.687,,,,
340,6/3/20 16:00,6.914,,,,
341,6/3/20 17:00,7.167,,,,
342,6/3/20 18:00,7.469,,,,
343,6/3/20 19:00,7.519,,,,
344,6/3/20 20:00,7.519,,,,
345,6/3/20 21:00,7.519,,,,
346,6/3/20 22:00,7.419,,,,
347,6/3/20 23:00,7.318,,,,
348,6/4/20 0:00,7.368,,,,
349,6/4/20 1:00,7.393,,,,
350,6/4/20 2:00,7.419,,,,
351,6/4/20 3:00,7.368,,,,
352,6/4/20 4:00,7.318,,,,
353,6/4/20 5:00,7.217,,,,
354,6/4/20 6:00,7.091,,,,
355,6/4/20 7:00,6.94,,,,
356,6/4/20 8:00,6.839,,,,
357,6/4/20 9:00,6.737,,,,
358,6/4/20 10:00,6.813,,,,
359,6/4/20 11:00,6.914,,,,
360,6/4/20 12:00,7.192,,,,
361,6/4/20 13:00,7.343,,,,
362,6/4/20 14:00,7.494,,,,
363,6/4/20 15:00,7.745,,,,
364,6/4/20 16:00,7.995,,,,
365,6/4/20 17:00,8.145,,,,
366,6/4/20 18:00,8.095,,,,
367,6/4/20 19:00,8.145,,,,
368,6/4/20 20:00,8.045,,,,
369,6/4/20 21:00,7.97,,,,
370,6/4/20 22:00,7.87,,,,
371,6/4/20 23:00,7.745,,,,
372,6/5/20 0:00,7.72,,,,
373,6/5/20 1:00,7.645,,,,
374,6/5/20 2:00,7.519,,,,
375,6/5/20 3:00,7.393,,,,
376,6/5/20 4:00,7.242,,,,
377,6/5/20 5:00,7.041,,,,
378,6/5/20 6:00,6.839,,,,
379,6/5/20 7:00,6.737,,,,
380,6/5/20 8:00,6.687,,,,
381,6/5/20 9:00,6.712,,,,
382,6/5/20 10:00,6.813,,,,
383,6/5/20 11:00,7.015,,,,
384,6/5/20 12:00,7.217,,,,
385,6/5/20 13:00,7.419,,,,
386,6/5/20 14:00,7.318,,,,
387,6/5/20 15:00,7.544,,,,
388,6/5/20 16:00,7.72,,,,
389,6/5/20 17:00,7.645,,,,
390,6/5/20 18:00,7.77,,,,
391,6/5/20 19:00,7.845,,,,
392,6/5/20 20:00,7.87,,,,
393,6/5/20 21:00,7.92,,,,
394,6/5/20 22:00,7.945,,,,
395,6/5/20 23:00,7.895,,,,
396,6/6/20 0:00,7.795,,,,
397,6/6/20 1:00,7.645,,,,
398,6/6/20 2:00,7.519,,,,
399,6/6/20 3:00,7.393,,,,
400,6/6/20 4:00,7.242,,,,
401,6/6/20 5:00,7.066,,,,
402,6/6/20 6:00,6.889,,,,
403,6/6/20 7:00,6.737,,,,
404,6/6/20 8:00,6.661,,,,
405,6/6/20 9:00,6.737,,,,
406,6/6/20 10:00,6.864,,,,
407,6/6/20 11:00,7.066,,,,
408,6/6/20 12:00,7.393,,,,
409,6/6/20 13:00,7.544,,,,
410,6/6/20 14:00,7.544,,,,
411,6/6/20 15:00,7.845,,,,
412,6/6/20 16:00,8.02,,,,
413,6/6/20 17:00,8.095,,,,
414,6/6/20 18:00,8.045,,,,
415,6/6/20 19:00,8.245,,,,
416,6/6/20 20:00,8.245,,,,
417,6/6/20 21:00,8.22,,,,
418,6/6/20 22:00,8.07,,,,
419,6/6/20 23:00,7.745,,,,
420,6/7/20 0:00,7.469,,,,
421,6/7/20 1:00,7.242,,,,
422,6/7/20 2:00,7.091,,,,
423,6/7/20 3:00,6.99,,,,
424,6/7/20 4:00,6.864,,,,
425,6/7/20 5:00,6.763,,,,
426,6/7/20 6:00,6.661,,,,
427,6/7/20 7:00,6.56,,,,
428,6/7/20 8:00,6.535,,,,
429,6/7/20 9:00,6.585,,,,
430,6/7/20 10:00,6.737,,,,
431,6/7/20 11:00,6.965,,,,
432,6/7/20 12:00,7.268,,,,
433,6/7/20 13:00,7.569,,,,
434,6/7/20 14:00,7.77,,,,
435,6/7/20 15:00,7.87,,,,
436,6/7/20 16:00,8.02,,,,
437,6/7/20 17:00,8.22,,,,
438,6/7/20 18:00,8.295,,,,
439,6/7/20 19:00,8.27,,,,
440,6/7/20 20:00,8.27,,,,
441,6/7/20 21:00,8.195,,,,
442,6/7/20 22:00,8.12,,,,
443,6/7/20 23:00,8.02,,,,
444,6/8/20 0:00,7.945,,,,
445,6/8/20 1:00,7.92,,,,
446,6/8/20 2:00,7.845,,,,
447,6/8/20 3:00,7.67,,,,
448,6/8/20 4:00,7.494,,,,
449,6/8/20 5:00,7.368,,,,
450,6/8/20 6:00,7.268,,,,
451,6/8/20 7:00,7.217,,,,
452,6/8/20 8:00,7.217,,,,
453,6/8/20 9:00,7.242,,,,
454,6/8/20 10:00,7.242,,,,
455,6/8/20 11:00,7.242,,,,
456,6/8/20 12:00,7.268,,,,
457,6/8/20 13:00,7.419,,,,
458,6/8/20 14:00,7.594,,,,
459,6/8/20 15:00,7.995,,,,
460,6/8/20 16:00,8.27,,,,
461,6/8/20 17:00,8.543,,,,
462,6/8/20 18:00,8.693,,,,
463,6/8/20 19:00,8.593,,,,
464,6/8/20 20:00,8.419,,,,
465,6/8/20 21:00,8.394,,,,
466,6/8/20 22:00,8.444,,,,
467,6/8/20 23:00,8.394,,,,
468,6/9/20 0:00,8.27,,,,
469,6/9/20 1:00,8.145,,,,
470,6/9/20 2:00,8.045,,,,
471,6/9/20 3:00,7.92,,,,
472,6/9/20 4:00,7.77,,,,
473,6/9/20 5:00,7.594,,,,
474,6/9/20 6:00,7.444,,,,
475,6/9/20 7:00,7.318,,,,
476,6/9/20 8:00,7.217,,,,
477,6/9/20 9:00,7.242,,,,
478,6/9/20 10:00,7.318,,,,
479,6/9/20 11:00,7.393,,,,
480,6/9/20 12:00,7.619,,,,
481,6/9/20 13:00,7.895,,,,
482,6/9/20 14:00,8.22,,,,
483,6/9/20 15:00,8.17,,,,
484,6/9/20 16:00,8.195,,,,
485,6/9/20 17:00,8.344,,,,
486,6/9/20 18:00,8.543,,,,
487,6/9/20 19:00,8.618,,,,
488,6/9/20 20:00,8.668,,,,
489,6/9/20 21:00,8.593,,,,
490,6/9/20 22:00,8.519,,,,
491,6/9/20 23:00,8.444,,,,
492,6/10/20 0:00,8.27,,,,
493,6/10/20 1:00,8.095,,,,
494,6/10/20 2:00,7.895,,,,
495,6/10/20 3:00,7.745,,,,
496,6/10/20 4:00,7.569,,,,
497,6/10/20 5:00,7.419,,,,
498,6/10/20 6:00,7.268,,,,
499,6/10/20 7:00,7.142,,,,
500,6/10/20 8:00,7.091,,,,
501,6/10/20 9:00,7.167,,,,
502,6/10/20 10:00,7.343,,,,
503,6/10/20 11:00,7.619,,,,
504,6/10/20 12:00,7.92,,,,
505,6/10/20 13:00,8.22,,,,
506,6/10/20 14:00,8.543,,,,
507,6/10/20 15:00,8.817,,,,
508,6/10/20 16:00,9.336,,,,
509,6/10/20 17:00,9.509,,,,
510,6/10/20 18:00,9.558,,,,
511,6/10/20 19:00,9.731,,,,
512,6/10/20 20:00,9.903,,,,
513,6/10/20 21:00,10.051,,,,
514,6/10/20 22:00,9.805,,,,
515,6/10/20 23:00,9.386,,,,
516,6/11/20 0:00,9.139,,,,
517,6/11/20 1:00,9.089,,,,
518,6/11/20 2:00,9.089,,,,
519,6/11/20 3:00,8.941,,,,
520,6/11/20 4:00,8.693,,,,
521,6/11/20 5:00,8.444,,,,
522,6/11/20 6:00,8.27,,,,
523,6/11/20 7:00,8.195,,,,
524,6/11/20 8:00,8.27,,,,
525,6/11/20 9:00,8.295,,,,
526,6/11/20 10:00,8.543,,,,
527,6/11/20 11:00,8.866,,,,
528,6/11/20 12:00,9.213,,,,
529,6/11/20 13:00,9.682,,,,
530,6/11/20 14:00,9.977,,,,
531,6/11/20 15:00,10.32,,,,
532,6/11/20 16:00,10.492,,,,
533,6/11/20 17:00,10.81,,,,
534,6/11/20 18:00,11.029,,,,
535,6/11/20 19:00,11.053,,,,
536,6/11/20 20:00,10.98,,,,
537,6/11/20 21:00,10.907,,,,
538,6/11/20 22:00,10.736,,,,
539,6/11/20 23:00,10.516,,,,
540,6/12/20 0:00,10.271,,,,
541,6/12/20 1:00,10.051,,,,
542,6/12/20 2:00,9.805,,,,
543,6/12/20 3:00,9.558,,,,
544,6/12/20 4:00,9.361,,,,
545,6/12/20 5:00,9.213,,,,
546,6/12/20 6:00,9.089,,,,
547,6/12/20 7:00,8.941,,,,
548,6/12/20 8:00,8.817,,,,
549,6/12/20 9:00,8.916,,,,
550,6/12/20 10:00,9.213,,,,
551,6/12/20 11:00,9.312,,,,
552,6/12/20 12:00,9.46,,,,
553,6/12/20 13:00,9.682,,,,
554,6/12/20 14:00,9.977,,,,
555,6/12/20 15:00,10.075,,,,
556,6/12/20 16:00,10.001,,,,
557,6/12/20 17:00,10.051,,,,
558,6/12/20 18:00,10.026,,,,
559,6/12/20 19:00,9.977,,,,
560,6/12/20 20:00,9.879,,,,
561,6/12/20 21:00,9.731,,,,
562,6/12/20 22:00,9.485,,,,
563,6/12/20 23:00,9.312,,,,
564,6/13/20 0:00,9.139,,,,
565,6/13/20 1:00,8.941,,,,
566,6/13/20 2:00,8.817,,,,
567,6/13/20 3:00,8.742,,,,
568,6/13/20 4:00,8.593,,,,
569,6/13/20 5:00,8.444,,,,
570,6/13/20 6:00,8.344,,,,
571,6/13/20 7:00,8.27,,,,
572,6/13/20 8:00,8.319,,,,
573,6/13/20 9:00,8.369,,,,
574,6/13/20 10:00,8.494,,,,
575,6/13/20 11:00,8.742,,,,
576,6/13/20 12:00,9.04,,,,
577,6/13/20 13:00,9.238,,,,
578,6/13/20 14:00,9.509,,,,
579,6/13/20 15:00,9.977,,,,
580,6/13/20 16:00,10.149,,,,
581,6/13/20 17:00,10.051,,,,
582,6/13/20 18:00,9.829,,,,
583,6/13/20 19:00,9.731,,,,
584,6/13/20 20:00,9.632,,,,
585,6/13/20 21:00,9.46,,,,
586,6/13/20 22:00,9.262,,,,
587,6/13/20 23:00,9.114,,,,
588,6/14/20 0:00,9.015,,,,
589,6/14/20 1:00,8.941,,,,
590,6/14/20 2:00,8.866,,,,
591,6/14/20 3:00,8.767,,,,
592,6/14/20 4:00,8.618,,,,
593,6/14/20 5:00,8.444,,,,
594,6/14/20 6:00,8.319,,,,
595,6/14/20 7:00,8.17,,,,
596,6/14/20 8:00,8.07,,,,
597,6/14/20 9:00,7.995,,,,
598,6/14/20 10:00,7.945,,,,
599,6/14/20 11:00,7.895,,,,
600,6/14/20 12:00,7.87,,,,
601,6/14/20 13:00,7.97,,,,
602,6/14/20 14:00,8.17,,,,
603,6/14/20 15:00,8.693,,,,
604,6/14/20 16:00,9.015,,,,
605,6/14/20 17:00,9.361,,,,
606,6/14/20 18:00,9.583,,,,
607,6/14/20 19:00,9.731,,,,
608,6/14/20 20:00,9.854,,,,
609,6/14/20 21:00,9.903,,,,
610,6/14/20 22:00,9.854,,,,
611,6/14/20 23:00,9.682,,,,
612,6/15/20 0:00,9.534,,,,
613,6/15/20 1:00,9.386,,,,
614,6/15/20 2:00,9.262,,,,
615,6/15/20 3:00,9.188,,,,
616,6/15/20 4:00,9.139,,,,
617,6/15/20 5:00,9.089,,,,
618,6/15/20 6:00,8.965,,,,
619,6/15/20 7:00,8.841,,,,
620,6/15/20 8:00,8.841,,,,
621,6/15/20 9:00,8.891,,,,
622,6/15/20 10:00,9.089,,,,
623,6/15/20 11:00,9.435,,,,
624,6/15/20 12:00,9.756,,,,
625,6/15/20 13:00,9.928,,,,
626,6/15/20 14:00,10.173,,,,
627,6/15/20 15:00,10.687,,,,
628,6/15/20 16:00,10.883,,,,
629,6/15/20 17:00,10.687,,,,
630,6/15/20 18:00,10.541,,,,
631,6/15/20 19:00,10.467,,,,
632,6/15/20 20:00,10.345,,,,
633,6/15/20 21:00,10.173,,,,
634,6/15/20 22:00,9.952,,,,
635,6/15/20 23:00,9.682,,,,
636,6/16/20 0:00,9.46,,,,
637,6/16/20 1:00,9.312,,,,
638,6/16/20 2:00,9.139,,,,
639,6/16/20 3:00,8.99,,,,
640,6/16/20 4:00,8.866,,,,
641,6/16/20 5:00,8.693,,,,
642,6/16/20 6:00,8.543,,,,
643,6/16/20 7:00,8.419,,,,
644,6/16/20 8:00,8.319,,,,
645,6/16/20 9:00,8.419,,,,
646,6/16/20 10:00,8.593,,,,
647,6/16/20 11:00,8.792,,,,
648,6/16/20 12:00,9.139,,,,
649,6/16/20 13:00,9.386,,,,
650,6/16/20 14:00,9.829,,,,
651,6/16/20 15:00,10.247,,,,
652,6/16/20 16:00,10.443,,,,
653,6/16/20 17:00,10.663,,,,
654,6/16/20 18:00,11.005,,,,
655,6/16/20 19:00,10.98,,,,
656,6/16/20 20:00,10.907,,,,
657,6/16/20 21:00,10.858,,,,
658,6/16/20 22:00,10.81,,,,
659,6/16/20 23:00,10.687,,,,
660,6/17/20 0:00,10.565,,,,
661,6/17/20 1:00,10.418,,,,
662,6/17/20 2:00,10.247,,,,
663,6/17/20 3:00,10.051,,,,
664,6/17/20 4:00,9.879,,,,
665,6/17/20 5:00,9.731,,,,
666,6/17/20 6:00,9.608,,,,
667,6/17/20 7:00,9.509,,,,
668,6/17/20 8:00,9.435,,,,
669,6/17/20 9:00,9.46,,,,
670,6/17/20 10:00,9.583,,,,
671,6/17/20 11:00,9.805,,,,
672,6/17/20 12:00,10.051,,,,
673,6/17/20 13:00,10.247,,,,
674,6/17/20 14:00,10.614,,,,
675,6/17/20 15:00,10.98,,,,
676,6/17/20 16:00,11.151,,,,
677,6/17/20 17:00,11.297,,,,
678,6/17/20 18:00,11.516,,,,
679,6/17/20 19:00,11.589,,,,
680,6/17/20 20:00,11.662,,,,
681,6/17/20 21:00,11.516,,,,
682,6/17/20 22:00,11.273,,,,
683,6/17/20 23:00,11.053,,,,
684,6/18/20 0:00,10.883,,,,
685,6/18/20 1:00,10.785,,,,
686,6/18/20 2:00,10.638,,,,
687,6/18/20 3:00,10.492,,,,
688,6/18/20 4:00,10.32,,,,
689,6/18/20 5:00,10.124,,,,
690,6/18/20 6:00,9.903,,,,
691,6/18/20 7:00,9.706,,,,
692,6/18/20 8:00,9.583,,,,
693,6/18/20 9:00,9.534,,,,
694,6/18/20 10:00,9.682,,,,
695,6/18/20 11:00,9.903,,,,
696,6/18/20 12:00,10.026,,,,
697,6/18/20 13:00,10.247,,,,
698,6/18/20 14:00,10.614,,,,
699,6/18/20 15:00,10.956,,,,
700,6/18/20 16:00,11.102,,,,
701,6/18/20 17:00,11.37,,,,
702,6/18/20 18:00,11.419,,,,
703,6/18/20 19:00,11.589,,,,
704,6/18/20 20:00,11.589,,,,
705,6/18/20 21:00,11.394,,,,
706,6/18/20 22:00,11.273,,,,
707,6/18/20 23:00,11.151,,,,
708,6/19/20 0:00,10.956,,,,
709,6/19/20 1:00,10.712,,,,
710,6/19/20 2:00,10.541,,,,
711,6/19/20 3:00,10.369,,,,
712,6/19/20 4:00,10.222,,,,
713,6/19/20 5:00,10.1,,,,
714,6/19/20 6:00,10.001,,,,
715,6/19/20 7:00,9.854,,,,
716,6/19/20 8:00,9.756,,,,
717,6/19/20 9:00,9.682,,,,
718,6/19/20 10:00,9.583,,,,
719,6/19/20 11:00,9.509,,,,
720,6/19/20 12:00,9.41,,,,
721,6/19/20 13:00,9.312,,,,
722,6/19/20 14:00,9.238,,,,
723,6/19/20 15:00,9.262,,,,
724,6/19/20 16:00,9.435,,,,
725,6/19/20 17:00,9.583,,,,
726,6/19/20 18:00,9.558,,,,
727,6/19/20 19:00,9.558,,,,
728,6/19/20 20:00,9.534,,,,
729,6/19/20 21:00,9.336,,,,
730,6/19/20 22:00,9.213,,,,
731,6/19/20 23:00,9.089,,,,
732,6/20/20 0:00,8.941,,,,
733,6/20/20 1:00,8.717,,,,
734,6/20/20 2:00,8.494,,,,
735,6/20/20 3:00,8.27,,,,
736,6/20/20 4:00,8.145,,,,
737,6/20/20 5:00,8.02,,,,
738,6/20/20 6:00,7.92,,,,
739,6/20/20 7:00,7.87,,,,
740,6/20/20 8:00,7.895,,,,
741,6/20/20 9:00,7.945,,,,
742,6/20/20 10:00,7.995,,,,
743,6/20/20 11:00,8.195,,,,
744,6/20/20 12:00,8.469,,,,
745,6/20/20 13:00,8.593,,,,
746,6/20/20 14:00,8.543,,,,
747,6/20/20 15:00,8.568,,,,
748,6/20/20 16:00,8.668,,,,
749,6/20/20 17:00,8.618,,,,
750,6/20/20 18:00,8.519,,,,
751,6/20/20 19:00,8.444,,,,
752,6/20/20 20:00,8.469,,,,
753,6/20/20 21:00,8.444,,,,
754,6/20/20 22:00,8.319,,,,
755,6/20/20 23:00,8.17,,,,
756,6/21/20 0:00,8.045,,,,
757,6/21/20 1:00,7.945,,,,
758,6/21/20 2:00,7.82,,,,
759,6/21/20 3:00,7.72,,,,
760,6/21/20 4:00,7.645,,,,
761,6/21/20 5:00,7.569,,,,
762,6/21/20 6:00,7.544,,,,
763,6/21/20 7:00,7.544,,,,
764,6/21/20 8:00,7.569,,,,
765,6/21/20 9:00,7.569,,,,
766,6/21/20 10:00,7.519,,,,
767,6/21/20 11:00,7.494,,,,
768,6/21/20 12:00,7.469,,,,
769,6/21/20 13:00,7.444,,,,
770,6/21/20 14:00,7.393,,,,
771,6/21/20 15:00,7.343,,,,
772,6/21/20 16:00,7.293,,,,
773,6/21/20 17:00,7.268,,,,
774,6/21/20 18:00,7.192,,,,
775,6/21/20 19:00,7.091,,,,
776,6/21/20 20:00,6.99,,,,
777,6/21/20 21:00,6.889,,,,
778,6/21/20 22:00,6.788,,,,
779,6/21/20 23:00,6.687,,,,
780,6/22/20 0:00,6.56,,,,
781,6/22/20 1:00,6.433,,,,
782,6/22/20 2:00,6.331,,,,
783,6/22/20 3:00,6.204,,,,
784,6/22/20 4:00,6.077,,,,
785,6/22/20 5:00,5.975,,,,
786,6/22/20 6:00,5.898,,,,
787,6/22/20 7:00,5.821,,,,
788,6/22/20 8:00,5.745,,,,
789,6/22/20 9:00,5.693,,,,
790,6/22/20 10:00,5.668,,,,
791,6/22/20 11:00,5.642,,,,
792,6/22/20 12:00,5.616,,,,
793,6/22/20 13:00,5.642,,,,
794,6/22/20 14:00,5.616,,,,
795,6/22/20 15:00,5.616,,,,
796,6/22/20 16:00,5.616,,,,
797,6/22/20 17:00,5.591,,,,
798,6/22/20 18:00,5.539,,,,
799,6/22/20 19:00,5.514,,,,
800,6/22/20 20:00,5.488,,,,
801,6/22/20 21:00,5.437,,,,
802,6/22/20 22:00,5.411,,,,
803,6/22/20 23:00,5.385,,,,
804,6/23/20 0:00,5.36,,,,
805,6/23/20 1:00,5.334,,,,
806,6/23/20 2:00,5.282,,,,
807,6/23/20 3:00,5.231,,,,
808,6/23/20 4:00,5.179,,,,
809,6/23/20 5:00,5.128,,,,
810,6/23/20 6:00,5.076,,,,
811,6/23/20 7:00,5.024,,,,
812,6/23/20 8:00,4.999,,,,
813,6/23/20 9:00,4.973,,,,
814,6/23/20 10:00,4.947,,,,
815,6/23/20 11:00,4.921,,,,
816,6/23/20 12:00,4.921,,,,
817,6/23/20 13:00,4.895,,,,
818,6/23/20 14:00,4.895,,,,
819,6/23/20 15:00,4.895,,,,
820,6/23/20 16:00,4.895,,,,
821,6/23/20 17:00,4.895,,,,
822,6/23/20 18:00,4.895,,,,
823,6/23/20 19:00,4.895,,,,
824,6/23/20 20:00,4.844,,,,
825,6/23/20 21:00,4.792,,,,
826,6/23/20 22:00,4.74,,,,
827,6/23/20 23:00,4.662,,,,
828,6/24/20 0:00,4.584,,,,
829,6/24/20 1:00,4.506,,,,
830,6/24/20 2:00,4.454,,,,
831,6/24/20 3:00,4.402,,,,
832,6/24/20 4:00,4.376,,,,
833,6/24/20 5:00,4.324,,,,
834,6/24/20 6:00,4.298,,,,
835,6/24/20 7:00,4.272,,,,
836,6/24/20 8:00,4.246,,,,
837,6/24/20 9:00,4.246,,,,
838,6/24/20 10:00,4.298,,,,
839,6/24/20 11:00,4.35,,,,
840,6/24/20 12:00,4.428,,,,
841,6/24/20 13:00,4.532,,,,
842,6/24/20 14:00,4.636,,,,
843,6/24/20 15:00,4.766,,,,
844,6/24/20 16:00,4.895,,,,
845,6/24/20 17:00,5.05,,,,
846,6/24/20 18:00,5.205,,,,
847,6/24/20 19:00,5.334,,,,
848,6/24/20 20:00,5.411,,,,
849,6/24/20 21:00,5.462,,,,
850,6/24/20 22:00,5.462,,,,
851,6/24/20 23:00,5.437,,,,
852,6/25/20 0:00,5.437,,,,
853,6/25/20 1:00,5.411,,,,
854,6/25/20 2:00,5.385,,,,
855,6/25/20 3:00,5.308,,,,
856,6/25/20 4:00,5.231,,,,
857,6/25/20 5:00,5.128,,,,
858,6/25/20 6:00,5.05,,,,
859,6/25/20 7:00,4.973,,,,
860,6/25/20 8:00,4.947,,,,
861,6/25/20 9:00,4.947,,,,
862,6/25/20 10:00,5.024,,,,
863,6/25/20 11:00,5.128,,,,
864,6/25/20 12:00,5.282,,,,
865,6/25/20 13:00,5.462,,,,
866,6/25/20 14:00,5.616,,,,
867,6/25/20 15:00,5.745,,,,
868,6/25/20 16:00,5.821,,,,
869,6/25/20 17:00,5.924,,,,
870,6/25/20 18:00,6,,,,
871,6/25/20 19:00,6.077,,,,
872,6/25/20 20:00,6.204,,,,
873,6/25/20 21:00,6.255,,,,
874,6/25/20 22:00,6.204,,,,
875,6/25/20 23:00,6.153,,,,
876,6/26/20 0:00,6.153,,,,
877,6/26/20 1:00,6.128,,,,
878,6/26/20 2:00,6.051,,,,
879,6/26/20 3:00,5.975,,,,
880,6/26/20 4:00,5.898,,,,
881,6/26/20 5:00,5.821,,,,
882,6/26/20 6:00,5.77,,,,
883,6/26/20 7:00,5.719,,,,
884,6/26/20 8:00,5.719,,,,
885,6/26/20 9:00,5.77,,,,
886,6/26/20 10:00,5.847,,,,
887,6/26/20 11:00,5.975,,,,
888,6/26/20 12:00,6.128,,,,
889,6/26/20 13:00,6.357,,,,
890,6/26/20 14:00,6.585,,,,
891,6/26/20 15:00,6.763,,,,
892,6/26/20 16:00,6.914,,,,
893,6/26/20 17:00,7.066,,,,
894,6/26/20 18:00,7.242,,,,
895,6/26/20 19:00,7.343,,,,
896,6/26/20 20:00,7.393,,,,
897,6/26/20 21:00,7.343,,,,
898,6/26/20 22:00,7.293,,,,
899,6/26/20 23:00,7.242,,,,
900,6/27/20 0:00,7.192,,,,
901,6/27/20 1:00,7.116,,,,
902,6/27/20 2:00,7.066,,,,
903,6/27/20 3:00,6.965,,,,
904,6/27/20 4:00,6.839,,,,
905,6/27/20 5:00,6.712,,,,
906,6/27/20 6:00,6.611,,,,
907,6/27/20 7:00,6.56,,,,
908,6/27/20 8:00,6.56,,,,
909,6/27/20 9:00,6.585,,,,
910,6/27/20 10:00,6.687,,,,
911,6/27/20 11:00,6.889,,,,
912,6/27/20 12:00,7.116,,,,
913,6/27/20 13:00,7.393,,,,
914,6/27/20 14:00,7.67,,,,
915,6/27/20 15:00,7.92,,,,
916,6/27/20 16:00,8.195,,,,
917,6/27/20 17:00,8.344,,,,
918,6/27/20 18:00,8.419,,,,
919,6/27/20 19:00,8.444,,,,
920,6/27/20 20:00,8.444,,,,
921,6/27/20 21:00,8.469,,,,
922,6/27/20 22:00,8.394,,,,
923,6/27/20 23:00,8.344,,,,
924,6/28/20 0:00,8.22,,,,
925,6/28/20 1:00,8.07,,,,
926,6/28/20 2:00,7.92,,,,
927,6/28/20 3:00,7.795,,,,
928,6/28/20 4:00,7.594,,,,
929,6/28/20 5:00,7.419,,,,
930,6/28/20 6:00,7.268,,,,
931,6/28/20 7:00,7.142,,,,
932,6/28/20 8:00,7.091,,,,
933,6/28/20 9:00,7.116,,,,
934,6/28/20 10:00,7.217,,,,
935,6/28/20 11:00,7.343,,,,
936,6/28/20 12:00,7.393,,,,
937,6/28/20 13:00,7.594,,,,
938,6/28/20 14:00,7.82,,,,
939,6/28/20 15:00,7.82,,,,
940,6/28/20 16:00,7.72,,,,
941,6/28/20 17:00,7.72,,,,
942,6/28/20 18:00,7.745,,,,
943,6/28/20 19:00,7.695,,,,
944,6/28/20 20:00,7.619,,,,
945,6/28/20 21:00,7.544,,,,
946,6/28/20 22:00,7.469,,,,
947,6/28/20 23:00,7.444,,,,
948,6/29/20 0:00,7.419,,,,
949,6/29/20 1:00,7.368,,,,
950,6/29/20 2:00,7.293,,,,
951,6/29/20 3:00,7.192,,,,
952,6/29/20 4:00,7.066,,,,
953,6/29/20 5:00,6.99,,,,
954,6/29/20 6:00,6.94,,,,
955,6/29/20 7:00,6.889,,,,
956,6/29/20 8:00,6.839,,,,
957,6/29/20 9:00,6.839,,,,
958,6/29/20 10:00,6.914,,,,
959,6/29/20 11:00,7.066,,,,
960,6/29/20 12:00,7.318,,,,
961,6/29/20 13:00,7.519,,,,
962,6/29/20 14:00,7.745,,,,
963,6/29/20 15:00,7.945,,,,
964,6/29/20 16:00,7.995,,,,
965,6/29/20 17:00,7.97,,,,
966,6/29/20 18:00,7.97,,,,
967,6/29/20 19:00,7.945,,,,
968,6/29/20 20:00,7.895,,,,
969,6/29/20 21:00,7.895,,,,
970,6/29/20 22:00,7.895,,,,
971,6/29/20 23:00,7.87,,,,
972,6/30/20 0:00,7.77,,,,
973,6/30/20 1:00,7.695,,,,
974,6/30/20 2:00,7.594,,,,
975,6/30/20 3:00,7.469,,,,
976,6/30/20 4:00,7.318,,,,
977,6/30/20 5:00,7.192,,,,
978,6/30/20 6:00,7.091,,,,
979,6/30/20 7:00,6.99,,,,
980,6/30/20 8:00,6.914,,,,
981,6/30/20 9:00,6.864,,,,
982,6/30/20 10:00,6.965,,,,
983,6/30/20 11:00,7.091,,,,
984,6/30/20 12:00,7.242,,,,
985,6/30/20 13:00,7.419,,,,
986,6/30/20 14:00,7.444,,,,
987,6/30/20 15:00,7.67,,,,
988,6/30/20 16:00,7.845,,,,
989,6/30/20 17:00,7.895,,,,
990,6/30/20 18:00,7.945,,,,
991,6/30/20 19:00,8.045,,,,
992,6/30/20 20:00,7.995,,,,
993,6/30/20 21:00,7.87,,,,
994,6/30/20 22:00,7.845,,,,
995,6/30/20 23:00,7.72,,,,
996,7/1/20 0:00,7.519,,,,
997,7/1/20 1:00,7.318,,,,
998,7/1/20 2:00,7.142,,,,
999,7/1/20 3:00,6.965,,,,
1000,7/1/20 4:00,6.763,,,,
1001,7/1/20 5:00,6.56,,,,
1002,7/1/20 6:00,6.408,,,,
1003,7/1/20 7:00,6.281,,,,
1004,7/1/20 8:00,6.23,,,,
1005,7/1/20 9:00,6.204,,,,
1006,7/1/20 10:00,6.331,,,,
1007,7/1/20 11:00,6.509,,,,
1008,7/1/20 12:00,6.737,,,,
1009,7/1/20 13:00,7.041,,,,
1010,7/1/20 14:00,7.167,,,,
1011,7/1/20 15:00,7.544,,,,
1012,7/1/20 16:00,7.87,,,,
1013,7/1/20 17:00,8.045,,,,
1014,7/1/20 18:00,8.095,,,,
1015,7/1/20 19:00,8.145,,,,
1016,7/1/20 20:00,8.145,,,,
1017,7/1/20 21:00,8.12,,,,
1018,7/1/20 22:00,8.095,,,,
1019,7/1/20 23:00,8.045,,,,
1020,7/2/20 0:00,7.92,,,,
1021,7/2/20 1:00,7.77,,,,
1022,7/2/20 2:00,7.645,,,,
1023,7/2/20 3:00,7.469,,,,
1024,7/2/20 4:00,7.242,,,,
1025,7/2/20 5:00,7.066,,,,
1026,7/2/20 6:00,6.889,,,,
1027,7/2/20 7:00,6.788,,,,
1028,7/2/20 8:00,6.737,,,,
1029,7/2/20 9:00,6.737,,,,
1030,7/2/20 10:00,6.813,,,,
1031,7/2/20 11:00,6.839,,,,
1032,7/2/20 12:00,7.066,,,,
1033,7/2/20 13:00,7.444,,,,
1034,7/2/20 14:00,7.544,,,,
1035,7/2/20 15:00,7.92,,,,
1036,7/2/20 16:00,8.27,,,,
1037,7/2/20 17:00,8.568,,,,
1038,7/2/20 18:00,8.891,,,,
1039,7/2/20 19:00,9.089,,,,
1040,7/2/20 20:00,9.089,,,,
1041,7/2/20 21:00,9.04,,,,
1042,7/2/20 22:00,8.817,,,,
1043,7/2/20 23:00,8.568,,,,
1044,7/3/20 0:00,8.444,,,,
1045,7/3/20 1:00,8.319,,,,
1046,7/3/20 2:00,8.12,,,,
1047,7/3/20 3:00,7.87,,,,
1048,7/3/20 4:00,7.645,,,,
1049,7/3/20 5:00,7.444,,,,
1050,7/3/20 6:00,7.293,,,,
1051,7/3/20 7:00,7.142,,,,
1052,7/3/20 8:00,7.066,,,,
1053,7/3/20 9:00,7.041,,,,
1054,7/3/20 10:00,7.116,,,,
1055,7/3/20 11:00,7.293,,,,
1056,7/3/20 12:00,7.544,,,,
1057,7/3/20 13:00,7.895,,,,
1058,7/3/20 14:00,8.27,,,,
1059,7/3/20 15:00,8.643,,,,
1060,7/3/20 16:00,8.941,,,,
1061,7/3/20 17:00,9.139,,,,
1062,7/3/20 18:00,9.262,,,,
1063,7/3/20 19:00,9.287,,,,
1064,7/3/20 20:00,9.336,,,,
1065,7/3/20 21:00,9.336,,,,
1066,7/3/20 22:00,9.262,,,,
1067,7/3/20 23:00,9.139,,,,
1068,7/4/20 0:00,9.064,,,,
1069,7/4/20 1:00,9.015,,,,
1070,7/4/20 2:00,8.891,,,,
1071,7/4/20 3:00,8.792,,,,
1072,7/4/20 4:00,8.717,,,,
1073,7/4/20 5:00,8.568,,,,
1074,7/4/20 6:00,8.394,,,,
1075,7/4/20 7:00,8.27,,,,
1076,7/4/20 8:00,8.17,,,,
1077,7/4/20 9:00,8.145,,,,
1078,7/4/20 10:00,8.145,,,,
1079,7/4/20 11:00,8.27,,,,
1080,7/4/20 12:00,8.444,,,,
1081,7/4/20 13:00,8.717,,,,
1082,7/4/20 14:00,9.064,,,,
1083,7/4/20 15:00,9.386,,,,
1084,7/4/20 16:00,9.583,,,,
1085,7/4/20 17:00,9.756,,,,
1086,7/4/20 18:00,10.051,,,,
1087,7/4/20 19:00,10.173,,,,
1088,7/4/20 20:00,10.124,,,,
1089,7/4/20 21:00,10.051,,,,
1090,7/4/20 22:00,10.075,,,,
1091,7/4/20 23:00,10.026,,,,
1092,7/5/20 0:00,9.928,,,,
1093,7/5/20 1:00,9.829,,,,
1094,7/5/20 2:00,9.706,,,,
1095,7/5/20 3:00,9.534,,,,
1096,7/5/20 4:00,9.336,,,,
1097,7/5/20 5:00,9.114,,,,
1098,7/5/20 6:00,8.891,,,,
1099,7/5/20 7:00,8.742,,,,
1100,7/5/20 8:00,8.693,,,,
1101,7/5/20 9:00,8.668,,,,
1102,7/5/20 10:00,8.767,,,,
1103,7/5/20 11:00,8.965,,,,
1104,7/5/20 12:00,9.238,,,,
1105,7/5/20 13:00,9.534,,,,
1106,7/5/20 14:00,9.879,,,,
1107,7/5/20 15:00,10.222,,,,
1108,7/5/20 16:00,10.541,,,,
1109,7/5/20 17:00,10.81,,,,
1110,7/5/20 18:00,10.98,,,,
1111,7/5/20 19:00,10.98,,,,
1112,7/5/20 20:00,10.907,,,,
1113,7/5/20 21:00,10.81,,,,
1114,7/5/20 22:00,10.687,,,,
1115,7/5/20 23:00,10.565,,,,
1116,7/6/20 0:00,10.418,,,,
1117,7/6/20 1:00,10.247,,,,
1118,7/6/20 2:00,10.075,,,,
1119,7/6/20 3:00,9.903,,,,
1120,7/6/20 4:00,9.731,,,,
1121,7/6/20 5:00,9.509,,,,
1122,7/6/20 6:00,9.312,,,,
1123,7/6/20 7:00,9.139,,,,
1124,7/6/20 8:00,9.064,,,,
1125,7/6/20 9:00,9.064,,,,
1126,7/6/20 10:00,9.188,,,,
1127,7/6/20 11:00,9.312,,,,
1128,7/6/20 12:00,9.534,,,,
1129,7/6/20 13:00,9.879,,,,
1130,7/6/20 14:00,10.149,,,,
1131,7/6/20 15:00,10.345,,,,
1132,7/6/20 16:00,10.296,,,,
1133,7/6/20 17:00,10.1,,,,
1134,7/6/20 18:00,10.173,,,,
1135,7/6/20 19:00,10.001,,,,
1136,7/6/20 20:00,9.854,,,,
1137,7/6/20 21:00,9.756,,,,
1138,7/6/20 22:00,9.731,,,,
1139,7/6/20 23:00,9.682,,,,
1140,7/7/20 0:00,9.509,,,,
1141,7/7/20 1:00,9.361,,,,
1142,7/7/20 2:00,9.238,,,,
1143,7/7/20 3:00,9.163,,,,
1144,7/7/20 4:00,9.089,,,,
1145,7/7/20 5:00,8.99,,,,
1146,7/7/20 6:00,8.841,,,,
1147,7/7/20 7:00,8.693,,,,
1148,7/7/20 8:00,8.593,,,,
1149,7/7/20 9:00,8.543,,,,
1150,7/7/20 10:00,8.643,,,,
1151,7/7/20 11:00,8.891,,,,
1152,7/7/20 12:00,9.114,,,,
1153,7/7/20 13:00,9.238,,,,
1154,7/7/20 14:00,9.435,,,,
1155,7/7/20 15:00,9.731,,,,
1156,7/7/20 16:00,9.977,,,,
1157,7/7/20 17:00,10.222,,,,
1158,7/7/20 18:00,10.59,,,,
1159,7/7/20 19:00,10.712,,,,
1160,7/7/20 20:00,10.663,,,,
1161,7/7/20 21:00,10.418,,,,
1162,7/7/20 22:00,10.198,,,,
1163,7/7/20 23:00,10.001,,,,
1164,7/8/20 0:00,9.854,,,,
1165,7/8/20 1:00,9.829,,,,
1166,7/8/20 2:00,9.829,,,,
1167,7/8/20 3:00,9.805,,,,
1168,7/8/20 4:00,9.78,,,,
1169,7/8/20 5:00,9.756,,,,
1170,7/8/20 6:00,9.632,,,,
1171,7/8/20 7:00,9.509,,,,
1172,7/8/20 8:00,9.361,,,,
1173,7/8/20 9:00,9.238,,,,
1174,7/8/20 10:00,9.139,,,,
1175,7/8/20 11:00,9.114,,,,
1176,7/8/20 12:00,9.163,,,,
1177,7/8/20 13:00,9.238,,,,
1178,7/8/20 14:00,9.336,,,,
1179,7/8/20 15:00,9.558,,,,
1180,7/8/20 16:00,9.928,,,,
1181,7/8/20 17:00,10.222,,,,
1182,7/8/20 18:00,10.369,,,,
1183,7/8/20 19:00,10.443,,,,
1184,7/8/20 20:00,10.443,,,,
1185,7/8/20 21:00,10.418,,,,
1186,7/8/20 22:00,10.345,,,,
1187,7/8/20 23:00,10.222,,,,
1188,7/9/20 0:00,10.075,,,,
1189,7/9/20 1:00,9.977,,,,
1190,7/9/20 2:00,9.928,,,,
1191,7/9/20 3:00,9.879,,,,
1192,7/9/20 4:00,9.805,,,,
1193,7/9/20 5:00,9.731,,,,
1194,7/9/20 6:00,9.608,,,,
1195,7/9/20 7:00,9.485,,,,
1196,7/9/20 8:00,9.386,,,,
1197,7/9/20 9:00,9.287,,,,
1198,7/9/20 10:00,9.238,,,,
1199,7/9/20 11:00,9.238,,,,
1200,7/9/20 12:00,9.213,,,,
1201,7/9/20 13:00,9.213,,,,
1202,7/9/20 14:00,9.312,,,,
1203,7/9/20 15:00,9.361,,,,
1204,7/9/20 16:00,9.534,,,,
1205,7/9/20 17:00,9.731,,,,
1206,7/9/20 18:00,9.928,,,,
1207,7/9/20 19:00,9.829,,,,
1208,7/9/20 20:00,9.706,,,,
1209,7/9/20 21:00,9.657,,,,
1210,7/9/20 22:00,9.583,,,,
1211,7/9/20 23:00,9.435,,,,
1212,7/10/20 0:00,9.287,,,,
1213,7/10/20 1:00,9.213,,,,
1214,7/10/20 2:00,9.163,,,,
1215,7/10/20 3:00,9.089,,,,
1216,7/10/20 4:00,8.99,,,,
1217,7/10/20 5:00,8.866,,,,
1218,7/10/20 6:00,8.767,,,,
1219,7/10/20 7:00,8.668,,,,
1220,7/10/20 8:00,8.593,,,,
1221,7/10/20 9:00,8.618,,,,
1222,7/10/20 10:00,8.668,,,,
1223,7/10/20 11:00,8.742,,,,
1224,7/10/20 12:00,8.792,,,,
1225,7/10/20 13:00,9.04,,,,
1226,7/10/20 14:00,9.336,,,,
1227,7/10/20 15:00,9.756,,,,
1228,7/10/20 16:00,9.977,,,,
1229,7/10/20 17:00,10.149,,,,
1230,7/10/20 18:00,10.296,,,,
1231,7/10/20 19:00,10.394,,,,
1232,7/10/20 20:00,10.394,,,,
1233,7/10/20 21:00,10.32,,,,
1234,7/10/20 22:00,10.247,,,,
1235,7/10/20 23:00,10.124,,,,
1236,7/11/20 0:00,9.903,,,,
1237,7/11/20 1:00,9.706,,,,
1238,7/11/20 2:00,9.534,,,,
1239,7/11/20 3:00,9.361,,,,
1240,7/11/20 4:00,9.163,,,,
1241,7/11/20 5:00,8.965,,,,
1242,7/11/20 6:00,8.767,,,,
1243,7/11/20 7:00,8.618,,,,
1244,7/11/20 8:00,8.519,,,,
1245,7/11/20 9:00,8.543,,,,
1246,7/11/20 10:00,8.643,,,,
1247,7/11/20 11:00,8.866,,,,
1248,7/11/20 12:00,9.139,,,,
1249,7/11/20 13:00,9.534,,,,
1250,7/11/20 14:00,9.706,,,,
1251,7/11/20 15:00,9.78,,,,
1252,7/11/20 16:00,10.075,,,,
1253,7/11/20 17:00,10.492,,,,
1254,7/11/20 18:00,10.81,,,,
1255,7/11/20 19:00,10.81,,,,
1256,7/11/20 20:00,10.663,,,,
1257,7/11/20 21:00,10.394,,,,
1258,7/11/20 22:00,10.198,,,,
1259,7/11/20 23:00,10.051,,,,
1260,7/12/20 0:00,9.928,,,,
1261,7/12/20 1:00,9.879,,,,
1262,7/12/20 2:00,9.731,,,,
1263,7/12/20 3:00,9.558,,,,
1264,7/12/20 4:00,9.336,,,,
1265,7/12/20 5:00,9.089,,,,
1266,7/12/20 6:00,8.916,,,,
1267,7/12/20 7:00,8.767,,,,
1268,7/12/20 8:00,8.643,,,,
1269,7/12/20 9:00,8.593,,,,
1270,7/12/20 10:00,8.543,,,,
1271,7/12/20 11:00,8.593,,,,
1272,7/12/20 12:00,8.792,,,,
1273,7/12/20 13:00,9.015,,,,
1274,7/12/20 14:00,9.287,,,,
1275,7/12/20 15:00,9.558,,,,
1276,7/12/20 16:00,9.682,,,,
1277,7/12/20 17:00,9.829,,,,
1278,7/12/20 18:00,9.928,,,,
1279,7/12/20 19:00,9.928,,,,
1280,7/12/20 20:00,9.854,,,,
1281,7/12/20 21:00,9.756,,,,
1282,7/12/20 22:00,9.657,,,,
1283,7/12/20 23:00,9.509,,,,
1284,7/13/20 0:00,9.361,,,,
1285,7/13/20 1:00,9.238,,,,
1286,7/13/20 2:00,9.114,,,,
1287,7/13/20 3:00,9.04,,,,
1288,7/13/20 4:00,8.99,,,,
1289,7/13/20 5:00,8.965,,,,
1290,7/13/20 6:00,8.916,,,,
1291,7/13/20 7:00,8.891,,,,
1292,7/13/20 8:00,8.841,,,,
1293,7/13/20 9:00,8.792,,,,
1294,7/13/20 10:00,8.742,,,,
1295,7/13/20 11:00,8.717,,,,
1296,7/13/20 12:00,8.693,,,,
1297,7/13/20 13:00,8.643,,,,
1298,7/13/20 14:00,8.693,,,,
1299,7/13/20 15:00,8.792,,,,
1300,7/13/20 16:00,9.04,,,,
1301,7/13/20 17:00,9.312,,,,
1302,7/13/20 18:00,9.435,,,,
1303,7/13/20 19:00,9.485,,,,
1304,7/13/20 20:00,9.534,,,,
1305,7/13/20 21:00,9.485,,,,
1306,7/13/20 22:00,9.46,,,,
1307,7/13/20 23:00,9.41,,,,
1308,7/14/20 0:00,9.287,,,,
1309,7/14/20 1:00,9.114,,,,
1310,7/14/20 2:00,8.916,,,,
1311,7/14/20 3:00,8.742,,,,
1312,7/14/20 4:00,8.618,,,,
1313,7/14/20 5:00,8.469,,,,
1314,7/14/20 6:00,8.344,,,,
1315,7/14/20 7:00,8.245,,,,
1316,7/14/20 8:00,8.22,,,,
1317,7/14/20 9:00,8.195,,,,
1318,7/14/20 10:00,8.245,,,,
1319,7/14/20 11:00,8.369,,,,
1320,7/14/20 12:00,8.717,,,,
1321,7/14/20 13:00,9.089,,,,
1322,7/14/20 14:00,9.485,,,,
1323,7/14/20 15:00,9.829,,,,
1324,7/14/20 16:00,10.075,,,,
1325,7/14/20 17:00,10.247,,,,
1326,7/14/20 18:00,10.369,,,,
1327,7/14/20 19:00,10.516,,,,
1328,7/14/20 20:00,10.565,,,,
1329,7/14/20 21:00,10.541,,,,
1330,7/14/20 22:00,10.418,,,,
1331,7/14/20 23:00,10.296,,,,
1332,7/15/20 0:00,10.173,,,,
1333,7/15/20 1:00,10.001,,,,
1334,7/15/20 2:00,9.706,,,,
1335,7/15/20 3:00,9.46,,,,
1336,7/15/20 4:00,9.262,,,,
1337,7/15/20 5:00,9.089,,,,
1338,7/15/20 6:00,8.916,,,,
1339,7/15/20 7:00,8.817,,,,
1340,7/15/20 8:00,8.792,,,,
1341,7/15/20 9:00,8.841,,,,
1342,7/15/20 10:00,8.965,,,,
1343,7/15/20 11:00,9.213,,,,
1344,7/15/20 12:00,9.534,,,,
1345,7/15/20 13:00,9.879,,,,
1346,7/15/20 14:00,10.247,,,,
1347,7/15/20 15:00,10.565,,,,
1348,7/15/20 16:00,10.858,,,,
1349,7/15/20 17:00,11.102,,,,
1350,7/15/20 18:00,11.2,,,,
1351,7/15/20 19:00,11.321,,,,
1352,7/15/20 20:00,11.2,,,,
1353,7/15/20 21:00,10.956,,,,
1354,7/15/20 22:00,10.663,,,,
1355,7/15/20 23:00,10.369,,,,
1356,7/16/20 0:00,10.198,,,,
1357,7/16/20 1:00,10.075,,,,
1358,7/16/20 2:00,10.001,,,,
1359,7/16/20 3:00,9.928,,,,
1360,7/16/20 4:00,9.829,,,,
1361,7/16/20 5:00,9.706,,,,
1362,7/16/20 6:00,9.583,,,,
1363,7/16/20 7:00,9.485,,,,
1364,7/16/20 8:00,9.361,,,,
1365,7/16/20 9:00,9.262,,,,
1366,7/16/20 10:00,9.139,,,,
1367,7/16/20 11:00,9.089,,,,
1368,7/16/20 12:00,9.015,,,,
1369,7/16/20 13:00,9.114,,,,
1370,7/16/20 14:00,9.361,,,,
1371,7/16/20 15:00,9.78,,,,
1372,7/16/20 16:00,9.977,,,,
1373,7/16/20 17:00,9.952,,,,
1374,7/16/20 18:00,10.075,,,,
1375,7/16/20 19:00,10.198,,,,
1376,7/16/20 20:00,10.149,,,,
1377,7/16/20 21:00,10.124,,,,
1378,7/16/20 22:00,10.075,,,,
1379,7/16/20 23:00,9.952,,,,
1380,7/17/20 0:00,9.829,,,,
1381,7/17/20 1:00,9.706,,,,
1382,7/17/20 2:00,9.583,,,,
1383,7/17/20 3:00,9.46,,,,
1384,7/17/20 4:00,9.336,,,,
1385,7/17/20 5:00,9.188,,,,
1386,7/17/20 6:00,9.064,,,,
1387,7/17/20 7:00,8.941,,,,
1388,7/17/20 8:00,8.841,,,,
1389,7/17/20 9:00,8.792,,,,
1390,7/17/20 10:00,8.841,,,,
1391,7/17/20 11:00,9.04,,,,
1392,7/17/20 12:00,9.188,,,,
1393,7/17/20 13:00,9.312,,,,
1394,7/17/20 14:00,9.632,,,,
1395,7/17/20 15:00,10.075,,,,
1396,7/17/20 16:00,10.32,,,,
1397,7/17/20 17:00,10.418,,,,
1398,7/17/20 18:00,10.418,,,,
1399,7/17/20 19:00,10.418,,,,
1400,7/17/20 20:00,10.394,,,,
1401,7/17/20 21:00,10.296,,,,
1402,7/17/20 22:00,10.247,,,,
1403,7/17/20 23:00,10.198,,,,
1404,7/18/20 0:00,10.124,,,,
1405,7/18/20 1:00,10.026,,,,
1406,7/18/20 2:00,9.928,,,,
1407,7/18/20 3:00,9.78,,,,
1408,7/18/20 4:00,9.657,,,,
1409,7/18/20 5:00,9.558,,,,
1410,7/18/20 6:00,9.509,,,,
1411,7/18/20 7:00,9.435,,,,
1412,7/18/20 8:00,9.336,,,,
1413,7/18/20 9:00,9.262,,,,
1414,7/18/20 10:00,9.238,,,,
1415,7/18/20 11:00,9.238,,,,
1416,7/18/20 12:00,9.262,,,,
1417,7/18/20 13:00,9.336,,,,
1418,7/18/20 14:00,9.583,,,,
1419,7/18/20 15:00,9.632,,,,
1420,7/18/20 16:00,9.731,,,,
1421,7/18/20 17:00,9.879,,,,
1422,7/18/20 18:00,9.952,,,,
1423,7/18/20 19:00,10.051,,,,
1424,7/18/20 20:00,10.051,,,,
1425,7/18/20 21:00,10.026,,,,
1426,7/18/20 22:00,9.928,,,,
1427,7/18/20 23:00,9.78,,,,
1428,7/19/20 0:00,9.583,,,,
1429,7/19/20 1:00,9.386,,,,
1430,7/19/20 2:00,9.238,,,,
1431,7/19/20 3:00,9.114,,,,
1432,7/19/20 4:00,8.99,,,,
1433,7/19/20 5:00,8.916,,,,
1434,7/19/20 6:00,8.841,,,,
1435,7/19/20 7:00,8.792,,,,
1436,7/19/20 8:00,8.742,,,,
1437,7/19/20 9:00,8.717,,,,
1438,7/19/20 10:00,8.792,,,,
1439,7/19/20 11:00,8.916,,,,
1440,7/19/20 12:00,9.213,,,,
1441,7/19/20 13:00,9.509,,,,
1442,7/19/20 14:00,9.731,,,,
1443,7/19/20 15:00,10.173,,,,
1444,7/19/20 16:00,10.467,,,,
1445,7/19/20 17:00,10.614,,,,
1446,7/19/20 18:00,10.712,,,,
1447,7/19/20 19:00,10.736,,,,
1448,7/19/20 20:00,10.663,,,,
1449,7/19/20 21:00,10.516,,,,
1450,7/19/20 22:00,10.369,,,,
1451,7/19/20 23:00,10.222,,,,
1452,7/20/20 0:00,10.124,,,,
1453,7/20/20 1:00,10.026,,,,
1454,7/20/20 2:00,9.854,,,,
1455,7/20/20 3:00,9.682,,,,
1456,7/20/20 4:00,9.558,,,,
1457,7/20/20 5:00,9.41,,,,
1458,7/20/20 6:00,9.238,,,,
1459,7/20/20 7:00,9.114,,,,
1460,7/20/20 8:00,9.064,,,,
1461,7/20/20 9:00,9.04,,,,
1462,7/20/20 10:00,9.089,,,,
1463,7/20/20 11:00,9.262,,,,
1464,7/20/20 12:00,9.534,,,,
1465,7/20/20 13:00,9.879,,,,
1466,7/20/20 13:48,,,Logged,,
1467,7/20/20 13:50,,Logged,,,
1468,7/20/20 14:00,10.149,,,,
1469,7/20/20 15:00,10.173,,,,
1470,7/20/20 16:00,10.1,,,,
1471,7/20/20 17:00,10.222,,,,
1472,7/20/20 18:00,10.271,,,,
1473,7/20/20 19:00,10.173,,,,
1474,7/20/20 20:00,10.001,,,,
1475,7/20/20 21:00,9.952,,,,
1476,7/20/20 22:00,9.903,,,,
1477,7/20/20 23:00,9.829,,,,
1478,7/21/20 0:00,9.756,,,,
1479,7/21/20 1:00,9.706,,,,
1480,7/21/20 2:00,9.706,,,,
1481,7/21/20 3:00,9.682,,,,
1482,7/21/20 4:00,9.608,,,,
1483,7/21/20 5:00,9.534,,,,
1484,7/21/20 6:00,9.485,,,,
1485,7/21/20 7:00,9.435,,,,
1486,7/21/20 8:00,9.41,,,,
1487,7/21/20 9:00,9.336,,,,
1488,7/21/20 10:00,9.287,,,,
1489,7/21/20 11:00,9.238,,,,
1490,7/21/20 12:00,9.213,,,,
1491,7/21/20 13:00,9.163,,,,
1492,7/21/20 14:00,9.139,,,,
1493,7/21/20 15:00,9.114,,,,
1494,7/21/20 16:00,9.064,,,,
1495,7/21/20 17:00,9.015,,,,
1496,7/21/20 18:00,8.965,,,,
1497,7/21/20 19:00,8.866,,,,
1498,7/21/20 20:00,8.817,,,,
1499,7/21/20 21:00,8.792,,,,
1500,7/21/20 22:00,8.742,,,,
1501,7/21/20 23:00,8.668,,,,
1502,7/22/20 0:00,8.593,,,,
1503,7/22/20 1:00,8.494,,,,
1504,7/22/20 2:00,8.344,,,,
1505,7/22/20 3:00,8.145,,,,
1506,7/22/20 4:00,7.87,,,,
1507,7/22/20 5:00,7.594,,,,
1508,7/22/20 6:00,7.393,,,,
1509,7/22/20 7:00,7.268,,,,
1510,7/22/20 8:00,7.167,,,,
1511,7/22/20 9:00,7.091,,,,
1512,7/22/20 10:00,7.066,,,,
1513,7/22/20 11:00,7.066,,,,
1514,7/22/20 12:00,7.091,,,,
1515,7/22/20 13:00,7.268,,,,
1516,7/22/20 14:00,7.519,,,,
1517,7/22/20 15:00,7.67,,,,
1518,7/22/20 16:00,8.12,,,,
1519,7/22/20 17:00,8.369,,,,
1520,7/22/20 18:00,8.369,,,,
1521,7/22/20 19:00,8.344,,,,
1522,7/22/20 20:00,8.295,,,,
1523,7/22/20 21:00,8.419,,,,
1524,7/22/20 22:00,8.419,,,,
1525,7/22/20 23:00,8.319,,,,
1526,7/23/20 0:00,8.195,,,,
1527,7/23/20 1:00,8.145,,,,
1528,7/23/20 2:00,8.12,,,,
1529,7/23/20 3:00,8.045,,,,
1530,7/23/20 4:00,7.97,,,,
1531,7/23/20 5:00,7.87,,,,
1532,7/23/20 6:00,7.77,,,,
1533,7/23/20 7:00,7.67,,,,
1534,7/23/20 8:00,7.594,,,,
1535,7/23/20 9:00,7.569,,,,
1536,7/23/20 10:00,7.519,,,,
1537,7/23/20 11:00,7.544,,,,
1538,7/23/20 12:00,7.594,,,,
1539,7/23/20 13:00,7.72,,,,
1540,7/23/20 14:00,7.795,,,,
1541,7/23/20 15:00,7.845,,,,
1542,7/23/20 16:00,7.97,,,,
1543,7/23/20 17:00,8.045,,,,
1544,7/23/20 18:00,8.17,,,,
1545,7/23/20 19:00,8.27,,,,
1546,7/23/20 20:00,8.344,,,,
1547,7/23/20 21:00,8.394,,,,
1548,7/23/20 22:00,8.369,,,,
1549,7/23/20 23:00,8.319,,,,
1550,7/24/20 0:00,8.295,,,,
1551,7/24/20 1:00,8.27,,,,
1552,7/24/20 2:00,8.27,,,,
1553,7/24/20 3:00,8.245,,,,
1554,7/24/20 4:00,8.145,,,,
1555,7/24/20 5:00,8.07,,,,
1556,7/24/20 6:00,7.995,,,,
1557,7/24/20 7:00,7.92,,,,
1558,7/24/20 8:00,7.87,,,,
1559,7/24/20 9:00,7.87,,,,
1560,7/24/20 10:00,7.92,,,,
1561,7/24/20 11:00,7.97,,,,
1562,7/24/20 12:00,8.12,,,,
1563,7/24/20 13:00,8.145,,,,
1564,7/24/20 14:00,8.095,,,,
1565,7/24/20 15:00,8.07,,,,
1566,7/24/20 16:00,8.07,,,,
1567,7/24/20 17:00,8.07,,,,
1568,7/24/20 18:00,8.095,,,,
1569,7/24/20 19:00,8.045,,,,
1570,7/24/20 20:00,7.995,,,,
1571,7/24/20 21:00,7.97,,,,
1572,7/24/20 22:00,7.92,,,,
1573,7/24/20 23:00,7.845,,,,
1574,7/25/20 0:00,7.795,,,,
1575,7/25/20 1:00,7.745,,,,
1576,7/25/20 2:00,7.72,,,,
1577,7/25/20 3:00,7.645,,,,
1578,7/25/20 4:00,7.569,,,,
1579,7/25/20 5:00,7.519,,,,
1580,7/25/20 6:00,7.469,,,,
1581,7/25/20 7:00,7.419,,,,
1582,7/25/20 8:00,7.343,,,,
1583,7/25/20 9:00,7.318,,,,
1584,7/25/20 10:00,7.293,,,,
1585,7/25/20 11:00,7.368,,,,
1586,7/25/20 12:00,7.469,,,,
1587,7/25/20 13:00,7.569,,,,
1588,7/25/20 14:00,7.695,,,,
1589,7/25/20 15:00,7.795,,,,
1590,7/25/20 16:00,8.02,,,,
1591,7/25/20 17:00,8.22,,,,
1592,7/25/20 18:00,8.319,,,,
1593,7/25/20 19:00,8.444,,,,
1594,7/25/20 20:00,8.494,,,,
1595,7/25/20 21:00,8.494,,,,
1596,7/25/20 22:00,8.394,,,,
1597,7/25/20 23:00,8.295,,,,
1598,7/26/20 0:00,8.195,,,,
1599,7/26/20 1:00,8.12,,,,
1600,7/26/20 2:00,8.095,,,,
1601,7/26/20 3:00,8.02,,,,
1602,7/26/20 4:00,7.92,,,,
1603,7/26/20 5:00,7.82,,,,
1604,7/26/20 6:00,7.745,,,,
1605,7/26/20 7:00,7.695,,,,
1606,7/26/20 8:00,7.645,,,,
1607,7/26/20 9:00,7.695,,,,
1608,7/26/20 10:00,7.67,,,,
1609,7/26/20 11:00,7.72,,,,
1610,7/26/20 12:00,7.895,,,,
1611,7/26/20 13:00,8.295,,,,
1612,7/26/20 14:00,8.593,,,,
1613,7/26/20 15:00,8.668,,,,
1614,7/26/20 16:00,9.015,,,,
1615,7/26/20 17:00,9.04,,,,
1616,7/26/20 18:00,9.04,,,,
1617,7/26/20 19:00,9.089,,,,
1618,7/26/20 20:00,9.089,,,,
1619,7/26/20 21:00,9.04,,,,
1620,7/26/20 22:00,8.916,,,,
1621,7/26/20 23:00,8.693,,,,
1622,7/27/20 0:00,8.568,,,,
1623,7/27/20 1:00,8.568,,,,
1624,7/27/20 2:00,8.618,,,,
1625,7/27/20 3:00,8.593,,,,
1626,7/27/20 4:00,8.469,,,,
1627,7/27/20 5:00,8.319,,,,
1628,7/27/20 6:00,8.22,,,,
1629,7/27/20 7:00,8.145,,,,
1630,7/27/20 8:00,8.07,,,,
1631,7/27/20 9:00,8.045,,,,
1632,7/27/20 10:00,8.02,,,,
1633,7/27/20 11:00,7.995,,,,
1634,7/27/20 12:00,7.995,,,,
1635,7/27/20 13:00,7.995,,,,
1636,7/27/20 14:00,7.995,,,,
1637,7/27/20 15:00,7.995,,,,
1638,7/27/20 16:00,7.995,,,,
1639,7/27/20 17:00,7.945,,,,
1640,7/27/20 18:00,7.895,,,,
1641,7/27/20 19:00,7.845,,,,
1642,7/27/20 20:00,7.77,,,,
1643,7/27/20 21:00,7.695,,,,
1644,7/27/20 22:00,7.645,,,,
1645,7/27/20 23:00,7.569,,,,
1646,7/28/20 0:00,7.519,,,,
1647,7/28/20 1:00,7.444,,,,
1648,7/28/20 2:00,7.368,,,,
1649,7/28/20 3:00,7.293,,,,
1650,7/28/20 4:00,7.192,,,,
1651,7/28/20 5:00,7.091,,,,
1652,7/28/20 6:00,6.965,,,,
1653,7/28/20 7:00,6.889,,,,
1654,7/28/20 8:00,6.839,,,,
1655,7/28/20 9:00,6.763,,,,
1656,7/28/20 10:00,6.712,,,,
1657,7/28/20 11:00,6.661,,,,
1658,7/28/20 12:00,6.611,,,,
1659,7/28/20 13:00,6.585,,,,
1660,7/28/20 14:00,6.611,,,,
1661,7/28/20 15:00,6.712,,,,
1662,7/28/20 16:00,6.864,,,,
1663,7/28/20 17:00,6.914,,,,
1664,7/28/20 18:00,6.965,,,,
1665,7/28/20 19:00,7.066,,,,
1666,7/28/20 20:00,7.116,,,,
1667,7/28/20 21:00,7.116,,,,
1668,7/28/20 22:00,7.142,,,,
1669,7/28/20 23:00,7.116,,,,
1670,7/29/20 0:00,7.091,,,,
1671,7/29/20 1:00,7.091,,,,
1672,7/29/20 2:00,7.066,,,,
1673,7/29/20 3:00,7.041,,,,
1674,7/29/20 4:00,6.99,,,,
1675,7/29/20 5:00,6.94,,,,
1676,7/29/20 6:00,6.864,,,,
1677,7/29/20 7:00,6.788,,,,
1678,7/29/20 8:00,6.763,,,,
1679,7/29/20 9:00,6.763,,,,
1680,7/29/20 10:00,6.813,,,,
1681,7/29/20 11:00,6.914,,,,
1682,7/29/20 12:00,7.015,,,,
1683,7/29/20 13:00,7.167,,,,
1684,7/29/20 14:00,7.444,,,,
1685,7/29/20 15:00,7.745,,,,
1686,7/29/20 16:00,7.945,,,,
1687,7/29/20 17:00,8.145,,,,
1688,7/29/20 18:00,8.319,,,,
1689,7/29/20 19:00,8.419,,,,
1690,7/29/20 20:00,8.469,,,,
1691,7/29/20 21:00,8.469,,,,
1692,7/29/20 22:00,8.469,,,,
1693,7/29/20 23:00,8.419,,,,
1694,7/30/20 0:00,8.344,,,,
1695,7/30/20 1:00,8.27,,,,
1696,7/30/20 2:00,8.195,,,,
1697,7/30/20 3:00,8.12,,,,
1698,7/30/20 4:00,8.045,,,,
1699,7/30/20 5:00,7.995,,,,
1700,7/30/20 6:00,7.945,,,,
1701,7/30/20 7:00,7.87,,,,
1702,7/30/20 8:00,7.845,,,,
1703,7/30/20 9:00,7.87,,,,
1704,7/30/20 10:00,7.895,,,,
1705,7/30/20 11:00,7.995,,,,
1706,7/30/20 12:00,8.045,,,,
1707,7/30/20 13:00,8.27,,,,
1708,7/30/20 14:00,8.568,,,,
1709,7/30/20 15:00,8.792,,,,
1710,7/30/20 16:00,9.04,,,,
1711,7/30/20 17:00,9.262,,,,
1712,7/30/20 18:00,9.41,,,,
1713,7/30/20 19:00,9.485,,,,
1714,7/30/20 20:00,9.485,,,,
1715,7/30/20 21:00,9.435,,,,
1716,7/30/20 22:00,9.361,,,,
1717,7/30/20 23:00,9.262,,,,
1718,7/31/20 0:00,9.188,,,,
1719,7/31/20 1:00,9.114,,,,
1720,7/31/20 2:00,9.04,,,,
1721,7/31/20 3:00,8.965,,,,
1722,7/31/20 4:00,8.866,,,,
1723,7/31/20 5:00,8.742,,,,
1724,7/31/20 6:00,8.643,,,,
1725,7/31/20 7:00,8.543,,,,
1726,7/31/20 8:00,8.519,,,,
1727,7/31/20 9:00,8.519,,,,
1728,7/31/20 10:00,8.568,,,,
1729,7/31/20 11:00,8.618,,,,
1730,7/31/20 12:00,8.668,,,,
1731,7/31/20 13:00,8.792,,,,
1732,7/31/20 14:00,8.916,,,,
1733,7/31/20 15:00,9.04,,,,
1734,7/31/20 16:00,9.163,,,,
1735,7/31/20 17:00,9.336,,,,
1736,7/31/20 18:00,9.41,,,,
1737,7/31/20 19:00,9.435,,,,
1738,7/31/20 20:00,9.435,,,,
1739,7/31/20 21:00,9.435,,,,
1740,7/31/20 22:00,9.41,,,,
1741,7/31/20 23:00,9.361,,,,
1742,8/1/20 0:00,9.238,,,,
1743,8/1/20 1:00,9.114,,,,
1744,8/1/20 2:00,9.015,,,,
1745,8/1/20 3:00,8.891,,,,
1746,8/1/20 4:00,8.792,,,,
1747,8/1/20 5:00,8.643,,,,
1748,8/1/20 6:00,8.519,,,,
1749,8/1/20 7:00,8.394,,,,
1750,8/1/20 8:00,8.344,,,,
1751,8/1/20 9:00,8.344,,,,
1752,8/1/20 10:00,8.369,,,,
1753,8/1/20 11:00,8.469,,,,
1754,8/1/20 12:00,8.643,,,,
1755,8/1/20 13:00,8.866,,,,
1756,8/1/20 14:00,9.163,,,,
1757,8/1/20 15:00,9.361,,,,
1758,8/1/20 16:00,9.509,,,,
1759,8/1/20 17:00,9.583,,,,
1760,8/1/20 18:00,9.632,,,,
1761,8/1/20 19:00,9.632,,,,
1762,8/1/20 20:00,9.632,,,,
1763,8/1/20 21:00,9.583,,,,
1764,8/1/20 22:00,9.534,,,,
1765,8/1/20 23:00,9.509,,,,
1766,8/2/20 0:00,9.46,,,,
1767,8/2/20 1:00,9.435,,,,
1768,8/2/20 2:00,9.386,,,,
1769,8/2/20 3:00,9.336,,,,
1770,8/2/20 4:00,9.287,,,,
1771,8/2/20 5:00,9.238,,,,
1772,8/2/20 6:00,9.163,,,,
1773,8/2/20 7:00,9.114,,,,
1774,8/2/20 8:00,9.089,,,,
1775,8/2/20 9:00,9.089,,,,
1776,8/2/20 10:00,9.163,,,,
1777,8/2/20 11:00,9.262,,,,
1778,8/2/20 12:00,9.287,,,,
1779,8/2/20 13:00,9.435,,,,
1780,8/2/20 14:00,9.682,,,,
1781,8/2/20 15:00,9.829,,,,
1782,8/2/20 16:00,9.977,,,,
1783,8/2/20 17:00,10.026,,,,
1784,8/2/20 18:00,10.051,,,,
1785,8/2/20 19:00,10.026,,,,
1786,8/2/20 20:00,10.026,,,,
1787,8/2/20 21:00,10.026,,,,
1788,8/2/20 22:00,9.928,,,,
1789,8/2/20 23:00,9.805,,,,
1790,8/3/20 0:00,9.682,,,,
1791,8/3/20 1:00,9.583,,,,
1792,8/3/20 2:00,9.46,,,,
1793,8/3/20 3:00,9.336,,,,
1794,8/3/20 4:00,9.213,,,,
1795,8/3/20 5:00,9.04,,,,
1796,8/3/20 6:00,8.891,,,,
1797,8/3/20 7:00,8.767,,,,
1798,8/3/20 8:00,8.668,,,,
1799,8/3/20 9:00,8.568,,,,
1800,8/3/20 10:00,8.444,,,,
1801,8/3/20 11:00,8.344,,,,
1802,8/3/20 12:00,8.27,,,,
1803,8/3/20 13:00,8.17,,,,
1804,8/3/20 14:00,8.095,,,,
1805,8/3/20 15:00,8.07,,,,
1806,8/3/20 16:00,8.07,,,,
1807,8/3/20 17:00,8.045,,,,
1808,8/3/20 18:00,8.045,,,,
1809,8/3/20 19:00,8.07,,,,
1810,8/3/20 20:00,8.045,,,,
1811,8/3/20 21:00,8.02,,,,
1812,8/3/20 22:00,7.97,,,,
1813,8/3/20 23:00,7.92,,,,
1814,8/4/20 0:00,7.845,,,,
1815,8/4/20 1:00,7.77,,,,
1816,8/4/20 2:00,7.72,,,,
1817,8/4/20 3:00,7.67,,,,
1818,8/4/20 4:00,7.594,,,,
1819,8/4/20 5:00,7.519,,,,
1820,8/4/20 6:00,7.469,,,,
1821,8/4/20 7:00,7.444,,,,
1822,8/4/20 8:00,7.393,,,,
1823,8/4/20 9:00,7.368,,,,
1824,8/4/20 10:00,7.368,,,,
1825,8/4/20 11:00,7.368,,,,
1826,8/4/20 12:00,7.393,,,,
1827,8/4/20 13:00,7.544,,,,
1828,8/4/20 14:00,7.745,,,,
1829,8/4/20 15:00,7.92,,,,
1830,8/4/20 16:00,8.045,,,,
1831,8/4/20 17:00,8.17,,,,
1832,8/4/20 18:00,8.245,,,,
1833,8/4/20 19:00,8.245,,,,
1834,8/4/20 20:00,8.195,,,,
1835,8/4/20 21:00,8.145,,,,
1836,8/4/20 22:00,8.12,,,,
1837,8/4/20 23:00,8.07,,,,
1838,8/5/20 0:00,7.995,,,,
1839,8/5/20 1:00,7.82,,,,
1840,8/5/20 2:00,7.645,,,,
1841,8/5/20 3:00,7.544,,,,
1842,8/5/20 4:00,7.469,,,,
1843,8/5/20 5:00,7.419,,,,
1844,8/5/20 6:00,7.368,,,,
1845,8/5/20 7:00,7.293,,,,
1846,8/5/20 8:00,7.268,,,,
1847,8/5/20 9:00,7.268,,,,
1848,8/5/20 10:00,7.393,,,,
1849,8/5/20 11:00,7.519,,,,
1850,8/5/20 12:00,7.695,,,,
1851,8/5/20 13:00,7.895,,,,
1852,8/5/20 14:00,8.095,,,,
1853,8/5/20 15:00,8.344,,,,
1854,8/5/20 16:00,8.543,,,,
1855,8/5/20 17:00,8.767,,,,
1856,8/5/20 18:00,8.891,,,,
1857,8/5/20 19:00,9.064,,,,
1858,8/5/20 20:00,9.064,,,,
1859,8/5/20 21:00,8.866,,,,
1860,8/5/20 22:00,8.792,,,,
1861,8/5/20 23:00,8.693,,,,
1862,8/6/20 0:00,8.643,,,,
1863,8/6/20 1:00,8.643,,,,
1864,8/6/20 2:00,8.618,,,,
1865,8/6/20 3:00,8.593,,,,
1866,8/6/20 4:00,8.519,,,,
1867,8/6/20 5:00,8.394,,,,
1868,8/6/20 6:00,8.27,,,,
1869,8/6/20 7:00,8.145,,,,
1870,8/6/20 8:00,8.045,,,,
1871,8/6/20 9:00,7.995,,,,
1872,8/6/20 10:00,8.02,,,,
1873,8/6/20 11:00,8.095,,,,
1874,8/6/20 12:00,8.22,,,,
1875,8/6/20 13:00,8.419,,,,
1876,8/6/20 14:00,8.618,,,,
1877,8/6/20 15:00,8.916,,,,
1878,8/6/20 16:00,9.064,,,,
1879,8/6/20 17:00,9.361,,,,
1880,8/6/20 18:00,9.485,,,,
1881,8/6/20 19:00,9.361,,,,
1882,8/6/20 20:00,9.287,,,,
1883,8/6/20 21:00,9.163,,,,
1884,8/6/20 22:00,8.916,,,,
1885,8/6/20 23:00,8.693,,,,
1886,8/7/20 0:00,8.543,,,,
1887,8/7/20 1:00,8.419,,,,
1888,8/7/20 2:00,8.319,,,,
1889,8/7/20 3:00,8.17,,,,
1890,8/7/20 4:00,8.045,,,,
1891,8/7/20 5:00,7.945,,,,
1892,8/7/20 6:00,7.845,,,,
1893,8/7/20 7:00,7.745,,,,
1894,8/7/20 8:00,7.695,,,,
1895,8/7/20 9:00,7.695,,,,
1896,8/7/20 10:00,7.745,,,,
1897,8/7/20 11:00,7.87,,,,
1898,8/7/20 12:00,8.045,,,,
1899,8/7/20 13:00,8.195,,,,
1900,8/7/20 14:00,8.444,,,,
1901,8/7/20 15:00,8.668,,,,
1902,8/7/20 16:00,8.866,,,,
1903,8/7/20 17:00,9.064,,,,
1904,8/7/20 18:00,9.213,,,,
1905,8/7/20 19:00,9.287,,,,
1906,8/7/20 20:00,9.312,,,,
1907,8/7/20 21:00,9.312,,,,
1908,8/7/20 22:00,9.238,,,,
1909,8/7/20 23:00,9.139,,,,
1910,8/8/20 0:00,9.064,,,,
1911,8/8/20 1:00,8.99,,,,
1912,8/8/20 2:00,8.916,,,,
1913,8/8/20 3:00,8.841,,,,
1914,8/8/20 4:00,8.717,,,,
1915,8/8/20 5:00,8.568,,,,
1916,8/8/20 6:00,8.444,,,,
1917,8/8/20 7:00,8.319,,,,
1918,8/8/20 8:00,8.195,,,,
1919,8/8/20 9:00,8.07,,,,
1920,8/8/20 10:00,8.02,,,,
1921,8/8/20 11:00,8.07,,,,
1922,8/8/20 12:00,8.095,,,,
1923,8/8/20 13:00,8.195,,,,
1924,8/8/20 14:00,8.27,,,,
1925,8/8/20 15:00,8.444,,,,
1926,8/8/20 16:00,8.494,,,,
1927,8/8/20 17:00,8.568,,,,
1928,8/8/20 18:00,8.618,,,,
1929,8/8/20 19:00,8.593,,,,
1930,8/8/20 20:00,8.568,,,,
1931,8/8/20 21:00,8.519,,,,
1932,8/8/20 22:00,8.444,,,,
1933,8/8/20 23:00,8.394,,,,
1934,8/9/20 0:00,8.394,,,,
1935,8/9/20 1:00,8.394,,,,
1936,8/9/20 2:00,8.319,,,,
1937,8/9/20 3:00,8.195,,,,
1938,8/9/20 4:00,8.095,,,,
1939,8/9/20 5:00,7.945,,,,
1940,8/9/20 6:00,7.795,,,,
1941,8/9/20 7:00,7.645,,,,
1942,8/9/20 8:00,7.494,,,,
1943,8/9/20 9:00,7.469,,,,
1944,8/9/20 10:00,7.469,,,,
1945,8/9/20 11:00,7.645,,,,
1946,8/9/20 12:00,7.82,,,,
1947,8/9/20 13:00,8.07,,,,
1948,8/9/20 14:00,8.344,,,,
1949,8/9/20 15:00,8.245,,,,
1950,8/9/20 16:00,8.543,,,,
1951,8/9/20 17:00,8.941,,,,
1952,8/9/20 18:00,9.089,,,,
1953,8/9/20 19:00,9.015,,,,
1954,8/9/20 20:00,8.965,,,,
1955,8/9/20 21:00,8.841,,,,
1956,8/9/20 22:00,8.866,,,,
1957,8/9/20 23:00,8.841,,,,
1958,8/10/20 0:00,8.792,,,,
1959,8/10/20 1:00,8.767,,,,
1960,8/10/20 2:00,8.693,,,,
1961,8/10/20 3:00,8.519,,,,
1962,8/10/20 4:00,8.344,,,,
1963,8/10/20 5:00,8.245,,,,
1964,8/10/20 6:00,8.17,,,,
1965,8/10/20 7:00,8.095,,,,
1966,8/10/20 8:00,8.02,,,,
1967,8/10/20 9:00,7.97,,,,
1968,8/10/20 10:00,7.945,,,,
1969,8/10/20 11:00,7.92,,,,
1970,8/10/20 12:00,7.945,,,,
1971,8/10/20 13:00,8.02,,,,
1972,8/10/20 14:00,8.145,,,,
1973,8/10/20 15:00,8.12,,,,
1974,8/10/20 16:00,8.095,,,,
1975,8/10/20 17:00,8.07,,,,
1976,8/10/20 18:00,8.07,,,,
1977,8/10/20 19:00,8.02,,,,
1978,8/10/20 20:00,7.97,,,,
1979,8/10/20 21:00,7.92,,,,
1980,8/10/20 22:00,7.87,,,,
1981,8/10/20 23:00,7.87,,,,
1982,8/11/20 0:00,7.895,,,,
1983,8/11/20 1:00,7.87,,,,
1984,8/11/20 2:00,7.845,,,,
1985,8/11/20 3:00,7.82,,,,
1986,8/11/20 4:00,7.77,,,,
1987,8/11/20 5:00,7.67,,,,
1988,8/11/20 6:00,7.569,,,,
1989,8/11/20 7:00,7.494,,,,
1990,8/11/20 8:00,7.393,,,,
1991,8/11/20 9:00,7.343,,,,
1992,8/11/20 10:00,7.318,,,,
1993,8/11/20 11:00,7.393,,,,
1994,8/11/20 12:00,7.544,,,,
1995,8/11/20 13:00,7.645,,,,
1996,8/11/20 14:00,7.67,,,,
1997,8/11/20 15:00,7.745,,,,
1998,8/11/20 16:00,7.845,,,,
1999,8/11/20 17:00,7.97,,,,
2000,8/11/20 18:00,8.045,,,,
2001,8/11/20 19:00,8.07,,,,
2002,8/11/20 20:00,8.12,,,,
2003,8/11/20 21:00,8.07,,,,
2004,8/11/20 22:00,8.02,,,,
2005,8/11/20 23:00,7.895,,,,
2006,8/12/20 0:00,7.745,,,,
2007,8/12/20 1:00,7.645,,,,
2008,8/12/20 2:00,7.544,,,,
2009,8/12/20 3:00,7.469,,,,
2010,8/12/20 4:00,7.368,,,,
2011,8/12/20 5:00,7.293,,,,
2012,8/12/20 6:00,7.217,,,,
2013,8/12/20 7:00,7.142,,,,
2014,8/12/20 8:00,7.091,,,,
2015,8/12/20 9:00,7.066,,,,
2016,8/12/20 10:00,7.041,,,,
2017,8/12/20 11:00,7.116,,,,
2018,8/12/20 12:00,7.192,,,,
2019,8/12/20 13:00,7.444,,,,
2020,8/12/20 14:00,7.67,,,,
2021,8/12/20 15:00,7.695,,,,
2022,8/12/20 16:00,7.87,,,,
2023,8/12/20 17:00,7.795,,,,
2024,8/12/20 18:00,7.72,,,,
2025,8/12/20 19:00,7.67,,,,
2026,8/12/20 20:00,7.645,,,,
2027,8/12/20 21:00,7.645,,,,
2028,8/12/20 22:00,7.619,,,,
2029,8/12/20 23:00,7.544,,,,
2030,8/13/20 0:00,7.494,,,,
2031,8/13/20 1:00,7.419,,,,
2032,8/13/20 2:00,7.343,,,,
2033,8/13/20 3:00,7.242,,,,
2034,8/13/20 4:00,7.192,,,,
2035,8/13/20 5:00,7.167,,,,
2036,8/13/20 6:00,7.091,,,,
2037,8/13/20 7:00,7.041,,,,
2038,8/13/20 8:00,6.99,,,,
2039,8/13/20 9:00,6.94,,,,
2040,8/13/20 10:00,6.94,,,,
2041,8/13/20 11:00,6.965,,,,
2042,8/13/20 12:00,7.015,,,,
2043,8/13/20 13:00,7.242,,,,
2044,8/13/20 14:00,7.393,,,,
2045,8/13/20 15:00,7.645,,,,
2046,8/13/20 16:00,7.795,,,,
2047,8/13/20 17:00,7.845,,,,
2048,8/13/20 18:00,7.995,,,,
2049,8/13/20 19:00,8.045,,,,
2050,8/13/20 20:00,8.045,,,,
2051,8/13/20 21:00,7.995,,,,
2052,8/13/20 22:00,7.97,,,,
2053,8/13/20 23:00,7.945,,,,
2054,8/14/20 0:00,7.895,,,,
2055,8/14/20 1:00,7.82,,,,
2056,8/14/20 2:00,7.745,,,,
2057,8/14/20 3:00,7.645,,,,
2058,8/14/20 4:00,7.494,,,,
2059,8/14/20 5:00,7.343,,,,
2060,8/14/20 6:00,7.192,,,,
2061,8/14/20 7:00,7.066,,,,
2062,8/14/20 8:00,6.965,,,,
2063,8/14/20 9:00,6.914,,,,
2064,8/14/20 10:00,6.94,,,,
2065,8/14/20 11:00,7.015,,,,
2066,8/14/20 12:00,7.142,,,,
2067,8/14/20 13:00,7.343,,,,
2068,8/14/20 14:00,7.519,,,,
2069,8/14/20 15:00,7.77,,,,
2070,8/14/20 16:00,8.045,,,,
2071,8/14/20 17:00,8.17,,,,
2072,8/14/20 18:00,8.295,,,,
2073,8/14/20 19:00,8.344,,,,
2074,8/14/20 20:00,8.295,,,,
2075,8/14/20 21:00,8.22,,,,
2076,8/14/20 22:00,8.145,,,,
2077,8/14/20 23:00,8.07,,,,
2078,8/15/20 0:00,8.02,,,,
2079,8/15/20 1:00,7.945,,,,
2080,8/15/20 2:00,7.895,,,,
2081,8/15/20 3:00,7.845,,,,
2082,8/15/20 4:00,7.745,,,,
2083,8/15/20 5:00,7.594,,,,
2084,8/15/20 6:00,7.519,,,,
2085,8/15/20 7:00,7.419,,,,
2086,8/15/20 8:00,7.343,,,,
2087,8/15/20 9:00,7.318,,,,
2088,8/15/20 10:00,7.318,,,,
2089,8/15/20 11:00,7.393,,,,
2090,8/15/20 12:00,7.569,,,,
2091,8/15/20 13:00,7.77,,,,
2092,8/15/20 14:00,7.995,,,,
2093,8/15/20 15:00,8.12,,,,
2094,8/15/20 16:00,8.319,,,,
2095,8/15/20 17:00,8.469,,,,
2096,8/15/20 18:00,8.593,,,,
2097,8/15/20 19:00,8.543,,,,
2098,8/15/20 20:00,8.519,,,,
2099,8/15/20 21:00,8.444,,,,
2100,8/15/20 22:00,8.369,,,,
2101,8/15/20 23:00,8.27,,,,
2102,8/16/20 0:00,8.17,,,,
2103,8/16/20 1:00,8.17,,,,
2104,8/16/20 2:00,8.07,,,,
2105,8/16/20 3:00,7.92,,,,
2106,8/16/20 4:00,7.795,,,,
2107,8/16/20 5:00,7.645,,,,
2108,8/16/20 6:00,7.519,,,,
2109,8/16/20 7:00,7.368,,,,
2110,8/16/20 8:00,7.242,,,,
2111,8/16/20 9:00,7.192,,,,
2112,8/16/20 10:00,7.217,,,,
2113,8/16/20 11:00,7.318,,,,
2114,8/16/20 12:00,7.469,,,,
2115,8/16/20 13:00,7.645,,,,
2116,8/16/20 14:00,7.895,,,,
2117,8/16/20 15:00,8.145,,,,
2118,8/16/20 16:00,8.369,,,,
2119,8/16/20 17:00,8.543,,,,
2120,8/16/20 18:00,8.643,,,,
2121,8/16/20 19:00,8.693,,,,
2122,8/16/20 20:00,8.668,,,,
2123,8/16/20 21:00,8.593,,,,
2124,8/16/20 22:00,8.494,,,,
2125,8/16/20 23:00,8.394,,,,
2126,8/17/20 0:00,8.319,,,,
2127,8/17/20 1:00,8.22,,,,
2128,8/17/20 2:00,8.12,,,,
2129,8/17/20 3:00,8.02,,,,
2130,8/17/20 4:00,7.895,,,,
2131,8/17/20 5:00,7.77,,,,
2132,8/17/20 6:00,7.645,,,,
2133,8/17/20 7:00,7.494,,,,
2134,8/17/20 8:00,7.368,,,,
2135,8/17/20 9:00,7.318,,,,
2136,8/17/20 10:00,7.343,,,,
2137,8/17/20 11:00,7.444,,,,
2138,8/17/20 12:00,7.619,,,,
2139,8/17/20 13:00,7.795,,,,
2140,8/17/20 14:00,8.02,,,,
2141,8/17/20 15:00,8.245,,,,
2142,8/17/20 16:00,8.469,,,,
2143,8/17/20 17:00,8.643,,,,
2144,8/17/20 18:00,8.742,,,,
2145,8/17/20 19:00,8.792,,,,
2146,8/17/20 20:00,8.767,,,,
2147,8/17/20 21:00,8.693,,,,
2148,8/17/20 22:00,8.593,,,,
2149,8/17/20 23:00,8.494,,,,
2150,8/18/20 0:00,8.444,,,,
2151,8/18/20 1:00,8.369,,,,
2152,8/18/20 2:00,8.27,,,,
2153,8/18/20 3:00,8.145,,,,
2154,8/18/20 4:00,8.02,,,,
2155,8/18/20 5:00,7.87,,,,
2156,8/18/20 6:00,7.695,,,,
2157,8/18/20 7:00,7.544,,,,
2158,8/18/20 8:00,7.444,,,,
2159,8/18/20 9:00,7.393,,,,
2160,8/18/20 10:00,7.419,,,,
2161,8/18/20 11:00,7.519,,,,
2162,8/18/20 12:00,7.695,,,,
2163,8/18/20 13:00,7.87,,,,
2164,8/18/20 14:00,8.07,,,,
2165,8/18/20 15:00,8.27,,,,
2166,8/18/20 16:00,8.444,,,,
2167,8/18/20 17:00,8.643,,,,
2168,8/18/20 18:00,8.693,,,,
2169,8/18/20 19:00,8.693,,,,
2170,8/18/20 20:00,8.668,,,,
2171,8/18/20 21:00,8.643,,,,
2172,8/18/20 22:00,8.519,,,,
2173,8/18/20 23:00,8.419,,,,
2174,8/19/20 0:00,8.369,,,,
2175,8/19/20 1:00,8.245,,,,
2176,8/19/20 2:00,8.095,,,,
2177,8/19/20 3:00,7.995,,,,
2178,8/19/20 4:00,7.845,,,,
2179,8/19/20 5:00,7.72,,,,
2180,8/19/20 6:00,7.619,,,,
2181,8/19/20 7:00,7.544,,,,
2182,8/19/20 8:00,7.469,,,,
2183,8/19/20 9:00,7.444,,,,
2184,8/19/20 10:00,7.444,,,,
2185,8/19/20 11:00,7.544,,,,
2186,8/19/20 12:00,7.795,,,,
2187,8/19/20 13:00,8.07,,,,
2188,8/19/20 14:00,8.319,,,,
2189,8/19/20 15:00,8.568,,,,
2190,8/19/20 16:00,8.841,,,,
2191,8/19/20 17:00,9.089,,,,
2192,8/19/20 18:00,9.089,,,,
2193,8/19/20 19:00,9.089,,,,
2194,8/19/20 20:00,9.04,,,,
2195,8/19/20 21:00,8.965,,,,
2196,8/19/20 22:00,8.841,,,,
2197,8/19/20 23:00,8.767,,,,
2198,8/20/20 0:00,8.717,,,,
2199,8/20/20 1:00,8.668,,,,
2200,8/20/20 2:00,8.643,,,,
2201,8/20/20 3:00,8.618,,,,
2202,8/20/20 4:00,8.593,,,,
2203,8/20/20 5:00,8.543,,,,
2204,8/20/20 6:00,8.444,,,,
2205,8/20/20 7:00,8.394,,,,
2206,8/20/20 8:00,8.344,,,,
2207,8/20/20 9:00,8.319,,,,
2208,8/20/20 10:00,8.444,,,,
2209,8/20/20 11:00,8.519,,,,
2210,8/20/20 12:00,8.618,,,,
2211,8/20/20 13:00,8.891,,,,
2212,8/20/20 14:00,9.04,,,,
2213,8/20/20 15:00,9.238,,,,
2214,8/20/20 16:00,9.262,,,,
2215,8/20/20 17:00,9.386,,,,
2216,8/20/20 18:00,9.312,,,,
2217,8/20/20 19:00,9.312,,,,
2218,8/20/20 20:00,9.287,,,,
2219,8/20/20 21:00,9.238,,,,
2220,8/20/20 22:00,9.163,,,,
2221,8/20/20 23:00,9.015,,,,
2222,8/21/20 0:00,8.916,,,,
2223,8/21/20 1:00,8.792,,,,
2224,8/21/20 2:00,8.668,,,,
2225,8/21/20 3:00,8.543,,,,
2226,8/21/20 4:00,8.419,,,,
2227,8/21/20 5:00,8.27,,,,
2228,8/21/20 6:00,8.12,,,,
2229,8/21/20 7:00,7.995,,,,
2230,8/21/20 8:00,7.895,,,,
2231,8/21/20 9:00,7.795,,,,
2232,8/21/20 10:00,7.82,,,,
2233,8/21/20 11:00,7.745,,,,
2234,8/21/20 12:00,7.745,,,,
2235,8/21/20 13:00,7.845,,,,
2236,8/21/20 14:00,7.995,,,,
2237,8/21/20 15:00,8.145,,,,
2238,8/21/20 16:00,8.295,,,,
2239,8/21/20 17:00,8.494,,,,
2240,8/21/20 18:00,8.543,,,,
2241,8/21/20 19:00,8.543,,,,
2242,8/21/20 20:00,8.568,,,,
2243,8/21/20 21:00,8.593,,,,
2244,8/21/20 22:00,8.668,,,,
2245,8/21/20 23:00,8.668,,,,
2246,8/22/20 0:00,8.668,,,,
2247,8/22/20 1:00,8.668,,,,
2248,8/22/20 2:00,8.618,,,,
2249,8/22/20 3:00,8.543,,,,
2250,8/22/20 4:00,8.444,,,,
2251,8/22/20 5:00,8.369,,,,
2252,8/22/20 6:00,8.27,,,,
2253,8/22/20 7:00,8.17,,,,
2254,8/22/20 8:00,8.12,,,,
2255,8/22/20 9:00,8.095,,,,
2256,8/22/20 10:00,8.12,,,,
2257,8/22/20 11:00,8.245,,,,
2258,8/22/20 12:00,8.419,,,,
2259,8/22/20 13:00,8.618,,,,
2260,8/22/20 14:00,8.941,,,,
2261,8/22/20 15:00,9.139,,,,
2262,8/22/20 16:00,9.336,,,,
2263,8/22/20 17:00,9.558,,,,
2264,8/22/20 18:00,9.657,,,,
2265,8/22/20 19:00,9.632,,,,
2266,8/22/20 20:00,9.558,,,,
2267,8/22/20 21:00,9.534,,,,
2268,8/22/20 22:00,9.435,,,,
2269,8/22/20 23:00,9.336,,,,
2270,8/23/20 0:00,9.312,,,,
2271,8/23/20 1:00,9.238,,,,
2272,8/23/20 2:00,9.114,,,,
2273,8/23/20 3:00,9.015,,,,
2274,8/23/20 4:00,8.916,,,,
2275,8/23/20 5:00,8.841,,,,
2276,8/23/20 6:00,8.767,,,,
2277,8/23/20 7:00,8.693,,,,
2278,8/23/20 8:00,8.618,,,,
2279,8/23/20 9:00,8.543,,,,
2280,8/23/20 10:00,8.519,,,,
2281,8/23/20 11:00,8.568,,,,
2282,8/23/20 12:00,8.668,,,,
2283,8/23/20 13:00,8.817,,,,
2284,8/23/20 14:00,8.866,,,,
2285,8/23/20 15:00,8.965,,,,
2286,8/23/20 16:00,9.139,,,,
2287,8/23/20 17:00,9.238,,,,
2288,8/23/20 18:00,9.188,,,,
2289,8/23/20 19:00,9.188,,,,
2290,8/23/20 20:00,9.163,,,,
2291,8/23/20 21:00,9.089,,,,
2292,8/23/20 22:00,8.965,,,,
2293,8/23/20 23:00,8.841,,,,
2294,8/24/20 0:00,8.792,,,,
2295,8/24/20 1:00,8.767,,,,
2296,8/24/20 2:00,8.742,,,,
2297,8/24/20 3:00,8.693,,,,
2298,8/24/20 4:00,8.693,,,,
2299,8/24/20 5:00,8.643,,,,
2300,8/24/20 6:00,8.593,,,,
2301,8/24/20 7:00,8.543,,,,
2302,8/24/20 8:00,8.469,,,,
2303,8/24/20 9:00,8.394,,,,
2304,8/24/20 10:00,8.369,,,,
2305,8/24/20 11:00,8.369,,,,
2306,8/24/20 12:00,8.394,,,,
2307,8/24/20 13:00,8.419,,,,
2308,8/24/20 14:00,8.568,,,,
2309,8/24/20 15:00,8.742,,,,
2310,8/24/20 16:00,8.866,,,,
2311,8/24/20 17:00,8.99,,,,
2312,8/24/20 18:00,9.089,,,,
2313,8/24/20 19:00,9.139,,,,
2314,8/24/20 20:00,9.139,,,,
2315,8/24/20 21:00,9.089,,,,
2316,8/24/20 22:00,9.04,,,,
2317,8/24/20 23:00,8.941,,,,
2318,8/25/20 0:00,8.817,,,,
2319,8/25/20 1:00,8.742,,,,
2320,8/25/20 2:00,8.693,,,,
2321,8/25/20 3:00,8.643,,,,
2322,8/25/20 4:00,8.593,,,,
2323,8/25/20 5:00,8.519,,,,
2324,8/25/20 6:00,8.444,,,,
2325,8/25/20 7:00,8.319,,,,
2326,8/25/20 8:00,8.195,,,,
2327,8/25/20 9:00,8.07,,,,
2328,8/25/20 10:00,7.995,,,,
2329,8/25/20 11:00,7.995,,,,
2330,8/25/20 12:00,8.145,,,,
2331,8/25/20 13:00,8.245,,,,
2332,8/25/20 14:00,8.444,,,,
2333,8/25/20 15:00,8.668,,,,
2334,8/25/20 16:00,8.941,,,,
2335,8/25/20 17:00,9.139,,,,
2336,8/25/20 18:00,9.114,,,,
2337,8/25/20 19:00,8.965,,,,
2338,8/25/20 20:00,8.792,,,,
2339,8/25/20 21:00,8.767,,,,
2340,8/25/20 22:00,8.817,,,,
2341,8/25/20 23:00,8.767,,,,
2342,8/26/20 0:00,8.792,,,,
2343,8/26/20 1:00,8.767,,,,
2344,8/26/20 2:00,8.593,,,,
2345,8/26/20 3:00,8.394,,,,
2346,8/26/20 4:00,8.195,,,,
2347,8/26/20 5:00,8.02,,,,
2348,8/26/20 6:00,7.92,,,,
2349,8/26/20 7:00,7.845,,,,
2350,8/26/20 8:00,7.795,,,,
2351,8/26/20 9:00,7.77,,,,
2352,8/26/20 10:00,7.745,,,,
2353,8/26/20 11:00,7.77,,,,
2354,8/26/20 12:00,7.945,,,,
2355,8/26/20 13:00,8.12,,,,
2356,8/26/20 14:00,8.145,,,,
2357,8/26/20 15:00,8.27,,,,
2358,8/26/20 16:00,8.419,,,,
2359,8/26/20 17:00,8.469,,,,
2360,8/26/20 18:00,8.394,,,,
2361,8/26/20 19:00,8.369,,,,
2362,8/26/20 20:00,8.344,,,,
2363,8/26/20 21:00,8.245,,,,
2364,8/26/20 22:00,8.17,,,,
2365,8/26/20 23:00,8.095,,,,
2366,8/27/20 0:00,8.045,,,,
2367,8/27/20 1:00,7.97,,,,
2368,8/27/20 2:00,7.895,,,,
2369,8/27/20 3:00,7.845,,,,
2370,8/27/20 4:00,7.77,,,,
2371,8/27/20 5:00,7.645,,,,
2372,8/27/20 6:00,7.544,,,,
2373,8/27/20 7:00,7.469,,,,
2374,8/27/20 8:00,7.368,,,,
2375,8/27/20 9:00,7.343,,,,
2376,8/27/20 10:00,7.293,,,,
2377,8/27/20 11:00,7.343,,,,
2378,8/27/20 12:00,7.368,,,,
2379,8/27/20 13:00,7.444,,,,
2380,8/27/20 14:00,7.67,,,,
2381,8/27/20 15:00,7.695,,,,
2382,8/27/20 16:00,7.895,,,,
2383,8/27/20 17:00,7.97,,,,
2384,8/27/20 18:00,8.02,,,,
2385,8/27/20 19:00,7.945,,,,
2386,8/27/20 20:00,7.845,,,,
2387,8/27/20 21:00,7.745,,,,
2388,8/27/20 22:00,7.645,,,,
2389,8/27/20 23:00,7.569,,,,
2390,8/28/20 0:00,7.494,,,,
2391,8/28/20 1:00,7.494,,,,
2392,8/28/20 2:00,7.494,,,,
2393,8/28/20 3:00,7.494,,,,
2394,8/28/20 4:00,7.419,,,,
2395,8/28/20 5:00,7.318,,,,
2396,8/28/20 6:00,7.242,,,,
2397,8/28/20 7:00,7.142,,,,
2398,8/28/20 8:00,7.041,,,,
2399,8/28/20 9:00,7.015,,,,
2400,8/28/20 10:00,7.041,,,,
2401,8/28/20 11:00,7.142,,,,
2402,8/28/20 12:00,7.293,,,,
2403,8/28/20 13:00,7.494,,,,
2404,8/28/20 14:00,7.695,,,,
2405,8/28/20 15:00,7.895,,,,
2406,8/28/20 16:00,7.945,,,,
2407,8/28/20 17:00,8.095,,,,
2408,8/28/20 18:00,7.995,,,,
2409,8/28/20 19:00,7.92,,,,
2410,8/28/20 20:00,7.87,,,,
2411,8/28/20 21:00,7.795,,,,
2412,8/28/20 22:00,7.72,,,,
2413,8/28/20 23:00,7.67,,,,
2414,8/29/20 0:00,7.67,,,,
2415,8/29/20 1:00,7.619,,,,
2416,8/29/20 2:00,7.569,,,,
2417,8/29/20 3:00,7.544,,,,
2418,8/29/20 4:00,7.444,,,,
2419,8/29/20 5:00,7.343,,,,
2420,8/29/20 6:00,7.268,,,,
2421,8/29/20 7:00,7.192,,,,
2422,8/29/20 8:00,7.091,,,,
2423,8/29/20 9:00,7.041,,,,
2424,8/29/20 10:00,7.041,,,,
2425,8/29/20 11:00,7.091,,,,
2426,8/29/20 12:00,7.167,,,,
2427,8/29/20 13:00,7.343,,,,
2428,8/29/20 14:00,7.569,,,,
2429,8/29/20 15:00,7.745,,,,
2430,8/29/20 16:00,7.895,,,,
2431,8/29/20 17:00,8.045,,,,
2432,8/29/20 18:00,8.12,,,,
2433,8/29/20 19:00,8.095,,,,
2434,8/29/20 20:00,8.02,,,,
2435,8/29/20 21:00,7.995,,,,
2436,8/29/20 22:00,7.895,,,,
2437,8/29/20 23:00,7.795,,,,
2438,8/30/20 0:00,7.695,,,,
2439,8/30/20 1:00,7.695,,,,
2440,8/30/20 2:00,7.67,,,,
2441,8/30/20 3:00,7.619,,,,
2442,8/30/20 4:00,7.544,,,,
2443,8/30/20 5:00,7.444,,,,
2444,8/30/20 6:00,7.318,,,,
2445,8/30/20 7:00,7.192,,,,
2446,8/30/20 8:00,7.041,,,,
2447,8/30/20 9:00,6.94,,,,
2448,8/30/20 10:00,6.889,,,,
2449,8/30/20 11:00,6.965,,,,
2450,8/30/20 12:00,7.091,,,,
2451,8/30/20 13:00,7.242,,,,
2452,8/30/20 14:00,7.444,,,,
2453,8/30/20 15:00,7.619,,,,
2454,8/30/20 16:00,7.795,,,,
2455,8/30/20 17:00,7.945,,,,
2456,8/30/20 18:00,8.045,,,,
2457,8/30/20 19:00,8.07,,,,
2458,8/30/20 20:00,8.045,,,,
2459,8/30/20 21:00,7.945,,,,
2460,8/30/20 22:00,7.82,,,,
2461,8/30/20 23:00,7.745,,,,
2462,8/31/20 0:00,7.72,,,,
2463,8/31/20 1:00,7.72,,,,
2464,8/31/20 2:00,7.67,,,,
2465,8/31/20 3:00,7.594,,,,
2466,8/31/20 4:00,7.519,,,,
2467,8/31/20 5:00,7.469,,,,
2468,8/31/20 6:00,7.393,,,,
2469,8/31/20 7:00,7.343,,,,
2470,8/31/20 8:00,7.293,,,,
2471,8/31/20 9:00,7.242,,,,
2472,8/31/20 10:00,7.293,,,,
2473,8/31/20 11:00,7.393,,,,
2474,8/31/20 12:00,7.519,,,,
2475,8/31/20 13:00,7.594,,,,
2476,8/31/20 14:00,7.695,,,,
2477,8/31/20 15:00,7.82,,,,
2478,8/31/20 16:00,7.92,,,,
2479,8/31/20 17:00,8.07,,,,
2480,8/31/20 18:00,8.17,,,,
2481,8/31/20 19:00,8.145,,,,
2482,8/31/20 20:00,8.045,,,,
2483,8/31/20 21:00,8.02,,,,
2484,8/31/20 22:00,7.97,,,,
2485,8/31/20 23:00,7.895,,,,
2486,9/1/20 0:00,7.77,,,,
2487,9/1/20 1:00,7.695,,,,
2488,9/1/20 2:00,7.594,,,,
2489,9/1/20 3:00,7.494,,,,
2490,9/1/20 4:00,7.419,,,,
2491,9/1/20 5:00,7.393,,,,
2492,9/1/20 6:00,7.368,,,,
2493,9/1/20 7:00,7.318,,,,
2494,9/1/20 8:00,7.268,,,,
2495,9/1/20 9:00,7.242,,,,
2496,9/1/20 10:00,7.242,,,,
2497,9/1/20 11:00,7.293,,,,
2498,9/1/20 12:00,7.393,,,,
2499,9/1/20 13:00,7.519,,,,
2500,9/1/20 14:00,7.695,,,,
2501,9/1/20 15:00,7.795,,,,
2502,9/1/20 16:00,7.87,,,,
2503,9/1/20 17:00,7.945,,,,
2504,9/1/20 18:00,7.97,,,,
2505,9/1/20 19:00,7.945,,,,
2506,9/1/20 20:00,7.92,,,,
2507,9/1/20 21:00,7.82,,,,
2508,9/1/20 22:00,7.745,,,,
2509,9/1/20 23:00,7.67,,,,
2510,9/2/20 0:00,7.645,,,,
2511,9/2/20 1:00,7.645,,,,
2512,9/2/20 2:00,7.645,,,,
2513,9/2/20 3:00,7.645,,,,
2514,9/2/20 4:00,7.619,,,,
2515,9/2/20 5:00,7.594,,,,
2516,9/2/20 6:00,7.569,,,,
2517,9/2/20 7:00,7.519,,,,
2518,9/2/20 8:00,7.469,,,,
2519,9/2/20 9:00,7.393,,,,
2520,9/2/20 10:00,7.393,,,,
2521,9/2/20 11:00,7.393,,,,
2522,9/2/20 12:00,7.419,,,,
2523,9/2/20 13:00,7.444,,,,
2524,9/2/20 14:00,7.569,,,,
2525,9/2/20 15:00,7.67,,,,
2526,9/2/20 16:00,7.92,,,,
2527,9/2/20 17:00,7.995,,,,
2528,9/2/20 18:00,7.995,,,,
2529,9/2/20 19:00,7.97,,,,
2530,9/2/20 20:00,7.945,,,,
2531,9/2/20 21:00,7.87,,,,
2532,9/2/20 22:00,7.77,,,,
2533,9/2/20 23:00,7.645,,,,
2534,9/3/20 0:00,7.494,,,,
2535,9/3/20 1:00,7.419,,,,
2536,9/3/20 2:00,7.368,,,,
2537,9/3/20 3:00,7.242,,,,
2538,9/3/20 4:00,7.116,,,,
2539,9/3/20 5:00,6.99,,,,
2540,9/3/20 6:00,6.94,,,,
2541,9/3/20 7:00,6.839,,,,
2542,9/3/20 8:00,6.763,,,,
2543,9/3/20 9:00,6.687,,,,
2544,9/3/20 10:00,6.661,,,,
2545,9/3/20 11:00,6.712,,,,
2546,9/3/20 12:00,6.839,,,,
2547,9/3/20 13:00,6.99,,,,
2548,9/3/20 14:00,7.116,,,,
2549,9/3/20 15:00,7.217,,,,
2550,9/3/20 16:00,7.293,,,,
2551,9/3/20 17:00,7.343,,,,
2552,9/3/20 18:00,7.444,,,,
2553,9/3/20 19:00,7.368,,,,
2554,9/3/20 20:00,7.217,,,,
2555,9/3/20 21:00,7.116,,,,
2556,9/3/20 22:00,7.015,,,,
2557,9/3/20 23:00,6.914,,,,
2558,9/4/20 0:00,6.788,,,,
2559,9/4/20 1:00,6.687,,,,
2560,9/4/20 2:00,6.636,,,,
2561,9/4/20 3:00,6.611,,,,
2562,9/4/20 4:00,6.585,,,,
2563,9/4/20 5:00,6.56,,,,
2564,9/4/20 6:00,6.56,,,,
2565,9/4/20 7:00,6.56,,,,
2566,9/4/20 8:00,6.585,,,,
2567,9/4/20 9:00,6.611,,,,
2568,9/4/20 10:00,6.636,,,,
2569,9/4/20 11:00,6.687,,,,
2570,9/4/20 12:00,6.687,,,,
2571,9/4/20 13:00,6.712,,,,
2572,9/4/20 14:00,6.813,,,,
2573,9/4/20 15:00,6.94,,,,
2574,9/4/20 16:00,6.965,,,,
2575,9/4/20 17:00,7.015,,,,
2576,9/4/20 18:00,6.99,,,,
2577,9/4/20 19:00,7.015,,,,
2578,9/4/20 20:00,6.965,,,,
2579,9/4/20 21:00,6.94,,,,
2580,9/4/20 22:00,6.889,,,,
2581,9/4/20 23:00,6.839,,,,
2582,9/5/20 0:00,6.788,,,,
2583,9/5/20 1:00,6.712,,,,
2584,9/5/20 2:00,6.661,,,,
2585,9/5/20 3:00,6.636,,,,
2586,9/5/20 4:00,6.585,,,,
2587,9/5/20 5:00,6.56,,,,
2588,9/5/20 6:00,6.484,,,,
2589,9/5/20 7:00,6.433,,,,
2590,9/5/20 8:00,6.357,,,,
2591,9/5/20 9:00,6.306,,,,
2592,9/5/20 10:00,6.281,,,,
2593,9/5/20 11:00,6.281,,,,
2594,9/5/20 12:00,6.306,,,,
2595,9/5/20 13:00,6.382,,,,
2596,9/5/20 14:00,6.433,,,,
2597,9/5/20 15:00,6.458,,,,
2598,9/5/20 16:00,6.535,,,,
2599,9/5/20 17:00,6.509,,,,
2600,9/5/20 18:00,6.509,,,,
2601,9/5/20 19:00,6.509,,,,
2602,9/5/20 20:00,6.509,,,,
2603,9/5/20 21:00,6.484,,,,
2604,9/5/20 22:00,6.408,,,,
2605,9/5/20 23:00,6.357,,,,
2606,9/6/20 0:00,6.281,,,,
2607,9/6/20 1:00,6.204,,,,
2608,9/6/20 2:00,6.102,,,,
2609,9/6/20 3:00,5.975,,,,
2610,9/6/20 4:00,5.847,,,,
2611,9/6/20 5:00,5.719,,,,
2612,9/6/20 6:00,5.591,,,,
2613,9/6/20 7:00,5.437,,,,
2614,9/6/20 8:00,5.308,,,,
2615,9/6/20 9:00,5.231,,,,
2616,9/6/20 10:00,5.231,,,,
2617,9/6/20 11:00,5.308,,,,
2618,9/6/20 12:00,5.437,,,,
2619,9/6/20 13:00,5.616,,,,
2620,9/6/20 14:00,5.821,,,,
2621,9/6/20 15:00,6,,,,
2622,9/6/20 16:00,6.153,,,,
2623,9/6/20 17:00,6.281,,,,
2624,9/6/20 18:00,6.331,,,,
2625,9/6/20 19:00,6.331,,,,
2626,9/6/20 20:00,6.255,,,,
2627,9/6/20 21:00,6.204,,,,
2628,9/6/20 22:00,6.153,,,,
2629,9/6/20 23:00,6.128,,,,
2630,9/7/20 0:00,6.153,,,,
2631,9/7/20 1:00,6.179,,,,
2632,9/7/20 2:00,6.179,,,,
2633,9/7/20 3:00,6.179,,,,
2634,9/7/20 4:00,6.179,,,,
2635,9/7/20 5:00,6.179,,,,
2636,9/7/20 6:00,6.128,,,,
2637,9/7/20 7:00,6.077,,,,
2638,9/7/20 8:00,6.026,,,,
2639,9/7/20 9:00,6,,,,
2640,9/7/20 10:00,6.051,,,,
2641,9/7/20 11:00,6.128,,,,
2642,9/7/20 12:00,6.255,,,,
2643,9/7/20 13:00,6.433,,,,
2644,9/7/20 14:00,6.661,,,,
2645,9/7/20 15:00,6.864,,,,
2646,9/7/20 16:00,6.889,,,,
2647,9/7/20 17:00,6.94,,,,
2648,9/7/20 18:00,7.015,,,,
2649,9/7/20 19:00,7.015,,,,
2650,9/7/20 20:00,6.965,,,,
2651,9/7/20 21:00,6.94,,,,
2652,9/7/20 22:00,6.94,,,,
2653,9/7/20 23:00,6.94,,,,
2654,9/8/20 0:00,6.914,,,,
2655,9/8/20 1:00,6.889,,,,
2656,9/8/20 2:00,6.864,,,,
2657,9/8/20 3:00,6.839,,,,
2658,9/8/20 4:00,6.788,,,,
2659,9/8/20 5:00,6.737,,,,
2660,9/8/20 6:00,6.687,,,,
2661,9/8/20 7:00,6.636,,,,
2662,9/8/20 8:00,6.611,,,,
2663,9/8/20 9:00,6.611,,,,
2664,9/8/20 10:00,6.585,,,,
2665,9/8/20 11:00,6.585,,,,
2666,9/8/20 12:00,6.56,,,,
2667,9/8/20 13:00,6.56,,,,
2668,9/8/20 14:00,6.56,,,,
2669,9/8/20 15:00,6.611,,,,
2670,9/8/20 16:00,6.661,,,,
2671,9/8/20 17:00,6.687,,,,
2672,9/8/20 18:00,6.687,,,,
2673,9/8/20 19:00,6.712,,,,
2674,9/8/20 20:00,6.661,,,,
2675,9/8/20 21:00,6.636,,,,
2676,9/8/20 22:00,6.585,,,,
2677,9/8/20 23:00,6.535,,,,
2678,9/9/20 0:00,6.484,,,,
2679,9/9/20 1:00,6.458,,,,
2680,9/9/20 2:00,6.408,,,,
2681,9/9/20 3:00,6.357,,,,
2682,9/9/20 4:00,6.331,,,,
2683,9/9/20 5:00,6.306,,,,
2684,9/9/20 6:00,6.255,,,,
2685,9/9/20 7:00,6.179,,,,
2686,9/9/20 8:00,6.102,,,,
2687,9/9/20 9:00,6.026,,,,
2688,9/9/20 10:00,5.975,,,,
2689,9/9/20 11:00,5.924,,,,
2690,9/9/20 12:00,5.924,,,,
2691,9/9/20 13:00,5.949,,,,
2692,9/9/20 14:00,6,,,,
2693,9/9/20 15:00,6.051,,,,
2694,9/9/20 16:00,6.051,,,,
2695,9/9/20 17:00,6.051,,,,
2696,9/9/20 18:00,6.077,,,,
2697,9/9/20 19:00,6.026,,,,
2698,9/9/20 20:00,6.026,,,,
2699,9/9/20 21:00,5.975,,,,
2700,9/9/20 22:00,5.949,,,,
2701,9/9/20 23:00,5.924,,,,
2702,9/10/20 0:00,5.872,,,,
2703,9/10/20 1:00,5.821,,,,
2704,9/10/20 2:00,5.796,,,,
2705,9/10/20 3:00,5.745,,,,
2706,9/10/20 4:00,5.668,,,,
2707,9/10/20 5:00,5.565,,,,
2708,9/10/20 6:00,5.462,,,,
2709,9/10/20 7:00,5.385,,,,
2710,9/10/20 8:00,5.308,,,,
2711,9/10/20 9:00,5.257,,,,
2712,9/10/20 10:00,5.231,,,,
2713,9/10/20 11:00,5.257,,,,
2714,9/10/20 12:00,5.282,,,,
2715,9/10/20 13:00,5.334,,,,
2716,9/10/20 14:00,5.385,,,,
2717,9/10/20 15:00,5.385,,,,
2718,9/10/20 16:00,5.36,,,,
2719,9/10/20 17:00,5.385,,,,
2720,9/10/20 18:00,5.411,,,,
2721,9/10/20 19:00,5.385,,,,
2722,9/10/20 20:00,5.334,,,,
2723,9/10/20 21:00,5.231,,,,
2724,9/10/20 22:00,5.154,,,,
2725,9/10/20 23:00,5.128,,,,
2726,9/11/20 0:00,5.102,,,,
2727,9/11/20 1:00,5.076,,,,
2728,9/11/20 2:00,5.05,,,,
2729,9/11/20 3:00,5.024,,,,
2730,9/11/20 4:00,4.999,,,,
2731,9/11/20 5:00,4.973,,,,
2732,9/11/20 6:00,4.921,,,,
2733,9/11/20 7:00,4.869,,,,
2734,9/11/20 8:00,4.844,,,,
2735,9/11/20 9:00,4.792,,,,
2736,9/11/20 10:00,4.792,,,,
2737,9/11/20 11:00,4.792,,,,
2738,9/11/20 12:00,4.818,,,,
2739,9/11/20 13:00,4.844,,,,
2740,9/11/20 14:00,4.869,,,,
2741,9/11/20 15:00,4.869,,,,
2742,9/11/20 16:00,4.895,,,,
2743,9/11/20 17:00,4.869,,,,
2744,9/11/20 18:00,4.869,,,,
2745,9/11/20 19:00,4.869,,,,
2746,9/11/20 20:00,4.869,,,,
2747,9/11/20 21:00,4.869,,,,
2748,9/11/20 22:00,4.844,,,,
2749,9/11/20 23:00,4.844,,,,
2750,9/12/20 0:00,4.818,,,,
2751,9/12/20 1:00,4.792,,,,
2752,9/12/20 2:00,4.74,,,,
2753,9/12/20 3:00,4.714,,,,
2754,9/12/20 4:00,4.662,,,,
2755,9/12/20 5:00,4.61,,,,
2756,9/12/20 6:00,4.558,,,,
2757,9/12/20 7:00,4.506,,,,
2758,9/12/20 8:00,4.48,,,,
2759,9/12/20 9:00,4.48,,,,
2760,9/12/20 10:00,4.506,,,,
2761,9/12/20 11:00,4.558,,,,
2762,9/12/20 12:00,4.688,,,,
2763,9/12/20 13:00,4.844,,,,
2764,9/12/20 14:00,4.999,,,,
2765,9/12/20 15:00,5.154,,,,
2766,9/12/20 16:00,5.36,,,,
2767,9/12/20 17:00,5.514,,,,
2768,9/12/20 18:00,5.488,,,,
2769,9/12/20 19:00,5.462,,,,
2770,9/12/20 20:00,5.437,,,,
2771,9/12/20 21:00,5.36,,,,
2772,9/12/20 22:00,5.231,,,,
2773,9/12/20 23:00,5.128,,,,
2774,9/13/20 0:00,5.05,,,,
2775,9/13/20 1:00,5.05,,,,
2776,9/13/20 2:00,5.05,,,,
2777,9/13/20 3:00,5.024,,,,
2778,9/13/20 4:00,4.895,,,,
2779,9/13/20 5:00,4.714,,,,
2780,9/13/20 6:00,4.558,,,,
2781,9/13/20 7:00,4.402,,,,
2782,9/13/20 8:00,4.272,,,,
2783,9/13/20 9:00,4.168,,,,
2784,9/13/20 10:00,4.141,,,,
2785,9/13/20 11:00,4.141,,,,
2786,9/13/20 12:00,4.22,,,,
2787,9/13/20 13:00,4.324,,,,
2788,9/13/20 14:00,4.454,,,,
2789,9/13/20 15:00,4.584,,,,
2790,9/13/20 16:00,4.714,,,,
2791,9/13/20 17:00,4.792,,,,
2792,9/13/20 18:00,4.792,,,,
2793,9/13/20 19:00,4.74,,,,
2794,9/13/20 20:00,4.688,,,,
2795,9/13/20 21:00,4.61,,,,
2796,9/13/20 22:00,4.532,,,,
2797,9/13/20 23:00,4.454,,,,
2798,9/14/20 0:00,4.402,,,,
2799,9/14/20 1:00,4.376,,,,
2800,9/14/20 2:00,4.324,,,,
2801,9/14/20 3:00,4.272,,,,
2802,9/14/20 4:00,4.246,,,,
2803,9/14/20 5:00,4.194,,,,
2804,9/14/20 6:00,4.141,,,,
2805,9/14/20 7:00,4.089,,,,
2806,9/14/20 8:00,4.063,,,,
2807,9/14/20 9:00,4.063,,,,
2808,9/14/20 10:00,4.089,,,,
2809,9/14/20 11:00,4.141,,,,
2810,9/14/20 12:00,4.246,,,,
2811,9/14/20 13:00,4.35,,,,
2812,9/14/20 14:00,4.428,,,,
2813,9/14/20 15:00,4.532,,,,
2814,9/14/20 16:00,4.61,,,,
2815,9/14/20 17:00,4.662,,,,
2816,9/14/20 18:00,4.688,,,,
2817,9/14/20 19:00,4.714,,,,
2818,9/14/20 20:00,4.74,,,,
2819,9/14/20 21:00,4.74,,,,
2820,9/14/20 22:00,4.74,,,,
2821,9/14/20 23:00,4.74,,,,
2822,9/15/20 0:00,4.74,,,,
2823,9/15/20 1:00,4.74,,,,
2824,9/15/20 2:00,4.74,,,,
2825,9/15/20 3:00,4.714,,,,
2826,9/15/20 4:00,4.74,,,,
2827,9/15/20 5:00,4.74,,,,
2828,9/15/20 6:00,4.714,,,,
2829,9/15/20 7:00,4.74,,,,
2830,9/15/20 8:00,4.74,,,,
2831,9/15/20 9:00,4.74,,,,
2832,9/15/20 10:00,4.792,,,,
2833,9/15/20 11:00,4.818,,,,
2834,9/15/20 12:00,4.895,,,,
2835,9/15/20 13:00,4.999,,,,
2836,9/15/20 14:00,5.102,,,,
2837,9/15/20 15:00,5.231,,,,
2838,9/15/20 16:00,5.36,,,,
2839,9/15/20 17:00,5.462,,,,
2840,9/15/20 18:00,5.514,,,,
2841,9/15/20 19:00,5.539,,,,
2842,9/15/20 20:00,5.565,,,,
2843,9/15/20 21:00,5.591,,,,
2844,9/15/20 22:00,5.565,,,,
2845,9/15/20 23:00,5.539,,,,
2846,9/16/20 0:00,5.565,,,,
2847,9/16/20 1:00,5.565,,,,
2848,9/16/20 2:00,5.539,,,,
2849,9/16/20 3:00,5.565,,,,
2850,9/16/20 4:00,5.539,,,,
2851,9/16/20 5:00,5.539,,,,
2852,9/16/20 6:00,5.514,,,,
2853,9/16/20 7:00,5.488,,,,
2854,9/16/20 8:00,5.488,,,,
2855,9/16/20 9:00,5.462,,,,
2856,9/16/20 10:00,5.488,,,,
2857,9/16/20 11:00,5.539,,,,
2858,9/16/20 12:00,5.616,,,,
2859,9/16/20 13:00,5.719,,,,
2860,9/16/20 14:00,5.872,,,,
2861,9/16/20 15:00,6.051,,,,
2862,9/16/20 16:00,6.128,,,,
2863,9/16/20 17:00,6.23,,,,
2864,9/16/20 18:00,6.204,,,,
2865,9/16/20 19:00,6.23,,,,
2866,9/16/20 20:00,6.179,,,,
2867,9/16/20 21:00,6.102,,,,
2868,9/16/20 22:00,6.026,,,,
2869,9/16/20 23:00,6,,,,
2870,9/17/20 0:00,5.949,,,,
2871,9/17/20 1:00,5.924,,,,
2872,9/17/20 2:00,5.898,,,,
2873,9/17/20 3:00,5.847,,,,
2874,9/17/20 4:00,5.821,,,,
2875,9/17/20 5:00,5.796,,,,
2876,9/17/20 6:00,5.745,,,,
2877,9/17/20 7:00,5.693,,,,
2878,9/17/20 8:00,5.642,,,,
2879,9/17/20 9:00,5.616,,,,
2880,9/17/20 10:00,5.616,,,,
2881,9/17/20 11:00,5.616,,,,
2882,9/17/20 12:00,5.616,,,,
2883,9/17/20 13:00,5.668,,,,
2884,9/17/20 14:00,5.77,,,,
2885,9/17/20 15:00,5.898,,,,
2886,9/17/20 16:00,5.975,,,,
2887,9/17/20 17:00,5.975,,,,
2888,9/17/20 18:00,6.026,,,,
2889,9/17/20 19:00,6.026,,,,
2890,9/17/20 20:00,5.975,,,,
2891,9/17/20 21:00,5.898,,,,
2892,9/17/20 22:00,5.872,,,,
2893,9/17/20 23:00,5.847,,,,
2894,9/18/20 0:00,5.847,,,,
2895,9/18/20 1:00,5.821,,,,
2896,9/18/20 2:00,5.796,,,,
2897,9/18/20 3:00,5.745,,,,
2898,9/18/20 4:00,5.693,,,,
2899,9/18/20 5:00,5.668,,,,
2900,9/18/20 6:00,5.616,,,,
2901,9/18/20 7:00,5.539,,,,
2902,9/18/20 8:00,5.462,,,,
2903,9/18/20 9:00,5.411,,,,
2904,9/18/20 10:00,5.385,,,,
2905,9/18/20 11:00,5.385,,,,
2906,9/18/20 12:00,5.411,,,,
2907,9/18/20 13:00,5.514,,,,
2908,9/18/20 14:00,5.642,,,,
2909,9/18/20 15:00,5.719,,,,
2910,9/18/20 16:00,5.821,,,,
2911,9/18/20 17:00,5.847,,,,
2912,9/18/20 18:00,5.847,,,,
2913,9/18/20 19:00,5.821,,,,
2914,9/18/20 20:00,5.77,,,,
2915,9/18/20 21:00,5.719,,,,
2916,9/18/20 22:00,5.693,,,,
2917,9/18/20 23:00,5.668,,,,
2918,9/19/20 0:00,5.668,,,,
2919,9/19/20 1:00,5.642,,,,
2920,9/19/20 2:00,5.616,,,,
2921,9/19/20 3:00,5.616,,,,
2922,9/19/20 4:00,5.591,,,,
2923,9/19/20 5:00,5.565,,,,
2924,9/19/20 6:00,5.539,,,,
2925,9/19/20 7:00,5.488,,,,
2926,9/19/20 8:00,5.437,,,,
2927,9/19/20 9:00,5.411,,,,
2928,9/19/20 10:00,5.385,,,,
2929,9/19/20 11:00,5.385,,,,
2930,9/19/20 12:00,5.437,,,,
2931,9/19/20 13:00,5.488,,,,
2932,9/19/20 14:00,5.565,,,,
2933,9/19/20 15:00,5.616,,,,
2934,9/19/20 16:00,5.693,,,,
2935,9/19/20 17:00,5.745,,,,
2936,9/19/20 18:00,5.745,,,,
2937,9/19/20 19:00,5.719,,,,
2938,9/19/20 20:00,5.642,,,,
2939,9/19/20 21:00,5.565,,,,
2940,9/19/20 22:00,5.514,,,,
2941,9/19/20 23:00,5.462,,,,
2942,9/20/20 0:00,5.437,,,,
2943,9/20/20 1:00,5.411,,,,
2944,9/20/20 2:00,5.36,,,,
2945,9/20/20 3:00,5.308,,,,
2946,9/20/20 4:00,5.257,,,,
2947,9/20/20 5:00,5.205,,,,
2948,9/20/20 6:00,5.128,,,,
2949,9/20/20 7:00,5.05,,,,
2950,9/20/20 8:00,4.947,,,,
2951,9/20/20 9:00,4.844,,,,
2952,9/20/20 10:00,4.792,,,,
2953,9/20/20 11:00,4.792,,,,
2954,9/20/20 12:00,4.895,,,,
2955,9/20/20 13:00,5.024,,,,
2956,9/20/20 14:00,5.128,,,,
2957,9/20/20 15:00,5.231,,,,
2958,9/20/20 16:00,5.257,,,,
2959,9/20/20 17:00,5.308,,,,
2960,9/20/20 18:00,5.334,,,,
2961,9/20/20 19:00,5.231,,,,
2962,9/20/20 20:00,5.154,,,,
2963,9/20/20 21:00,5.102,,,,
2964,9/20/20 22:00,5.076,,,,
2965,9/20/20 23:00,5.024,,,,
2966,9/21/20 0:00,4.973,,,,
2967,9/21/20 1:00,4.895,,,,
2968,9/21/20 2:00,4.818,,,,
2969,9/21/20 3:00,4.714,,,,
2970,9/21/20 4:00,4.61,,,,
2971,9/21/20 5:00,4.532,,,,
2972,9/21/20 6:00,4.402,,,,
2973,9/21/20 7:00,4.298,,,,
2974,9/21/20 8:00,4.194,,,,
2975,9/21/20 9:00,4.115,,,,
2976,9/21/20 10:00,4.089,,,,
2977,9/21/20 11:00,4.141,,,,
2978,9/21/20 12:00,4.272,,,,
2979,9/21/20 13:00,4.402,,,,
2980,9/21/20 14:00,4.532,,,,
2981,9/21/20 15:00,4.662,,,,
2982,9/21/20 16:00,4.766,,,,
2983,9/21/20 17:00,4.844,,,,
2984,9/21/20 18:00,4.844,,,,
2985,9/21/20 19:00,4.818,,,,
2986,9/21/20 20:00,4.74,,,,
2987,9/21/20 21:00,4.662,,,,
2988,9/21/20 22:00,4.584,,,,
2989,9/21/20 23:00,4.532,,,,
2990,9/22/20 0:00,4.48,,,,
2991,9/22/20 1:00,4.428,,,,
2992,9/22/20 2:00,4.35,,,,
2993,9/22/20 3:00,4.272,,,,
2994,9/22/20 4:00,4.194,,,,
2995,9/22/20 5:00,4.115,,,,
2996,9/22/20 6:00,4.037,,,,
2997,9/22/20 7:00,3.932,,,,
2998,9/22/20 8:00,3.801,,,,
2999,9/22/20 9:00,3.696,,,,
3000,9/22/20 10:00,3.617,,,,
3001,9/22/20 11:00,3.591,,,,
3002,9/22/20 12:00,3.67,,,,
3003,9/22/20 13:00,3.775,,,,
3004,9/22/20 14:00,3.88,,,,
3005,9/22/20 15:00,3.985,,,,
3006,9/22/20 16:00,4.089,,,,
3007,9/22/20 17:00,4.168,,,,
3008,9/22/20 18:00,4.194,,,,
3009,9/22/20 19:00,4.168,,,,
3010,9/22/20 20:00,4.115,,,,
3011,9/22/20 21:00,4.063,,,,
3012,9/22/20 22:00,3.958,,,,
3013,9/22/20 23:00,3.906,,,,
3014,9/23/20 0:00,3.854,,,,
3015,9/23/20 1:00,3.827,,,,
3016,9/23/20 2:00,3.827,,,,
3017,9/23/20 3:00,3.801,,,,
3018,9/23/20 4:00,3.801,,,,
3019,9/23/20 5:00,3.775,,,,
3020,9/23/20 6:00,3.749,,,,
3021,9/23/20 7:00,3.722,,,,
3022,9/23/20 8:00,3.722,,,,
3023,9/23/20 9:00,3.749,,,,
3024,9/23/20 10:00,3.775,,,,
3025,9/23/20 11:00,3.827,,,,
3026,9/23/20 12:00,3.932,,,,
3027,9/23/20 13:00,4.011,,,,
3028,9/23/20 14:00,4.115,,,,
3029,9/23/20 15:00,4.22,,,,
3030,9/23/20 16:00,4.324,,,,
3031,9/23/20 17:00,4.376,,,,
3032,9/23/20 18:00,4.428,,,,
3033,9/23/20 19:00,4.454,,,,
3034,9/23/20 20:00,4.454,,,,
3035,9/23/20 21:00,4.454,,,,
3036,9/23/20 22:00,4.454,,,,
3037,9/23/20 23:00,4.454,,,,
3038,9/24/20 0:00,4.48,,,,
3039,9/24/20 1:00,4.48,,,,
3040,9/24/20 2:00,4.506,,,,
3041,9/24/20 3:00,4.506,,,,
3042,9/24/20 4:00,4.506,,,,
3043,9/24/20 5:00,4.506,,,,
3044,9/24/20 6:00,4.506,,,,
3045,9/24/20 7:00,4.48,,,,
3046,9/24/20 8:00,4.454,,,,
3047,9/24/20 9:00,4.428,,,,
3048,9/24/20 10:00,4.454,,,,
3049,9/24/20 11:00,4.48,,,,
3050,9/24/20 12:00,4.558,,,,
3051,9/24/20 13:00,4.61,,,,
3052,9/24/20 14:00,4.636,,,,
3053,9/24/20 15:00,4.688,,,,
3054,9/24/20 16:00,4.714,,,,
3055,9/24/20 17:00,4.714,,,,
3056,9/24/20 18:00,4.74,,,,
3057,9/24/20 19:00,4.714,,,,
3058,9/24/20 20:00,4.688,,,,
3059,9/24/20 21:00,4.662,,,,
3060,9/24/20 22:00,4.636,,,,
3061,9/24/20 23:00,4.636,,,,
3062,9/25/20 0:00,4.636,,,,
3063,9/25/20 1:00,4.636,,,,
3064,9/25/20 2:00,4.61,,,,
3065,9/25/20 3:00,4.584,,,,
3066,9/25/20 4:00,4.558,,,,
3067,9/25/20 5:00,4.506,,,,
3068,9/25/20 6:00,4.454,,,,
3069,9/25/20 7:00,4.402,,,,
3070,9/25/20 8:00,4.376,,,,
3071,9/25/20 9:00,4.35,,,,
3072,9/25/20 10:00,4.35,,,,
3073,9/25/20 11:00,4.376,,,,
3074,9/25/20 12:00,4.428,,,,
3075,9/25/20 13:00,4.48,,,,
3076,9/25/20 14:00,4.558,,,,
3077,9/25/20 15:00,4.61,,,,
3078,9/25/20 16:00,4.688,,,,
3079,9/25/20 17:00,4.74,,,,
3080,9/25/20 18:00,4.74,,,,
3081,9/25/20 19:00,4.74,,,,
3082,9/25/20 20:00,4.74,,,,
3083,9/25/20 21:00,4.74,,,,
3084,9/25/20 22:00,4.714,,,,
3085,9/25/20 23:00,4.714,,,,
3086,9/26/20 0:00,4.688,,,,
3087,9/26/20 1:00,4.688,,,,
3088,9/26/20 2:00,4.662,,,,
3089,9/26/20 3:00,4.636,,,,
3090,9/26/20 4:00,4.584,,,,
3091,9/26/20 5:00,4.558,,,,
3092,9/26/20 6:00,4.532,,,,
3093,9/26/20 7:00,4.506,,,,
3094,9/26/20 8:00,4.454,,,,
3095,9/26/20 9:00,4.428,,,,
3096,9/26/20 10:00,4.376,,,,
3097,9/26/20 11:00,4.376,,,,
3098,9/26/20 12:00,4.376,,,,
3099,9/26/20 13:00,4.402,,,,
3100,9/26/20 14:00,4.48,,,,
3101,9/26/20 15:00,4.61,,,,
3102,9/26/20 16:00,4.688,,,,
3103,9/26/20 17:00,4.74,,,,
3104,9/26/20 18:00,4.714,,,,
3105,9/26/20 19:00,4.688,,,,
3106,9/26/20 20:00,4.61,,,,
3107,9/26/20 21:00,4.558,,,,
3108,9/26/20 22:00,4.48,,,,
3109,9/26/20 23:00,4.402,,,,
3110,9/27/20 0:00,4.35,,,,
3111,9/27/20 1:00,4.324,,,,
3112,9/27/20 2:00,4.272,,,,
3113,9/27/20 3:00,4.246,,,,
3114,9/27/20 4:00,4.168,,,,
3115,9/27/20 5:00,4.089,,,,
3116,9/27/20 6:00,4.037,,,,
3117,9/27/20 7:00,3.932,,,,
3118,9/27/20 8:00,3.854,,,,
3119,9/27/20 9:00,3.775,,,,
3120,9/27/20 10:00,3.749,,,,
3121,9/27/20 11:00,3.775,,,,
3122,9/27/20 12:00,3.854,,,,
3123,9/27/20 13:00,3.985,,,,
3124,9/27/20 14:00,4.115,,,,
3125,9/27/20 15:00,4.194,,,,
3126,9/27/20 16:00,4.22,,,,
3127,9/27/20 17:00,4.272,,,,
3128,9/27/20 18:00,4.272,,,,
3129,9/27/20 19:00,4.246,,,,
3130,9/27/20 20:00,4.194,,,,
3131,9/27/20 21:00,4.089,,,,
3132,9/27/20 22:00,4.011,,,,
3133,9/27/20 23:00,3.958,,,,
3134,9/28/20 0:00,3.932,,,,
3135,9/28/20 1:00,3.854,,,,
3136,9/28/20 2:00,3.801,,,,
3137,9/28/20 3:00,3.749,,,,
3138,9/28/20 4:00,3.696,,,,
3139,9/28/20 5:00,3.643,,,,
3140,9/28/20 6:00,3.591,,,,
3141,9/28/20 7:00,3.538,,,,
3142,9/28/20 8:00,3.512,,,,
3143,9/28/20 9:00,3.459,,,,
3144,9/28/20 10:00,3.433,,,,
3145,9/28/20 11:00,3.459,,,,
3146,9/28/20 12:00,3.538,,,,
3147,9/28/20 13:00,3.67,,,,
3148,9/28/20 14:00,3.775,,,,
3149,9/28/20 15:00,3.854,,,,
3150,9/28/20 16:00,3.906,,,,
3151,9/28/20 17:00,3.932,,,,
3152,9/28/20 18:00,4.011,,,,
3153,9/28/20 19:00,4.037,,,,
3154,9/28/20 20:00,4.037,,,,
3155,9/28/20 21:00,4.011,,,,
3156,9/28/20 22:00,3.985,,,,
3157,9/28/20 23:00,4.011,,,,
3158,9/29/20 0:00,3.985,,,,
3159,9/29/20 1:00,3.958,,,,
3160,9/29/20 2:00,3.958,,,,
3161,9/29/20 3:00,3.958,,,,
3162,9/29/20 4:00,3.958,,,,
3163,9/29/20 5:00,3.932,,,,
3164,9/29/20 6:00,3.854,,,,
3165,9/29/20 7:00,3.801,,,,
3166,9/29/20 8:00,3.749,,,,
3167,9/29/20 9:00,3.696,,,,
3168,9/29/20 10:00,3.696,,,,
3169,9/29/20 11:00,3.749,,,,
3170,9/29/20 12:00,3.854,,,,
3171,9/29/20 13:00,3.958,,,,
3172,9/29/20 14:00,4.115,,,,
3173,9/29/20 15:00,4.272,,,,
3174,9/29/20 16:00,4.35,,,,
3175,9/29/20 17:00,4.428,,,,
3176,9/29/20 18:00,4.428,,,,
3177,9/29/20 19:00,4.376,,,,
3178,9/29/20 20:00,4.324,,,,
3179,9/29/20 21:00,4.22,,,,
3180,9/29/20 22:00,4.141,,,,
3181,9/29/20 23:00,4.063,,,,
3182,9/30/20 0:00,4.011,,,,
3183,9/30/20 1:00,4.011,,,,
3184,9/30/20 2:00,3.985,,,,
3185,9/30/20 3:00,3.985,,,,
3186,9/30/20 4:00,3.985,,,,
3187,9/30/20 5:00,3.985,,,,
3188,9/30/20 6:00,4.011,,,,
3189,9/30/20 7:00,3.985,,,,
3190,9/30/20 8:00,3.958,,,,
3191,9/30/20 9:00,3.932,,,,
3192,9/30/20 10:00,3.958,,,,
3193,9/30/20 11:00,4.011,,,,
3194,9/30/20 12:00,4.115,,,,
3195,9/30/20 13:00,4.22,,,,
3196,9/30/20 14:00,4.272,,,,
3197,9/30/20 15:00,4.324,,,,
3198,9/30/20 16:00,4.376,,,,
3199,9/30/20 17:00,4.428,,,,
3200,9/30/20 18:00,4.48,,,,
3201,9/30/20 19:00,4.48,,,,
3202,9/30/20 20:00,4.454,,,,
3203,9/30/20 21:00,4.428,,,,
3204,9/30/20 22:00,4.428,,,,
3205,9/30/20 23:00,4.428,,,,
3206,10/1/20 0:00,4.428,,,,
3207,10/1/20 1:00,4.428,,,,
3208,10/1/20 2:00,4.428,,,,
3209,10/1/20 3:00,4.428,,,,
3210,10/1/20 4:00,4.402,,,,
3211,10/1/20 5:00,4.376,,,,
3212,10/1/20 6:00,4.324,,,,
3213,10/1/20 7:00,4.298,,,,
3214,10/1/20 8:00,4.246,,,,
3215,10/1/20 9:00,4.194,,,,
3216,10/1/20 10:00,4.168,,,,
3217,10/1/20 11:00,4.194,,,,
3218,10/1/20 12:00,4.298,,,,
3219,10/1/20 13:00,4.428,,,,
3220,10/1/20 14:00,4.558,,,,
3221,10/1/20 15:00,4.688,,,,
3222,10/1/20 16:00,4.792,,,,
3223,10/1/20 17:00,4.844,,,,
3224,10/1/20 18:00,4.869,,,,
3225,10/1/20 19:00,4.869,,,,
3226,10/1/20 20:00,4.818,,,,
3227,10/1/20 21:00,4.766,,,,
3228,10/1/20 22:00,4.714,,,,
3229,10/1/20 23:00,4.662,,,,
3230,10/2/20 0:00,4.662,,,,
3231,10/2/20 1:00,4.662,,,,
3232,10/2/20 2:00,4.688,,,,
3233,10/2/20 3:00,4.688,,,,
3234,10/2/20 4:00,4.636,,,,
3235,10/2/20 5:00,4.61,,,,
3236,10/2/20 6:00,4.584,,,,
3237,10/2/20 7:00,4.558,,,,
3238,10/2/20 8:00,4.506,,,,
3239,10/2/20 9:00,4.48,,,,
3240,10/2/20 10:00,4.48,,,,
3241,10/2/20 11:00,4.506,,,,
3242,10/2/20 12:00,4.61,,,,
3243,10/2/20 13:00,4.766,,,,
3244,10/2/20 14:00,14.816,,,,
3245,10/2/20 15:00,18.2,,,,
3246,10/2/20 16:00,22.561,,,,
3247,10/2/20 16:19,,,Logged,,
3248,10/2/20 16:20,,,,Logged,Logged